#C 2025 Widow Rockfish Update Assessment
#C file created using an r4ss function
#C file write time: 2025-12-03  10:11:21
#
1916 #_styr
2024 #_endyr
1 #_nseas
12 #_months_per_seas
2 #_Nsubseasons
1 #_spawn_month
2 #_Nsexes
40 #_Nages
1 #_N_areas
9 #_Nfleets
#_fleetinfo
#_type	surveytiming	area	units	need_catch_mult	fleetname
1	-1	1	1	0	BottomTrawl  	#_1
1	-1	1	1	0	MidwaterTrawl	#_2
1	-1	1	1	0	Hake         	#_3
1	-1	1	1	0	ignore1      	#_4
1	-1	1	1	0	ignore2      	#_5
3	 1	1	2	0	JuvSurvey    	#_6
3	 1	1	2	0	Triennial    	#_7
3	 1	1	2	0	WCGBTS       	#_8
3	 1	1	2	0	ForeignAtSea 	#_9
#_Catch data
#_year	season	fleet	catch	catch_se
 -999	1	1	        0	0.01	#_1         
 1916	1	1	    78.31	 0.1	#_2         
 1917	1	1	   121.85	 0.1	#_3         
 1918	1	1	  140.162	 0.1	#_4         
 1919	1	1	  96.7735	 0.1	#_5         
 1920	1	1	  99.0382	 0.1	#_6         
 1921	1	1	  82.0949	 0.1	#_7         
 1922	1	1	  71.2853	 0.1	#_8         
 1923	1	1	  78.3522	 0.1	#_9         
 1924	1	1	  50.4064	 0.1	#_10        
 1925	1	1	  62.4726	 0.1	#_11        
 1926	1	1	  94.9674	 0.1	#_12        
 1927	1	1	  78.8371	 0.1	#_13        
 1928	1	1	  89.7503	 0.1	#_14        
 1929	1	1	  87.3208	 0.1	#_15        
 1930	1	1	  113.101	 0.1	#_16        
 1931	1	1	  100.073	 0.1	#_17        
 1932	1	1	  100.213	 0.1	#_18        
 1933	1	1	  86.2964	 0.1	#_19        
 1934	1	1	   91.143	 0.1	#_20        
 1935	1	1	  98.0645	 0.1	#_21        
 1936	1	1	  109.681	 0.1	#_22        
 1937	1	1	  102.874	 0.1	#_23        
 1938	1	1	  82.9077	 0.1	#_24        
 1939	1	1	  75.9933	 0.1	#_25        
 1940	1	1	  120.617	 0.1	#_26        
 1941	1	1	   129.37	 0.1	#_27        
 1942	1	1	  145.094	 0.1	#_28        
 1943	1	1	   493.71	 0.1	#_29        
 1944	1	1	  965.471	 0.1	#_30        
 1945	1	1	  1635.31	 0.1	#_31        
 1946	1	1	  1169.54	 0.1	#_32        
 1947	1	1	  649.241	 0.1	#_33        
 1948	1	1	   484.57	 0.1	#_34        
 1949	1	1	  378.853	 0.1	#_35        
 1950	1	1	  432.355	 0.1	#_36        
 1951	1	1	  561.557	 0.1	#_37        
 1952	1	1	  553.828	 0.1	#_38        
 1953	1	1	  475.516	 0.1	#_39        
 1954	1	1	  453.571	 0.1	#_40        
 1955	1	1	  470.107	 0.1	#_41        
 1956	1	1	  610.384	 0.1	#_42        
 1957	1	1	   770.54	 0.1	#_43        
 1958	1	1	  712.815	 0.1	#_44        
 1959	1	1	  683.365	 0.1	#_45        
 1960	1	1	   822.63	 0.1	#_46        
 1961	1	1	  688.203	 0.1	#_47        
 1962	1	1	  770.558	 0.1	#_48        
 1963	1	1	  446.002	 0.1	#_49        
 1964	1	1	   611.04	 0.1	#_50        
 1965	1	1	  269.368	 0.1	#_51        
 1966	1	1	   4293.5	 0.1	#_52        
 1967	1	1	  4828.28	 0.1	#_53        
 1968	1	1	  2398.02	 0.1	#_54        
 1969	1	1	  849.074	 0.1	#_55        
 1970	1	1	   853.11	 0.1	#_56        
 1971	1	1	   1093.9	 0.1	#_57        
 1972	1	1	  922.032	 0.1	#_58        
 1973	1	1	  1162.69	 0.1	#_59        
 1974	1	1	  906.501	 0.1	#_60        
 1975	1	1	  845.951	 0.1	#_61        
 1976	1	1	  1197.66	 0.1	#_62        
 1977	1	1	  1043.99	 0.1	#_63        
 1978	1	1	  1425.63	 0.1	#_64        
 1979	1	1	   1880.3	 0.1	#_65        
 1980	1	1	  2924.23	 0.1	#_66        
 1981	1	1	  4994.45	 0.1	#_67        
 1982	1	1	  6278.39	 0.1	#_68        
 1983	1	1	  8560.93	 0.1	#_69        
 1984	1	1	  4396.86	 0.1	#_70        
 1985	1	1	  3851.95	 0.1	#_71        
 1986	1	1	  5174.16	 0.1	#_72        
 1987	1	1	  5875.02	 0.1	#_73        
 1988	1	1	  5381.67	 0.1	#_74        
 1989	1	1	  5913.61	 0.1	#_75        
 1990	1	1	  8079.19	 0.1	#_76        
 1991	1	1	  5796.48	 0.1	#_77        
 1992	1	1	   6158.8	 0.1	#_78        
 1993	1	1	  7995.77	 0.1	#_79        
 1994	1	1	  5387.43	 0.1	#_80        
 1995	1	1	   5684.7	 0.1	#_81        
 1996	1	1	  4979.79	 0.1	#_82        
 1997	1	1	  5213.18	 0.1	#_83        
 1998	1	1	  3616.46	 0.1	#_84        
 1999	1	1	   2271.9	 0.1	#_85        
 2000	1	1	  105.877	 0.1	#_86        
 2001	1	1	  72.5433	 0.1	#_87        
 2002	1	1	  20.3285	 0.1	#_88        
 2003	1	1	  6.13589	 0.1	#_89        
 2004	1	1	  13.9549	 0.1	#_90        
 2005	1	1	  8.67964	 0.1	#_91        
 2006	1	1	  9.75398	 0.1	#_92        
 2007	1	1	  32.9588	 0.1	#_93        
 2008	1	1	  8.06648	 0.1	#_94        
 2009	1	1	  26.1448	 0.1	#_95        
 2010	1	1	  24.8397	 0.1	#_96        
 2011	1	1	  22.2649	 0.1	#_97        
 2012	1	1	  46.1421	 0.1	#_98        
 2013	1	1	  56.7014	 0.1	#_99        
 2014	1	1	   84.968	 0.1	#_100       
 2015	1	1	  14.5635	 0.1	#_101       
 2016	1	1	  11.2925	 0.1	#_102       
 2017	1	1	  39.2538	 0.1	#_103       
 2018	1	1	  39.1503	 0.1	#_104       
 2019	1	1	  30.6469	 0.1	#_105       
 2020	1	1	  76.5859	 0.1	#_106       
 2021	1	1	  108.448	 0.1	#_107       
 2022	1	1	  136.362	 0.1	#_108       
 2023	1	1	  89.6501	 0.1	#_109       
 2024	1	1	  40.8738	 0.1	#_110       
 -999	1	2	        0	0.01	#_111       
 1916	1	2	        0	0.01	#_112       
 1917	1	2	        0	0.01	#_113       
 1918	1	2	        0	0.01	#_114       
 1919	1	2	        0	0.01	#_115       
 1920	1	2	        0	0.01	#_116       
 1921	1	2	        0	0.01	#_117       
 1922	1	2	        0	0.01	#_118       
 1923	1	2	        0	0.01	#_119       
 1924	1	2	        0	0.01	#_120       
 1925	1	2	        0	0.01	#_121       
 1926	1	2	        0	0.01	#_122       
 1927	1	2	        0	0.01	#_123       
 1928	1	2	        0	0.01	#_124       
 1929	1	2	        0	0.01	#_125       
 1930	1	2	        0	0.01	#_126       
 1931	1	2	        0	0.01	#_127       
 1932	1	2	        0	0.01	#_128       
 1933	1	2	        0	0.01	#_129       
 1934	1	2	0.0076276	 0.1	#_130       
 1935	1	2	        0	0.01	#_131       
 1936	1	2	        0	0.01	#_132       
 1937	1	2	        0	0.01	#_133       
 1938	1	2	        0	0.01	#_134       
 1939	1	2	        0	0.01	#_135       
 1940	1	2	        0	0.01	#_136       
 1941	1	2	        0	0.01	#_137       
 1942	1	2	        0	0.01	#_138       
 1943	1	2	        0	0.01	#_139       
 1944	1	2	        0	0.01	#_140       
 1945	1	2	        0	0.01	#_141       
 1946	1	2	        0	0.01	#_142       
 1947	1	2	        0	0.01	#_143       
 1948	1	2	        0	0.01	#_144       
 1949	1	2	  1.85649	 0.1	#_145       
 1950	1	2	        0	0.01	#_146       
 1951	1	2	        0	0.01	#_147       
 1952	1	2	        0	0.01	#_148       
 1953	1	2	        0	0.01	#_149       
 1954	1	2	        0	0.01	#_150       
 1955	1	2	        0	0.01	#_151       
 1956	1	2	        0	0.01	#_152       
 1957	1	2	        0	0.01	#_153       
 1958	1	2	        0	0.01	#_154       
 1959	1	2	        0	0.01	#_155       
 1960	1	2	        0	0.01	#_156       
 1961	1	2	        0	0.01	#_157       
 1962	1	2	        0	0.01	#_158       
 1963	1	2	        0	0.01	#_159       
 1964	1	2	        0	0.01	#_160       
 1965	1	2	        0	0.01	#_161       
 1966	1	2	        0	0.01	#_162       
 1967	1	2	        0	0.01	#_163       
 1968	1	2	        0	0.01	#_164       
 1969	1	2	        0	0.01	#_165       
 1970	1	2	        0	0.01	#_166       
 1971	1	2	        0	0.01	#_167       
 1972	1	2	        0	0.01	#_168       
 1973	1	2	        0	0.01	#_169       
 1974	1	2	        0	0.01	#_170       
 1975	1	2	        0	0.01	#_171       
 1976	1	2	        0	0.01	#_172       
 1977	1	2	        0	0.01	#_173       
 1978	1	2	        0	0.01	#_174       
 1979	1	2	  7572.72	 0.1	#_175       
 1980	1	2	  18710.2	 0.1	#_176       
 1981	1	2	  23021.7	 0.1	#_177       
 1982	1	2	  26022.4	 0.1	#_178       
 1983	1	2	  4359.03	 0.1	#_179       
 1984	1	2	  8198.23	 0.1	#_180       
 1985	1	2	  7499.95	 0.1	#_181       
 1986	1	2	  6960.55	 0.1	#_182       
 1987	1	2	  10426.3	 0.1	#_183       
 1988	1	2	  7790.89	 0.1	#_184       
 1989	1	2	  9891.12	 0.1	#_185       
 1990	1	2	  5191.16	 0.1	#_186       
 1991	1	2	  2406.37	 0.1	#_187       
 1992	1	2	   1731.3	 0.1	#_188       
 1993	1	2	  2673.55	 0.1	#_189       
 1994	1	2	  2539.56	 0.1	#_190       
 1995	1	2	  2689.78	 0.1	#_191       
 1996	1	2	  2244.02	 0.1	#_192       
 1997	1	2	  2870.95	 0.1	#_193       
 1998	1	2	  1051.01	 0.1	#_194       
 1999	1	2	  2404.62	 0.1	#_195       
 2000	1	2	  4283.68	 0.1	#_196       
 2001	1	2	  1983.19	 0.1	#_197       
 2002	1	2	  252.731	 0.1	#_198       
 2003	1	2	  14.1331	 0.1	#_199       
 2004	1	2	  37.1653	 0.1	#_200       
 2005	1	2	  46.3666	 0.1	#_201       
 2006	1	2	  46.9502	 0.1	#_202       
 2007	1	2	  23.6137	 0.1	#_203       
 2008	1	2	  79.0865	 0.1	#_204       
 2009	1	2	  95.8819	 0.1	#_205       
 2010	1	2	  71.9951	 0.1	#_206       
 2011	1	2	  59.7631	 0.1	#_207       
 2012	1	2	  62.3403	 0.1	#_208       
 2013	1	2	  268.454	 0.1	#_209       
 2014	1	2	  330.896	 0.1	#_210       
 2015	1	2	  480.079	 0.1	#_211       
 2016	1	2	   589.56	 0.1	#_212       
 2017	1	2	  4861.85	 0.1	#_213       
 2018	1	2	  9411.53	 0.1	#_214       
 2019	1	2	   8177.4	 0.1	#_215       
 2020	1	2	  7577.69	 0.1	#_216       
 2021	1	2	  10147.9	 0.1	#_217       
 2022	1	2	  10860.9	 0.1	#_218       
 2023	1	2	  10234.1	 0.1	#_219       
 2024	1	2	  9172.06	 0.1	#_220       
 -999	1	3	        0	0.01	#_221       
 1916	1	3	        0	0.01	#_222       
 1917	1	3	        0	0.01	#_223       
 1918	1	3	        0	0.01	#_224       
 1919	1	3	        0	0.01	#_225       
 1920	1	3	        0	0.01	#_226       
 1921	1	3	        0	0.01	#_227       
 1922	1	3	        0	0.01	#_228       
 1923	1	3	        0	0.01	#_229       
 1924	1	3	        0	0.01	#_230       
 1925	1	3	        0	0.01	#_231       
 1926	1	3	        0	0.01	#_232       
 1927	1	3	        0	0.01	#_233       
 1928	1	3	        0	0.01	#_234       
 1929	1	3	        0	0.01	#_235       
 1930	1	3	        0	0.01	#_236       
 1931	1	3	        0	0.01	#_237       
 1932	1	3	        0	0.01	#_238       
 1933	1	3	        0	0.01	#_239       
 1934	1	3	        0	0.01	#_240       
 1935	1	3	        0	0.01	#_241       
 1936	1	3	        0	0.01	#_242       
 1937	1	3	        0	0.01	#_243       
 1938	1	3	        0	0.01	#_244       
 1939	1	3	        0	0.01	#_245       
 1940	1	3	        0	0.01	#_246       
 1941	1	3	        0	0.01	#_247       
 1942	1	3	        0	0.01	#_248       
 1943	1	3	        0	0.01	#_249       
 1944	1	3	        0	0.01	#_250       
 1945	1	3	        0	0.01	#_251       
 1946	1	3	        0	0.01	#_252       
 1947	1	3	        0	0.01	#_253       
 1948	1	3	        0	0.01	#_254       
 1949	1	3	        0	0.01	#_255       
 1950	1	3	        0	0.01	#_256       
 1951	1	3	        0	0.01	#_257       
 1952	1	3	        0	0.01	#_258       
 1953	1	3	        0	0.01	#_259       
 1954	1	3	        0	0.01	#_260       
 1955	1	3	        0	0.01	#_261       
 1956	1	3	        0	0.01	#_262       
 1957	1	3	        0	0.01	#_263       
 1958	1	3	        0	0.01	#_264       
 1959	1	3	        0	0.01	#_265       
 1960	1	3	        0	0.01	#_266       
 1961	1	3	        0	0.01	#_267       
 1962	1	3	        0	0.01	#_268       
 1963	1	3	        0	0.01	#_269       
 1964	1	3	        0	0.01	#_270       
 1965	1	3	        0	0.01	#_271       
 1966	1	3	        0	0.01	#_272       
 1967	1	3	        0	0.01	#_273       
 1968	1	3	        0	0.01	#_274       
 1969	1	3	        0	0.01	#_275       
 1970	1	3	        0	0.01	#_276       
 1971	1	3	        0	0.01	#_277       
 1972	1	3	        0	0.01	#_278       
 1973	1	3	        0	0.01	#_279       
 1974	1	3	        0	0.01	#_280       
 1975	1	3	  30.7799	 0.1	#_281       
 1976	1	3	  130.235	 0.1	#_282       
 1977	1	3	  122.558	 0.1	#_283       
 1978	1	3	  195.445	 0.1	#_284       
 1979	1	3	  199.845	 0.1	#_285       
 1980	1	3	      272	 0.1	#_286       
 1981	1	3	   227.95	 0.1	#_287       
 1982	1	3	   157.51	 0.1	#_288       
 1983	1	3	   131.46	 0.1	#_289       
 1984	1	3	   294.74	 0.1	#_290       
 1985	1	3	   182.61	 0.1	#_291       
 1986	1	3	  258.153	 0.1	#_292       
 1987	1	3	  182.692	 0.1	#_293       
 1988	1	3	   231.61	 0.1	#_294       
 1989	1	3	   211.96	 0.1	#_295       
 1990	1	3	   230.18	 0.1	#_296       
 1991	1	3	  556.103	 0.1	#_297       
 1992	1	3	  448.271	 0.1	#_298       
 1993	1	3	  266.154	 0.1	#_299       
 1994	1	3	  583.667	 0.1	#_300       
 1995	1	3	  428.755	 0.1	#_301       
 1996	1	3	  733.226	 0.1	#_302       
 1997	1	3	  357.076	 0.1	#_303       
 1998	1	3	   587.21	 0.1	#_304       
 1999	1	3	  371.141	 0.1	#_305       
 2000	1	3	  284.015	 0.1	#_306       
 2001	1	3	  209.641	 0.1	#_307       
 2002	1	3	  158.583	 0.1	#_308       
 2003	1	3	  22.5667	 0.1	#_309       
 2004	1	3	    49.57	 0.1	#_310       
 2005	1	3	  144.412	 0.1	#_311       
 2006	1	3	  157.898	 0.1	#_312       
 2007	1	3	  193.101	 0.1	#_313       
 2008	1	3	  180.488	 0.1	#_314       
 2009	1	3	   135.35	 0.1	#_315       
 2010	1	3	  88.8804	 0.1	#_316       
 2011	1	3	  130.206	 0.1	#_317       
 2012	1	3	  164.413	 0.1	#_318       
 2013	1	3	  147.245	 0.1	#_319       
 2014	1	3	  307.587	 0.1	#_320       
 2015	1	3	    386.2	 0.1	#_321       
 2016	1	3	    440.8	 0.1	#_322       
 2017	1	3	   1455.2	 0.1	#_323       
 2018	1	3	   1081.3	 0.1	#_324       
 2019	1	3	  1101.55	 0.1	#_325       
 2020	1	3	  746.694	 0.1	#_326       
 2021	1	3	  617.298	 0.1	#_327       
 2022	1	3	  1119.03	 0.1	#_328       
 2023	1	3	  673.161	 0.1	#_329       
 2024	1	3	   533.84	 0.1	#_330       
 -999	1	4	        0	0.01	#_331       
 1916	1	4	        0	0.01	#_332       
 1917	1	4	        0	0.01	#_333       
 1918	1	4	        0	0.01	#_334       
 1919	1	4	        0	0.01	#_335       
 1920	1	4	        0	0.01	#_336       
 1921	1	4	        0	0.01	#_337       
 1922	1	4	        0	0.01	#_338       
 1923	1	4	        0	0.01	#_339       
 1924	1	4	        0	0.01	#_340       
 1925	1	4	        0	0.01	#_341       
 1926	1	4	        0	0.01	#_342       
 1927	1	4	        0	0.01	#_343       
 1928	1	4	        0	0.01	#_344       
 1929	1	4	        0	0.01	#_345       
 1930	1	4	        0	0.01	#_346       
 1931	1	4	        0	0.01	#_347       
 1932	1	4	        0	0.01	#_348       
 1933	1	4	        0	0.01	#_349       
 1934	1	4	        0	0.01	#_350       
 1935	1	4	        0	0.01	#_351       
 1936	1	4	        0	0.01	#_352       
 1937	1	4	        0	0.01	#_353       
 1938	1	4	        0	0.01	#_354       
 1939	1	4	        0	0.01	#_355       
 1940	1	4	        0	0.01	#_356       
 1941	1	4	        0	0.01	#_357       
 1942	1	4	        0	0.01	#_358       
 1943	1	4	        0	0.01	#_359       
 1944	1	4	        0	0.01	#_360       
 1945	1	4	        0	0.01	#_361       
 1946	1	4	        0	0.01	#_362       
 1947	1	4	        0	0.01	#_363       
 1948	1	4	        0	0.01	#_364       
 1949	1	4	        0	0.01	#_365       
 1950	1	4	        0	0.01	#_366       
 1951	1	4	        0	0.01	#_367       
 1952	1	4	        0	0.01	#_368       
 1953	1	4	        0	0.01	#_369       
 1954	1	4	        0	0.01	#_370       
 1955	1	4	        0	0.01	#_371       
 1956	1	4	        0	0.01	#_372       
 1957	1	4	        0	0.01	#_373       
 1958	1	4	        0	0.01	#_374       
 1959	1	4	        0	0.01	#_375       
 1960	1	4	        0	0.01	#_376       
 1961	1	4	        0	0.01	#_377       
 1962	1	4	        0	0.01	#_378       
 1963	1	4	        0	0.01	#_379       
 1964	1	4	        0	0.01	#_380       
 1965	1	4	        0	0.01	#_381       
 1966	1	4	        0	0.01	#_382       
 1967	1	4	        0	0.01	#_383       
 1968	1	4	        0	0.01	#_384       
 1969	1	4	        0	0.01	#_385       
 1970	1	4	        0	0.01	#_386       
 1971	1	4	        0	0.01	#_387       
 1972	1	4	        0	0.01	#_388       
 1973	1	4	        0	0.01	#_389       
 1974	1	4	        0	0.01	#_390       
 1975	1	4	        0	0.01	#_391       
 1976	1	4	        0	0.01	#_392       
 1977	1	4	        0	0.01	#_393       
 1978	1	4	        0	0.01	#_394       
 1979	1	4	        0	0.01	#_395       
 1980	1	4	        0	0.01	#_396       
 1981	1	4	        0	0.01	#_397       
 1982	1	4	        0	0.01	#_398       
 1983	1	4	        0	0.01	#_399       
 1984	1	4	        0	0.01	#_400       
 1985	1	4	        0	0.01	#_401       
 1986	1	4	        0	0.01	#_402       
 1987	1	4	        0	0.01	#_403       
 1988	1	4	        0	0.01	#_404       
 1989	1	4	        0	0.01	#_405       
 1990	1	4	        0	0.01	#_406       
 1991	1	4	        0	0.01	#_407       
 1992	1	4	        0	0.01	#_408       
 1993	1	4	        0	0.01	#_409       
 1994	1	4	        0	0.01	#_410       
 1995	1	4	        0	0.01	#_411       
 1996	1	4	        0	0.01	#_412       
 1997	1	4	        0	0.01	#_413       
 1998	1	4	        0	0.01	#_414       
 1999	1	4	        0	0.01	#_415       
 2000	1	4	        0	0.01	#_416       
 2001	1	4	        0	0.01	#_417       
 2002	1	4	        0	0.01	#_418       
 2003	1	4	        0	0.01	#_419       
 2004	1	4	        0	0.01	#_420       
 2005	1	4	        0	0.01	#_421       
 2006	1	4	        0	0.01	#_422       
 2007	1	4	        0	0.01	#_423       
 2008	1	4	        0	0.01	#_424       
 2009	1	4	        0	0.01	#_425       
 2010	1	4	        0	0.01	#_426       
 2011	1	4	        0	0.01	#_427       
 2012	1	4	        0	0.01	#_428       
 2013	1	4	        0	0.01	#_429       
 2014	1	4	        0	0.01	#_430       
 2015	1	4	        0	0.01	#_431       
 2016	1	4	        0	0.01	#_432       
 2017	1	4	        0	0.01	#_433       
 2018	1	4	        0	0.01	#_434       
 2019	1	4	        0	0.01	#_435       
 2020	1	4	        0	0.01	#_436       
 2021	1	4	        0	0.01	#_437       
 2022	1	4	        0	0.01	#_438       
 2023	1	4	        0	0.01	#_439       
 2024	1	4	        0	0.01	#_440       
 -999	1	5	        0	0.01	#_441       
 1916	1	5	        0	0.01	#_442       
 1917	1	5	        0	0.01	#_443       
 1918	1	5	        0	0.01	#_444       
 1919	1	5	        0	0.01	#_445       
 1920	1	5	        0	0.01	#_446       
 1921	1	5	        0	0.01	#_447       
 1922	1	5	        0	0.01	#_448       
 1923	1	5	        0	0.01	#_449       
 1924	1	5	        0	0.01	#_450       
 1925	1	5	        0	0.01	#_451       
 1926	1	5	        0	0.01	#_452       
 1927	1	5	        0	0.01	#_453       
 1928	1	5	        0	0.01	#_454       
 1929	1	5	        0	0.01	#_455       
 1930	1	5	        0	0.01	#_456       
 1931	1	5	        0	0.01	#_457       
 1932	1	5	        0	0.01	#_458       
 1933	1	5	        0	0.01	#_459       
 1934	1	5	        0	0.01	#_460       
 1935	1	5	        0	0.01	#_461       
 1936	1	5	        0	0.01	#_462       
 1937	1	5	        0	0.01	#_463       
 1938	1	5	        0	0.01	#_464       
 1939	1	5	        0	0.01	#_465       
 1940	1	5	        0	0.01	#_466       
 1941	1	5	        0	0.01	#_467       
 1942	1	5	        0	0.01	#_468       
 1943	1	5	        0	0.01	#_469       
 1944	1	5	        0	0.01	#_470       
 1945	1	5	        0	0.01	#_471       
 1946	1	5	        0	0.01	#_472       
 1947	1	5	        0	0.01	#_473       
 1948	1	5	        0	0.01	#_474       
 1949	1	5	        0	0.01	#_475       
 1950	1	5	        0	0.01	#_476       
 1951	1	5	        0	0.01	#_477       
 1952	1	5	        0	0.01	#_478       
 1953	1	5	        0	0.01	#_479       
 1954	1	5	        0	0.01	#_480       
 1955	1	5	        0	0.01	#_481       
 1956	1	5	        0	0.01	#_482       
 1957	1	5	        0	0.01	#_483       
 1958	1	5	        0	0.01	#_484       
 1959	1	5	        0	0.01	#_485       
 1960	1	5	        0	0.01	#_486       
 1961	1	5	        0	0.01	#_487       
 1962	1	5	        0	0.01	#_488       
 1963	1	5	        0	0.01	#_489       
 1964	1	5	        0	0.01	#_490       
 1965	1	5	        0	0.01	#_491       
 1966	1	5	        0	0.01	#_492       
 1967	1	5	        0	0.01	#_493       
 1968	1	5	        0	0.01	#_494       
 1969	1	5	        0	0.01	#_495       
 1970	1	5	        0	0.01	#_496       
 1971	1	5	        0	0.01	#_497       
 1972	1	5	        0	0.01	#_498       
 1973	1	5	        0	0.01	#_499       
 1974	1	5	        0	0.01	#_500       
 1975	1	5	        0	0.01	#_501       
 1976	1	5	        0	0.01	#_502       
 1977	1	5	        0	0.01	#_503       
 1978	1	5	        0	0.01	#_504       
 1979	1	5	        0	0.01	#_505       
 1980	1	5	        0	0.01	#_506       
 1981	1	5	        0	0.01	#_507       
 1982	1	5	        0	0.01	#_508       
 1983	1	5	        0	0.01	#_509       
 1984	1	5	        0	0.01	#_510       
 1985	1	5	        0	0.01	#_511       
 1986	1	5	        0	0.01	#_512       
 1987	1	5	        0	0.01	#_513       
 1988	1	5	        0	0.01	#_514       
 1989	1	5	        0	0.01	#_515       
 1990	1	5	        0	0.01	#_516       
 1991	1	5	        0	0.01	#_517       
 1992	1	5	        0	0.01	#_518       
 1993	1	5	        0	0.01	#_519       
 1994	1	5	        0	0.01	#_520       
 1995	1	5	        0	0.01	#_521       
 1996	1	5	        0	0.01	#_522       
 1997	1	5	        0	0.01	#_523       
 1998	1	5	        0	0.01	#_524       
 1999	1	5	        0	0.01	#_525       
 2000	1	5	        0	0.01	#_526       
 2001	1	5	        0	0.01	#_527       
 2002	1	5	        0	0.01	#_528       
 2003	1	5	        0	0.01	#_529       
 2004	1	5	        0	0.01	#_530       
 2005	1	5	        0	0.01	#_531       
 2006	1	5	        0	0.01	#_532       
 2007	1	5	        0	0.01	#_533       
 2008	1	5	        0	0.01	#_534       
 2009	1	5	        0	0.01	#_535       
 2010	1	5	        0	0.01	#_536       
 2011	1	5	        0	0.01	#_537       
 2012	1	5	        0	0.01	#_538       
 2013	1	5	        0	0.01	#_539       
 2014	1	5	        0	0.01	#_540       
 2015	1	5	        0	0.01	#_541       
 2016	1	5	        0	0.01	#_542       
 2017	1	5	        0	0.01	#_543       
 2018	1	5	        0	0.01	#_544       
 2019	1	5	        0	0.01	#_545       
 2020	1	5	        0	0.01	#_546       
 2021	1	5	        0	0.01	#_547       
 2022	1	5	        0	0.01	#_548       
 2023	1	5	        0	0.01	#_549       
 2024	1	5	        0	0.01	#_550       
-9999	0	0	        0	   0	#_terminator
#_CPUE_and_surveyabundance_observations
#_Units:  0=numbers; 1=biomass; 2=F; >=30 for special types
#_Errtype:  -1=normal; 0=lognormal; >0=T
#_SD_Report: 0=no sdreport; 1=enable sdreport
#_fleet	units	errtype	SD_report
1	1	0	0	#_BottomTrawl  
2	1	0	0	#_MidwaterTrawl
3	1	0	0	#_Hake         
4	1	0	0	#_ignore1      
5	1	0	0	#_ignore2      
6	0	0	0	#_JuvSurvey    
7	1	0	0	#_Triennial    
8	1	0	0	#_WCGBTS       
9	1	0	0	#_ForeignAtSea 
#
#_CPUE_data
#_year	month	index	obs	se_log
 1984	  7	1	 331.47	  0.2121	#_1         
 1985	  7	1	 100.88	  0.1875	#_2         
 1986	  7	1	 227.08	  0.2928	#_3         
 1987	  7	1	 169.08	   0.273	#_4         
 1988	  7	1	  93.97	  0.2897	#_5         
 1989	  7	1	  164.1	  0.1749	#_6         
 1990	  7	1	  78.49	  0.1348	#_7         
 1991	  7	1	  73.59	  0.1275	#_8         
 1992	  7	1	  83.16	  0.1179	#_9         
 1993	  7	1	  53.58	  0.1314	#_10        
 1994	  7	1	 100.34	  0.1128	#_11        
 1995	  7	1	 109.96	  0.1387	#_12        
 1996	  7	1	  94.81	  0.1357	#_13        
 1997	  7	1	  97.23	  0.1502	#_14        
 1998	  7	1	  56.56	  0.1718	#_15        
 1999	  7	1	  84.46	  0.1684	#_16        
 1983	  7	3	  2.889	  0.1202	#_17        
 1985	  7	3	  0.776	  0.1165	#_18        
 1986	  7	3	  0.823	  0.0809	#_19        
 1987	  7	3	   0.32	  0.0875	#_20        
 1988	  7	3	  0.659	  0.0774	#_21        
 1989	  7	3	  0.824	  0.0635	#_22        
 1990	  7	3	   0.71	   0.074	#_23        
 1991	  7	3	  1.264	  0.1251	#_24        
 1992	  7	3	  0.781	  0.1251	#_25        
 1993	  7	3	  0.801	  0.1038	#_26        
 1994	  7	3	  1.465	  0.0685	#_27        
 1995	  7	3	  0.455	  0.1057	#_28        
 1996	  7	3	  1.018	  0.0824	#_29        
 1997	  7	3	  0.886	  0.0767	#_30        
 1998	  7	3	   1.33	  0.0786	#_31        
 2004	  7	6	1050.31	0.319881	#_32        
 2005	  7	6	129.031	0.355274	#_33        
 2006	  7	6	1.39676	0.910768	#_34        
 2007	  7	6	4.36361	0.409429	#_35        
 2008	  7	6	109.644	0.270878	#_36        
 2009	  7	6	94.5025	0.232222	#_37        
 2011	  7	6	45.7681	 0.40405	#_38        
 2013	  7	6	11184.1	 1.15605	#_39        
 2014	  7	6	2192.81	0.323902	#_40        
 2015	  7	6	1309.04	0.812758	#_41        
 2016	  7	6	1891.68	 0.53933	#_42        
 2017	  7	6	53.5065	0.649031	#_43        
 2018	  7	6	31.9377	0.499883	#_44        
 2019	  7	6	36.0504	0.758332	#_45        
 2021	  7	6	155.051	0.394674	#_46        
 2022	  7	6	 332.75	0.376394	#_47        
 2023	  7	6	1437.49	 0.36215	#_48        
 2024	  7	6	634.118	0.271615	#_49        
 1980	7.6	7	7255.87	   0.732	#_50        
 1983	7.6	7	10838.7	    0.69	#_51        
 1986	7.6	7	5847.21	   0.774	#_52        
 1989	7.6	7	3884.95	   0.702	#_53        
 1992	7.6	7	7441.37	   0.707	#_54        
 1995	7.6	7	5885.03	   0.712	#_55        
 1998	7.6	7	9717.84	   0.696	#_56        
 2001	7.6	7	1980.62	   0.742	#_57        
 2004	7.6	7	1069.11	   0.853	#_58        
 2003	8.8	8	2380.93	0.437288	#_59        
 2004	8.8	8	1127.33	0.566769	#_60        
 2005	8.8	8	1251.85	0.432146	#_61        
 2006	8.8	8	1385.16	0.382061	#_62        
 2007	8.8	8	1771.36	 0.37526	#_63        
 2008	8.8	8	736.652	0.467442	#_64        
 2009	8.8	8	2363.69	0.350188	#_65        
 2010	8.8	8	2537.84	0.374528	#_66        
 2011	8.8	8	2886.43	0.348803	#_67        
 2012	8.8	8	1585.62	0.349064	#_68        
 2013	8.8	8	2464.46	0.486578	#_69        
 2014	8.8	8	 1932.8	0.361857	#_70        
 2015	8.8	8	1020.43	0.421295	#_71        
 2016	8.8	8	6766.12	0.308906	#_72        
 2017	8.8	8	2622.03	0.359145	#_73        
 2018	8.8	8	3946.14	0.333955	#_74        
 2019	8.8	8	3833.51	0.401287	#_75        
 2021	8.8	8	958.388	0.454211	#_76        
 2022	8.8	8	977.296	0.453754	#_77        
 2023	8.8	8	1647.48	0.354728	#_78        
 2024	8.8	8	3323.82	0.328962	#_79        
 1977	  7	9	   0.77	  0.1153	#_80        
 1978	  7	9	  1.205	  0.1118	#_81        
 1979	  7	9	  0.703	  0.1186	#_82        
 1980	  7	9	  1.993	  0.1311	#_83        
 1981	  7	9	  0.728	  0.1257	#_84        
 1982	  7	9	  0.243	  0.2467	#_85        
 1984	  7	9	  2.937	  0.1254	#_86        
 1985	  7	9	  0.407	  0.1074	#_87        
 1986	  7	9	  1.111	  0.1027	#_88        
 1987	  7	9	   0.39	  0.0881	#_89        
 1988	  7	9	  0.513	  0.1243	#_90        
-9999	  0	0	      0	       0	#_terminator
0 #_N_discard_fleets
#_discard_units (1=same_as_catchunits(bio/num); 2=fraction; 3=numbers)
#_discard_errtype:  >0 for DF of T-dist(read CV below); 0 for normal with CV; -1 for normal with se; -2 for lognormal
#
#_discard_fleet_info
#
#_discard_data
#
#_meanbodywt
0 #_use_meanbodywt
 #_DF_for_meanbodywt_T-distribution_like
#
#_population_length_bins
2 # length bin method: 1=use databins; 2=generate from binwidth,min,max below; 3=read vector
1 # binwidth for population size comp
6 # minimum size in the population (lower edge of first bin and size at age 0.00)
60 # maximum size in the population (lower edge of last bin)
1 #_use_lencomp
#
#_len_info
#_mintailcomp	addtocomp	combine_M_F	CompressBins	CompError	ParmSelect	minsamplesize
-1	1e-04	7	0	0	0	0.01	#_BottomTrawl  
-1	1e-04	7	0	0	0	0.01	#_MidwaterTrawl
-1	1e-04	7	0	0	0	0.01	#_Hake         
-1	1e-04	7	0	0	0	0.01	#_ignore1      
-1	1e-04	7	0	0	0	0.01	#_ignore2      
-1	1e-04	7	0	0	0	0.01	#_JuvSurvey    
-1	1e-04	7	0	0	0	0.01	#_Triennial    
-1	1e-04	7	0	0	0	0.01	#_WCGBTS       
-1	1e-04	7	0	0	0	0.01	#_ForeignAtSea 
25 #_N_lbins
#_lbin_vector
8 10 12 14 16 18 20 22 24 26 28 30 32 34 36 38 40 42 44 46 48 50 52 54 56 #_lbin_vector
#
#_lencomp
#_year	month	fleet	sex	part	Nsamp	f8	f10	f12	f14	f16	f18	f20	f22	f24	f26	f28	f30	f32	f34	f36	f38	f40	f42	f44	f46	f48	f50	f52	f54	f56	m8	m10	m12	m14	m16	m18	m20	m22	m24	m26	m28	m30	m32	m34	m36	m38	m40	m42	m44	m46	m48	m50	m52	m54	m56
 1976	  7	1	3	0	     14	     0	0	       0	   0	     0	     0	      0	       0	       0	          0	          0	          0	       4.08	      2.72	     7.04	     8.08	     6.96	     3.92	     1.92	     4.32	     2.32	        0	         0	          0	         0	     0	   0	      0	     0	       0	     0	       0	       0	         0	          0	         0	          0	      3.36	     6.32	      8.4	     9.44	    14.24	    13.28	     3.28	     0.32	         0	         0	          0	         0	         0	#_1         
 1977	  7	1	3	0	     31	     0	0	       0	   0	     0	     0	      0	       0	       0	          0	          0	          0	          0	         0	        0	     6.62	    12.64	    11.61	     8.26	     8.96	     6.82	     3.14	         0	          0	         0	     0	   0	      0	     0	       0	     0	       0	       0	         0	          0	         0	          0	         0	        0	     3.83	     8.45	      6.9	    17.47	     3.97	     1.34	         0	         0	          0	         0	         0	#_2         
 1978	  7	1	3	0	     91	     0	0	       0	   0	     0	     0	      0	       0	       0	          0	          0	          0	          0	      0.64	     1.32	     7.78	    10.36	      7.4	     9.99	      6.8	     4.86	     1.32	      0.05	          0	         0	     0	   0	      0	     0	       0	     0	       0	       0	         0	          0	         0	          0	      0.64	     0.05	     3.41	     8.07	    16.72	    10.46	     5.41	     1.74	       1.8	      1.22	          0	         0	         0	#_3         
 1979	  7	1	3	0	    163	     0	0	       0	   0	     0	     0	      0	       0	       0	          0	          0	       0.26	       0.08	      0.45	     1.57	     4.16	     11.6	    18.52	    13.87	    10.98	     6.53	     1.36	         0	       0.02	         0	     0	   0	      0	     0	       0	     0	       0	       0	         0	          0	         0	          0	         0	     0.34	      0.9	      6.8	    11.69	     8.33	     1.84	     0.02	      0.44	      0.25	          0	         0	         0	#_4         
 1980	  7	1	3	0	    252	     0	0	       0	   0	     0	     0	      0	       0	       0	          0	          0	          0	       0.24	      0.37	      0.9	     2.29	     5.57	    14.85	    16.43	    14.11	     4.76	     0.82	         0	          0	         0	     0	   0	      0	     0	       0	     0	       0	       0	         0	          0	         0	       0.04	       0.1	     0.57	     2.71	     7.41	       13	       12	     3.09	     0.57	      0.02	      0.17	          0	         0	         0	#_5         
 1981	  7	1	3	0	    309	     0	0	       0	   0	     0	     0	      0	       0	       0	          0	          0	       0.17	        0.9	      0.47	      2.9	     4.85	      6.5	    10.19	    13.32	    13.09	     6.09	     1.65	      0.11	          0	         0	     0	   0	      0	     0	       0	     0	       0	       0	         0	          0	      0.12	        0.5	      1.35	     1.29	     3.54	     7.65	    14.07	     8.32	     2.83	     0.04	      0.05	         0	          0	         0	         0	#_6         
 1982	  7	1	3	0	    499	     0	0	       0	   0	     0	     0	      0	       0	       0	          0	        0.1	       0.65	       1.62	      4.09	     3.31	     5.18	     6.21	     6.98	     7.76	    11.21	     6.84	     2.39	       1.1	        0.9	      0.01	     0	   0	      0	     0	       0	     0	       0	       0	         0	          0	      0.08	       0.46	      2.35	     4.64	     3.41	      7.8	    12.03	     8.14	     2.23	      0.4	       0.1	         0	          0	         0	         0	#_7         
 1983	  7	1	3	0	    455	     0	0	       0	   0	     0	     0	      0	       0	    0.04	       0.15	       0.55	       1.25	       3.34	      5.79	     5.09	     5.85	     6.33	     5.85	     7.88	     7.88	     4.83	     1.55	       0.7	       0.38	      0.01	     0	   0	      0	     0	       0	     0	       0	       0	      0.04	       0.13	      0.62	       2.42	      4.97	      5.7	     5.43	     6.53	     9.22	     5.82	     1.18	     0.43	      0.03	         0	          0	      0.01	         0	#_8         
 1984	  7	1	3	0	    859	     0	0	       0	   0	     0	     0	      0	       0	       0	          0	       0.09	       0.88	       3.62	      7.08	     9.51	     6.89	     4.47	     4.09	      3.6	      4.7	     2.87	     1.62	      0.37	       0.02	         0	     0	   0	      0	     0	       0	     0	       0	       0	         0	       0.01	      0.32	        1.5	      4.49	    11.95	     9.93	     7.36	     6.63	     5.37	      1.9	     0.58	      0.06	      0.08	          0	         0	         0	#_9         
 1985	  7	1	3	0	    804	     0	0	       0	   0	     0	     0	      0	       0	       0	       0.01	       0.16	       0.75	       2.25	      3.64	     7.31	    10.22	     8.28	     5.98	     4.27	     6.35	     3.55	     1.71	      0.37	       0.03	         0	     0	   0	      0	     0	       0	     0	       0	       0	         0	       0.09	      0.29	       1.21	      2.68	     6.52	     9.04	    10.69	     7.88	      4.8	      1.5	     0.41	      0.01	         0	          0	         0	         0	#_10        
 1986	  7	1	3	0	    629	     0	0	       0	   0	     0	     0	      0	       0	       0	       0.12	       0.56	        2.1	       2.14	      3.13	     4.46	     5.08	     8.42	     6.84	     4.26	     4.61	     4.57	      2.6	      1.59	       0.41	         0	     0	   0	      0	     0	       0	     0	       0	       0	      0.04	       0.09	       0.7	       1.97	      3.28	     6.47	     7.38	    13.57	     9.68	      4.5	     0.98	      0.4	      0.02	         0	          0	         0	         0	#_11        
 1987	  7	1	3	0	    399	     0	0	       0	   0	     0	     0	      0	       0	       0	       0.06	       0.43	       1.04	       1.98	      3.04	     4.49	     5.15	     8.81	     6.86	     6.07	     5.12	     2.85	     1.44	      0.25	       0.01	         0	     0	   0	      0	     0	       0	     0	       0	       0	      0.01	       0.16	      0.27	       1.52	      2.98	     3.52	     8.72	    12.31	     13.3	     7.42	     1.84	     0.29	      0.03	         0	          0	         0	         0	#_12        
 1988	  7	1	3	0	    406	     0	0	       0	   0	     0	     0	      0	       0	       0	       0.12	       0.68	       2.38	       4.03	      5.82	     7.66	     7.25	     6.49	     5.31	     5.59	     2.97	     2.38	     1.57	      0.42	       0.02	      0.01	     0	   0	      0	     0	       0	     0	       0	    0.04	         0	       0.04	      0.58	       2.93	      3.86	     6.92	    10.34	     9.57	     6.53	     4.39	     1.46	     0.41	      0.14	         0	       0.09	         0	         0	#_13        
 1989	  7	1	3	0	    530	     0	0	       0	   0	     0	     0	      0	       0	       0	       0.09	       0.13	        1.2	       2.22	      7.38	      7.9	     7.99	     6.75	     5.84	     4.35	     3.49	        2	     0.99	      0.57	       0.01	      0.05	     0	   0	      0	     0	       0	     0	    0.09	       0	         0	       0.08	      0.19	       1.47	      5.02	     9.72	     9.03	     9.89	     7.57	     3.92	     1.47	      0.5	      0.09	      0.02	          0	         0	         0	#_14        
 1990	  7	1	3	0	    568	     0	0	       0	   0	     0	     0	      0	    0.04	    0.01	       0.02	       0.04	        0.7	       1.97	      4.15	     7.98	     7.77	     8.07	     7.18	     4.59	     3.44	     2.25	     1.09	       0.3	       0.06	      0.05	     0	   0	      0	     0	       0	     0	       0	    0.04	         0	       0.02	      0.17	       0.87	       3.5	     7.78	    11.73	    11.76	     7.71	     4.44	     1.52	     0.54	      0.16	      0.05	          0	         0	      0.02	#_15        
 1991	  7	1	3	0	    736	     0	0	       0	   0	     0	     0	      0	       0	    0.02	       0.02	       0.41	       1.14	       1.44	      3.42	     4.74	      7.5	     8.44	     6.39	     6.23	     4.19	      2.8	      2.3	       0.8	       0.22	      0.01	     0	   0	      0	     0	       0	     0	       0	       0	         0	          0	      0.56	       2.27	       2.4	     4.92	     9.24	    13.07	    10.42	     4.87	     1.55	     0.56	      0.06	         0	       0.01	         0	         0	#_16        
 1992	  7	1	3	0	    796	     0	0	       0	   0	     0	     0	      0	       0	       0	       0.03	       0.16	        0.4	       1.36	      1.59	     3.61	     8.57	     9.27	     8.27	      8.5	      5.9	     3.36	     1.73	      0.82	       0.28	      0.09	     0	   0	      0	     0	       0	     0	       0	       0	      0.07	       0.07	      0.07	       0.81	      1.49	     3.31	     6.48	    10.47	    10.89	     8.15	     3.15	     0.97	      0.04	      0.04	       0.03	         0	         0	#_17        
 1993	  7	1	3	0	    781	     0	0	       0	   0	     0	     0	      0	       0	    0.02	       0.05	       0.16	       0.51	       1.58	      3.13	     4.68	     4.81	     6.56	     9.81	     8.68	     5.76	     4.23	     2.21	      1.23	       0.17	         0	     0	   0	      0	     0	       0	     0	       0	       0	      0.02	       0.03	      0.21	       1.19	      1.85	     5.27	     6.62	     8.73	    11.47	     6.84	     3.16	      0.7	      0.26	      0.05	          0	         0	         0	#_18        
 1994	  7	1	3	0	    613	     0	0	       0	   0	     0	     0	      0	       0	    0.02	       0.11	       0.25	       0.54	       1.27	      3.94	     6.75	     7.35	     7.04	     8.53	     7.86	     6.34	     4.54	     2.13	      0.86	       0.16	         0	     0	   0	      0	     0	       0	     0	       0	       0	         0	       0.11	      0.21	       0.56	      1.69	     4.61	     9.78	     8.63	     8.33	     5.24	     2.17	     0.64	      0.34	         0	          0	         0	         0	#_19        
 1995	  7	1	3	0	    593	     0	0	       0	   0	     0	     0	      0	    0.01	    0.01	       0.17	       0.62	       1.18	       1.16	      1.98	      4.7	      8.2	     8.98	      8.5	     5.93	     3.54	      2.1	      1.6	      0.25	       0.08	         0	     0	   0	      0	     0	       0	     0	       0	    0.01	         0	       0.03	      0.61	       1.14	      2.01	     4.06	    10.33	    13.59	    10.84	     5.63	     1.85	     0.75	      0.07	         0	       0.06	         0	         0	#_20        
 1996	  7	1	3	0	    495	     0	0	       0	   0	     0	     0	      0	       0	    0.11	       0.02	       0.22	       0.71	        2.3	      4.84	     5.92	     7.55	     9.45	     8.06	     6.23	     3.47	     3.46	     1.38	      0.39	       0.23	         0	     0	   0	      0	     0	       0	     0	       0	       0	         0	       0.03	      0.31	       0.68	      2.55	     6.12	     9.53	    10.18	    10.52	     3.64	     1.44	     0.36	      0.28	         0	          0	         0	         0	#_21        
 1997	  7	1	3	0	    650	     0	0	       0	   0	     0	     0	      0	       0	       0	       0.15	       0.12	       0.52	       1.76	      4.03	      7.2	     7.93	     7.37	     5.59	     5.35	     3.74	     2.38	     0.97	      0.46	       0.01	         0	     0	   0	      0	     0	       0	     0	       0	       0	         0	       0.02	      0.43	       0.71	      2.79	     9.28	    15.05	    11.47	     7.24	     4.09	     0.96	     0.19	      0.18	         0	          0	         0	         0	#_22        
 1998	  7	1	3	0	    557	     0	0	       0	   0	     0	     0	   0.02	    0.08	    0.02	          0	       0.19	       0.52	       1.29	       3.2	     5.69	     9.24	     8.46	     6.99	     4.72	      4.2	     2.64	     1.61	      0.56	       0.23	         0	     0	   0	      0	     0	       0	     0	    0.03	       0	         0	       0.06	      0.28	       0.91	      2.19	      4.4	    10.22	    15.11	    10.59	     4.03	     1.64	     0.56	      0.19	      0.12	          0	         0	         0	#_23        
 1999	  7	1	3	0	    513	     0	0	       0	   0	     0	     0	      0	       0	    0.08	       0.01	       0.37	       0.64	       3.05	      4.14	     6.62	     8.74	     9.13	     5.72	     3.41	     3.54	     1.25	      0.8	       0.2	       0.04	      0.01	     0	   0	      0	     0	       0	     0	       0	       0	      0.06	       0.35	      0.31	       0.83	      3.89	     7.36	    11.78	     13.5	     9.32	     3.45	     1.02	     0.28	      0.11	         0	          0	         0	         0	#_24        
 2000	  7	1	3	0	     67	     0	0	       0	   0	     0	     0	      0	       0	       0	          0	          0	       0.04	       0.28	      1.58	    11.31	     5.09	    16.28	    13.13	     8.19	     6.11	     2.36	      3.9	      1.17	          0	         0	     0	   0	      0	     0	       0	     0	       0	       0	         0	          0	         0	       0.15	      0.39	      3.6	     4.03	     8.54	      6.4	     7.23	     0.15	        0	         0	      0.06	          0	         0	         0	#_25        
 2001	  7	1	3	0	     52	     0	0	       0	   0	     0	     0	      0	       0	       0	          0	          0	       1.76	          0	      5.54	     5.71	    12.69	      4.5	     7.52	      3.1	     2.36	     0.52	     0.13	      0.67	          0	         0	     0	   0	      0	     0	       0	     0	       0	       0	         0	          0	         0	       3.52	      3.63	      9.3	     9.89	    13.64	     6.25	     6.53	     1.72	     0.88	       0.1	      0.03	          0	         0	         0	#_26        
 2002	  7	1	3	0	    125	     0	0	       0	   0	     0	     0	      0	       0	       0	       0.31	       0.88	       2.32	        7.2	      2.02	     4.54	     4.01	     7.89	     8.91	     3.24	     3.15	     2.77	     0.48	      0.33	       0.39	         0	     0	   0	      0	     0	       0	     0	       0	       0	         0	       0.23	      2.38	       3.99	      8.96	      3.3	     8.25	    10.57	     7.22	     4.94	     0.96	     0.58	      0.18	         0	          0	         0	         0	#_27        
 2003	  7	1	3	0	     46	     0	0	       0	   0	     0	     0	      0	    0.15	    0.41	       0.61	       0.78	       0.73	       3.49	      6.95	     6.48	     13.3	     6.17	     3.51	     1.86	     0.75	     0.04	        0	         0	          0	         0	     0	   0	      0	     0	       0	     0	       0	    0.15	       0.2	       1.42	      0.68	       0.73	      1.29	    13.31	    17.39	     9.61	     5.14	     2.91	     0.12	     0.61	      1.23	         0	          0	         0	         0	#_28        
 2004	  7	1	3	0	     13	     0	0	       0	   0	     0	     0	      0	       0	       0	          0	          0	          0	          0	      0.32	     5.56	     3.84	        0	      4.9	     9.49	    14.31	     3.84	     4.49	         0	          0	         0	     0	   0	      0	     0	       0	     0	       0	       0	         0	          0	         0	          0	         0	        0	     3.84	    18.54	     7.01	       13	    10.85	        0	         0	         0	          0	         0	         0	#_29        
 2005	  7	1	3	0	     16	     0	0	       0	   0	     0	     0	      0	       0	       0	          0	          0	          0	          0	      0.37	     0.37	     2.04	     8.53	     0.24	    32.25	     9.01	     0.39	     0.37	         0	          0	         0	     0	   0	      0	     0	       0	     0	       0	       0	         0	          0	         0	          0	         0	        0	     0.86	     1.55	    10.48	    33.16	        0	     0.37	         0	         0	          0	         0	         0	#_30        
 2006	  7	1	3	0	     31	     0	0	       0	   0	     0	     0	      0	       0	       0	          0	          0	          0	          0	         0	     6.74	    12.47	     13.9	     7.67	     6.31	     7.17	     2.82	     0.67	       0.3	          0	         0	     0	   0	      0	     0	       0	     0	       0	       0	         0	          0	         0	       0.67	       0.9	     2.94	     2.27	     7.55	    10.97	    10.72	     2.58	     0.63	      1.25	      1.46	          0	         0	         0	#_31        
 2007	  7	1	3	0	     84	     0	0	       0	   0	     0	     0	      0	       0	       0	          0	          0	          0	          0	      0.27	    30.53	     1.39	      3.6	    25.35	     8.34	     4.38	     2.83	      2.5	      1.01	       0.06	         0	     0	   0	      0	     0	       0	     0	       0	       0	         0	          0	         0	       0.13	         0	     0.21	      0.8	     2.56	     5.97	     5.94	     3.08	     0.86	      0.19	         0	          0	         0	         0	#_32        
 2008	  7	1	3	0	     77	     0	0	       0	   0	     0	     0	      0	       0	       0	          0	          0	          0	          0	      0.37	     0.64	     8.52	     5.29	     6.43	     10.3	     9.88	    10.19	     5.99	      1.96	       0.33	         0	     0	   0	      0	     0	       0	     0	       0	       0	         0	          0	         0	          0	         0	     0.94	     1.93	     6.61	      8.9	    11.31	     5.99	     2.79	      1.61	         0	          0	         0	         0	#_33        
 2009	  7	1	3	0	    112	     0	0	       0	   0	     0	     0	      0	       0	       0	          0	          0	          0	          0	      0.15	     1.13	     2.35	      5.9	    23.71	     7.86	     6.76	     5.76	     2.12	      0.66	       0.54	         0	     0	   0	      0	     0	       0	     0	       0	       0	         0	          0	         0	          0	         0	     0.48	     0.75	     5.47	     9.35	    16.42	     7.78	     2.27	      0.43	         0	          0	      0.11	         0	#_34        
 2010	  7	1	3	0	    116	     0	0	       0	   0	     0	     0	      0	       0	       0	          0	          0	          0	       0.04	      0.36	     0.96	     2.84	     8.46	    10.04	     7.47	     9.46	     8.17	     3.91	      2.27	       0.15	         0	     0	   0	      0	     0	       0	     0	       0	       0	         0	          0	         0	       0.49	      0.05	     0.79	     1.19	     3.12	    13.24	    14.08	     9.29	     2.66	      0.94	      0.01	       0.01	         0	         0	#_35        
 2011	  7	1	3	0	     80	     0	0	       0	   0	     0	     0	      0	       0	    0.03	          0	       0.08	       0.55	       0.19	      1.75	     1.38	     2.58	     2.23	     4.71	     14.8	    15.99	     4.66	     4.74	      3.95	       0.59	         0	     0	   0	      0	     0	       0	     0	       0	       0	         0	          0	      0.08	       0.59	      1.14	     1.24	     1.15	     6.84	     5.38	    12.32	     6.98	     3.85	      1.48	      0.36	       0.36	         0	         0	#_36        
 2012	  7	1	3	0	    114	     0	0	       0	   0	     0	     0	      0	       0	    0.03	          0	        0.2	       0.65	       0.35	      0.93	     0.86	     2.25	     2.31	      8.3	    13.42	    19.42	      9.1	     5.27	      0.58	       0.53	      0.01	     0	   0	      0	     0	       0	     0	       0	       0	         0	       0.22	      0.11	       0.28	      0.95	     0.79	     0.86	     3.91	     8.23	    10.25	     8.09	     1.98	      0.11	         0	          0	         0	         0	#_37        
 2013	  7	1	3	0	    118	     0	0	       0	   0	     0	     0	      0	       0	       0	          0	       1.52	       1.41	       2.84	      1.08	     1.66	     3.43	     6.05	     4.98	     9.24	    26.85	     9.18	     2.47	      0.34	       0.13	         0	     0	   0	      0	     0	       0	     0	       0	    0.01	         0	          0	      0.98	       3.17	       2.2	     2.42	     0.69	     5.54	     3.51	     6.55	     2.12	     1.39	      0.12	      0.12	          0	         0	         0	#_38        
 2014	  7	1	3	0	    118	     0	0	       0	   0	     0	     0	      0	       0	       0	       0.02	       0.05	        0.1	       1.82	      1.74	     2.96	     6.13	     6.39	      7.8	     8.82	    12.01	     4.85	     3.71	      0.92	          0	         0	     0	   0	      0	     0	       0	     0	       0	       0	         0	          0	      0.13	       0.29	       0.4	     7.28	     3.22	     5.44	    10.66	     8.92	     5.74	      0.6	         0	         0	          0	         0	         0	#_39        
 2015	  7	1	3	0	     65	     0	0	       0	   0	     0	     0	      0	       0	       0	          1	          4	       7.75	       2.63	     16.14	    18.77	    70.86	    33.54	    10.43	        5	      5.3	        1	        0	         0	          0	         0	     0	   0	      0	     0	       0	     0	       0	       1	         1	          7	      7.25	      10.42	     14.92	     42.2	    43.56	    26.84	    32.88	        0	      7.3	        0	         0	         0	          0	         0	         0	#_40        
 2016	  7	1	3	0	     63	     0	0	       0	   0	     0	     0	      0	       0	       1	       4.92	       9.02	       5.05	      10.94	     18.02	    56.17	    92.47	   114.04	   209.89	   145.72	   105.63	   105.73	        0	         0	          0	         0	     0	   0	      0	     0	       0	     0	       0	       0	         1	        5.9	      7.87	      11.12	     36.66	    66.51	    86.28	    79.03	    70.99	    37.09	        0	        0	         0	         0	          0	         0	         0	#_41        
 2017	  7	1	3	0	    226	     0	0	       0	   0	     0	     0	      0	   32.53	   66.06	      212.5	     754.95	     638.05	      718.5	   4821.75	    18682	  20513.2	  11827.5	  11798.7	  10123.4	  3466.45	   311.23	    61.55	         0	          0	         0	     0	   0	      0	     0	       0	     0	    13.8	       2	    415.25	     571.56	    1954.6	    5806.77	   17845.2	  25310.4	  18098.4	  11444.5	  5126.34	   205.19	   595.39	     1.86	         0	         0	          0	         0	         0	#_42        
 2018	  7	1	3	0	    176	     0	0	       0	   0	     0	     0	      0	       0	       0	          0	       3.05	      40.63	      32.44	     21.03	   125.76	   281.26	   234.62	   183.79	   147.93	    66.77	    74.69	        2	         0	          1	         0	     0	   0	      0	     0	       0	     0	       0	       0	         3	       9.05	     21.05	      42.66	     316.1	   443.42	   514.39	   243.35	    47.06	    11.63	     6.63	        1	         0	         0	          0	         0	         0	#_43        
 2019	  7	1	3	0	189.064	     0	0	       0	   0	     0	     0	      0	       0	       0	      6.888	    23.0625	    14.7759	     582.12	   1357.42	  1818.41	  2557.82	   9510.1	  6674.27	  3815.34	  3089.03	  1015.15	   647.22	   61.6414	          0	         0	     0	   0	      0	     0	       0	     0	       0	       0	         1	     9.7934	     6.888	    23.8976	   947.438	  2443.02	  5103.62	  12261.5	   7123.8	  2639.58	   1071.5	  31.1979	    8.0878	         0	          0	         0	         0	#_44        
 2019	  7	1	0	0	 11.692	     0	0	       0	   0	     0	     0	      0	       0	       0	          0	          0	          0	          0	         1	        2	        7	        4	       12	        6	        1	        1	        0	         0	          0	         0	     0	   0	      0	     0	       0	     0	       0	       0	         0	          0	         0	          0	         0	        0	        0	        0	        0	        0	        0	        0	         0	         0	          0	         0	         0	#_45        
 2020	  7	1	3	0	114.178	     0	0	       0	   0	     0	     0	      0	       0	       0	          0	     2.2196	     5.5056	    125.809	   560.795	   488.63	  664.641	  1231.33	  1260.87	  1383.18	  764.932	  416.049	  57.3534	   106.117	          0	         0	     0	   0	      0	     0	       0	     0	       0	       0	         0	          0	   207.612	    15.3245	   161.895	  170.105	  594.126	  1030.38	  670.138	  558.305	  253.819	  67.8591	   17.9007	    8.2115	          0	         0	   106.117	#_46        
 2020	  7	1	0	0	 45.982	     0	0	       0	   0	     0	     0	      0	       0	       0	          0	          0	          0	          1	         6	  57.7998	  161.287	  284.699	  159.202	  88.8849	  18.4141	        7	        1	         0	          0	         0	     0	   0	      0	     0	       0	     0	       0	       0	         0	          0	         0	          0	         0	        0	        0	        0	        0	        0	        0	        0	         0	         0	          0	         0	         0	#_47        
 2021	  7	1	3	0	197.346	     0	0	       0	   0	     0	     0	      0	       0	       0	    30.2336	    34.4659	    44.1741	     277.57	   1751.79	  1764.78	  4749.19	  7439.56	  7714.08	  7265.72	  3908.59	  1875.73	  263.315	    4.3556	          0	         0	     0	   0	      0	     0	       0	     0	       0	       0	   30.2336	    30.2336	    8.4644	    358.352	   1165.62	  1582.71	  8543.39	  19640.4	  12627.4	  4288.48	  1275.93	  307.282	         1	    1.0949	          0	    1.0111	         0	#_48        
 2021	  7	1	0	0	 14.246	     0	0	       0	   0	     0	     0	      0	       0	       0	          0	          0	          0	          1	         3	       12	       23	       17	        3	        4	        2	        1	        0	         1	          0	         0	     0	   0	      0	     0	       0	     0	       0	       0	         0	          0	         0	          0	         0	        0	        0	        0	        0	        0	        0	        0	         0	         0	          0	         0	         0	#_49        
 2022	  7	1	3	0	 86.066	     0	0	       0	   0	     0	     0	      0	       0	       0	      8.642	          0	    18.5772	    214.061	   2009.86	  2492.55	  1711.77	  1970.89	  2250.06	  1571.51	  798.795	  420.365	  186.852	   25.4021	    13.7697	         0	     0	   0	      0	     0	       0	     0	       0	       0	         0	          0	    5.0222	     38.552	   120.178	  1811.32	  3965.41	  3988.13	  3229.65	  532.021	  487.434	  23.5935	   42.6012	         0	    13.7697	         0	         0	#_50        
 2023	  7	1	3	0	 97.518	     0	0	       0	   0	     0	     0	      0	       0	       0	          0	          0	          0	    142.298	   1185.57	  1586.05	  1119.76	  1953.76	  4355.67	  3377.42	  1423.41	  342.267	  27.1957	      2.32	          0	         0	     0	   0	      0	     0	       0	     0	       0	       0	         0	     7.9795	         0	    142.298	   258.897	  953.942	  1838.71	  793.457	  539.972	  942.931	  493.932	  168.522	    1.0119	   39.6319	     9.7475	         0	         0	#_51        
 2024	  7	1	3	0	137.152	     0	0	       0	   0	     0	     0	      0	       0	       0	          0	          0	    12.0775	    27.2149	   98.1393	  381.699	  605.393	  1658.74	  543.351	   367.02	  463.905	  418.828	  135.547	         0	          0	         0	     0	   0	      0	     0	       0	     0	       0	       0	         0	          0	   27.0492	    36.2324	   59.8884	    281.8	  441.255	  1071.88	  886.679	  181.841	  149.704	  26.1621	   11.0444	         0	          0	         0	         0	#_52        
 1979	  7	2	3	0	     39	     0	0	       0	   0	     0	     0	      0	       0	       0	          0	          0	          0	          0	      1.49	     1.51	      7.4	    17.19	     10.1	     3.21	     1.91	     0.71	      0.5	         0	          0	         0	     0	   0	      0	     0	       0	     0	       0	       0	         0	          0	         0	          0	         0	     2.29	     9.36	    23.07	    11.96	     7.09	      1.7	        0	       0.5	         0	          0	         0	         0	#_53        
 1980	  7	2	3	0	    367	     0	0	       0	   0	     0	     0	      0	       0	       0	          0	       0.02	          0	       0.27	      0.68	      1.5	     3.32	     9.23	    16.67	     10.2	     4.19	      3.4	     1.51	      0.26	       0.01	         0	     0	   0	      0	     0	       0	     0	       0	       0	         0	          0	         0	          0	      0.33	     1.19	     5.46	    16.28	    15.53	     7.23	     1.93	      0.6	      0.15	      0.05	          0	         0	         0	#_54        
 1981	  7	2	3	0	    896	     0	0	       0	   0	     0	     0	      0	       0	       0	          0	       0.07	       0.48	       1.07	      1.32	      2.9	     5.62	     6.11	    10.69	    13.43	     6.79	     2.72	     1.12	      0.23	       0.01	         0	     0	   0	      0	     0	       0	     0	       0	       0	         0	          0	      0.13	       0.62	      2.32	     3.52	     6.36	    14.16	    12.87	      6.1	     1.17	     0.19	      0.01	         0	          0	         0	         0	#_55        
 1982	  7	2	3	0	   1228	     0	0	       0	   0	     0	     0	   0.01	    0.01	    0.33	       0.33	       0.38	       1.01	       2.39	      3.71	     3.45	     3.76	     5.25	     7.43	    11.22	      8.2	     4.39	     1.49	      0.23	       0.04	         0	  0.02	   0	      0	     0	       0	     0	    0.01	     0.1	       0.3	       0.29	      0.44	       1.51	      3.37	     5.04	     4.39	     8.33	    12.59	     7.76	     1.76	     0.39	      0.06	      0.01	          0	         0	         0	#_56        
 1983	  7	2	3	0	    642	     0	0	       0	   0	     0	     0	      0	       0	    0.03	       0.32	       1.14	       4.62	       8.85	     10.55	     6.03	     3.51	     1.93	     2.09	     3.63	     3.41	     1.75	     0.82	      0.48	       0.22	      0.02	     0	   0	      0	     0	       0	     0	       0	       0	         0	       0.22	      1.93	       5.74	     10.61	    10.28	     6.61	     3.58	     5.18	     3.61	     2.33	     0.39	      0.13	      0.01	          0	         0	         0	#_57        
 1984	  7	2	3	0	    600	     0	0	       0	   0	     0	     0	      0	       0	       0	          0	       0.08	       0.87	       4.85	     10.03	    11.46	     6.74	     3.17	     3.02	      5.2	     5.16	     2.58	     0.93	      0.18	       0.04	      0.01	     0	   0	      0	     0	       0	     0	       0	       0	         0	          0	      0.08	       1.57	       5.6	    12.38	    10.41	     5.19	     4.99	     3.99	     1.14	     0.24	      0.06	      0.02	          0	         0	         0	#_58        
 1985	  7	2	3	0	    698	     0	0	       0	   0	     0	     0	      0	       0	    0.01	       0.01	        0.5	       2.51	       4.45	      6.16	    10.34	     9.81	     5.41	     2.53	     2.36	     2.25	      1.4	     0.99	      0.18	       0.02	         0	     0	   0	      0	     0	       0	     0	       0	       0	         0	       0.03	      0.67	       2.96	      5.02	    11.25	    15.58	     8.63	     3.64	     2.36	     0.72	     0.15	      0.03	      0.04	          0	         0	         0	#_59        
 1986	  7	2	3	0	    776	     0	0	       0	   0	     0	     0	      0	       0	       0	          0	       0.15	       0.91	        3.1	      5.89	      8.1	     8.34	    10.12	     6.93	     2.54	     2.45	     2.05	     1.46	      0.38	       0.05	         0	     0	   0	      0	     0	       0	     0	       0	       0	         0	       0.05	      0.04	       1.25	      3.21	     8.06	    10.23	    12.92	     6.87	     2.75	     1.51	     0.46	      0.14	      0.04	          0	         0	         0	#_60        
 1987	  7	2	3	0	    945	     0	0	       0	   0	     0	     0	      0	       0	       0	          0	       0.29	       1.34	        3.3	      5.54	     9.58	     9.11	     7.75	     5.91	     3.45	      1.8	     1.51	     0.97	      0.43	       0.02	      0.01	     0	   0	      0	     0	       0	     0	       0	       0	         0	          0	      0.16	       1.58	      5.43	    10.44	     11.8	     9.55	     5.89	     2.21	     1.42	     0.33	      0.09	      0.03	          0	         0	      0.04	#_61        
 1988	  7	2	3	0	    525	     0	0	       0	   0	     0	     0	      0	       0	       0	       0.04	       0.35	        0.9	       2.58	      7.09	    10.53	     9.17	     6.74	     4.97	     2.74	     2.44	     0.66	     1.16	      0.19	       0.01	         0	     0	   0	      0	     0	       0	     0	       0	       0	         0	       0.06	      0.08	       1.33	      2.86	    10.77	    13.11	    12.83	     5.35	     2.24	      1.4	     0.28	      0.03	      0.04	       0.05	         0	         0	#_62        
 1989	  7	2	3	0	    661	     0	0	       0	   0	     0	     0	      0	       0	       0	          0	       0.24	       0.88	       2.79	      6.71	     9.38	     9.79	      8.6	     5.03	     3.04	     1.33	     0.82	     0.58	      0.24	       0.09	         0	     0	   0	      0	     0	       0	     0	       0	       0	         0	          0	      0.03	       1.25	      3.27	     8.71	    12.62	    14.01	     7.05	     2.52	     0.72	     0.31	         0	         0	          0	         0	         0	#_63        
 1990	  7	2	3	0	    751	     0	0	       0	   0	     0	     0	      0	       0	       0	          0	          0	       0.02	        0.5	      2.61	     4.76	     9.73	    11.61	    10.72	     6.85	      3.1	     1.15	     0.46	      0.15	          0	      0.05	     0	   0	      0	     0	       0	     0	       0	       0	         0	          0	      0.01	       0.06	       1.2	     4.24	     11.2	    14.36	    12.33	     3.44	      1.1	     0.24	       0.1	         0	          0	         0	         0	#_64        
 1991	  7	2	3	0	    455	     0	0	       0	   0	     0	     0	      0	       0	       0	          0	          0	       0.08	       0.63	      1.88	     5.14	     9.38	    10.64	     9.06	     6.93	     2.92	     1.49	     1.13	      0.29	       0.19	      0.01	     0	   0	      0	     0	       0	     0	       0	       0	         0	          0	         0	          0	      0.72	     4.53	     8.71	    13.96	    13.06	     6.51	     1.98	     0.57	      0.11	      0.07	          0	         0	         0	#_65        
 1992	  7	2	3	0	    396	     0	0	       0	   0	     0	     0	      0	       0	       0	          0	       1.76	        6.8	       9.12	      4.38	     5.14	     5.41	     4.94	     4.75	     3.03	     1.95	     0.31	      0.5	      0.05	          0	         0	     0	   0	      0	     0	       0	     0	       0	       0	      0.06	       0.29	      4.42	       9.35	      5.58	     8.52	     5.68	     8.23	     6.07	     2.33	     1.09	     0.21	      0.03	         0	          0	         0	         0	#_66        
 1993	  7	2	3	0	    296	     0	0	       0	   0	     0	     0	      0	       0	       0	          0	          0	        0.1	       1.62	      3.48	     6.03	     6.33	      7.1	        8	     7.94	     6.26	     3.74	     1.05	         0	       0.07	         0	     0	   0	      0	     0	       0	     0	       0	       0	         0	          0	         0	       0.42	      2.37	     5.95	      7.5	    10.01	     12.6	     7.39	     1.49	     0.55	         0	         0	          0	         0	         0	#_67        
 1994	  7	2	3	0	    247	     0	0	       0	   0	     0	     0	      0	       0	       0	       0.03	       0.07	       0.51	       1.25	      5.81	     7.57	     8.59	     7.52	     7.25	     5.18	     3.18	     1.34	     0.44	      0.06	          0	         0	     0	   0	      0	     0	       0	     0	       0	       0	         0	       0.03	      0.06	       0.68	      3.09	     9.07	    13.41	    10.94	     8.52	      3.6	     1.27	      0.5	      0.04	      0.02	          0	         0	         0	#_68        
 1995	  7	2	3	0	    263	     0	0	       0	   0	     0	     0	      0	       0	       0	       0.03	       0.08	       0.31	       1.16	      1.67	     4.17	     8.85	     9.07	     6.49	     7.21	     6.76	     3.66	     0.76	      0.02	          0	         0	     0	   0	      0	     0	       0	     0	       0	       0	         0	       0.02	      0.12	       0.52	      1.15	      3.8	     9.59	     14.3	    10.89	     7.35	     1.34	     0.28	      0.38	         0	          0	         0	      0.03	#_69        
 1996	  7	2	3	0	    229	     0	0	       0	   0	     0	     0	      0	       0	    0.05	       0.15	       0.28	        1.1	       3.57	       5.9	        8	     6.66	     6.13	     5.61	     3.49	     3.74	     2.35	     0.44	      0.49	       0.24	         0	     0	   0	      0	     0	       0	     0	       0	       0	      0.06	       0.03	         1	       2.09	      4.81	     7.17	    10.58	    12.05	     6.63	     3.95	     2.13	      0.9	      0.39	         0	          0	         0	         0	#_70        
 1997	  7	2	3	0	    311	     0	0	       0	   0	     0	     0	      0	       0	       0	          0	       0.21	       0.34	       2.98	      7.11	     8.39	     8.41	     6.03	     3.41	     4.89	     2.36	     1.42	     0.58	      0.19	          0	         0	     0	   0	      0	     0	       0	     0	       0	       0	         0	       0.04	      0.02	       1.28	      3.92	    11.12	    14.98	    11.65	     6.82	     2.82	     0.84	     0.17	         0	      0.02	          0	         0	         0	#_71        
 1998	  7	2	3	0	    134	     0	0	       0	   0	     0	     0	      0	       0	       0	          0	          0	       0.07	        1.4	      3.61	    11.24	     8.64	     7.22	     6.09	      4.3	     2.81	     1.05	     1.22	       0.1	          0	         0	     0	   0	      0	     0	       0	     0	       0	       0	         0	          0	         0	       0.28	         3	     7.68	    12.24	     16.1	      8.9	      3.3	      0.5	     0.11	      0.08	      0.05	          0	         0	         0	#_72        
 1999	  7	2	3	0	    205	     0	0	       0	   0	     0	     0	      0	       0	       0	       0.25	       0.07	       0.51	       2.71	      4.96	     6.37	     8.94	    12.37	     5.86	     4.48	     2.43	     0.64	      0.3	      0.05	       0.24	         0	     0	   0	      0	     0	       0	     0	       0	       0	         0	          0	      0.23	        1.1	      2.36	     7.38	    12.85	    15.53	     8.04	     1.78	     0.47	     0.02	         0	         0	       0.02	      0.02	         0	#_73        
 2000	  7	2	3	0	    456	     0	0	       0	   0	     0	     0	      0	       0	       0	          0	          0	       0.54	       2.02	      4.55	     6.87	     8.61	     9.09	     7.84	     4.66	     2.33	     1.96	     0.83	      0.32	          0	         0	     0	   0	      0	     0	       0	     0	       0	       0	         0	       0.06	      0.35	       0.48	       2.4	      6.3	    11.89	    14.05	     9.04	     4.11	     1.14	     0.52	      0.04	         0	          0	         0	         0	#_74        
 2001	  7	2	3	0	    315	     0	0	       0	   0	     0	     0	      0	       0	       0	          0	       0.06	       0.28	       0.94	      3.08	     7.01	     7.75	     8.69	      7.4	     5.74	     3.39	     1.47	     0.23	      0.33	       0.07	         0	     0	   0	      0	     0	       0	     0	       0	       0	         0	          0	      0.06	       0.41	      2.21	     7.92	    12.29	    14.63	    10.35	     3.25	     1.61	     0.49	      0.36	         0	          0	         0	         0	#_75        
 2002	  7	2	3	0	    144	     0	0	       0	   0	     0	     0	      0	       0	       0	          0	       0.19	       0.23	       0.86	      1.64	      4.4	     7.35	    12.47	     8.14	     6.77	        4	     2.54	     0.48	      0.23	       0.13	         0	     0	   0	      0	     0	       0	     0	       0	       0	         0	       0.18	      0.38	       1.11	      0.92	     2.49	    11.06	    16.86	    10.82	     5.65	     1.05	     0.02	      0.01	         0	       0.01	         0	         0	#_76        
 2003	  7	2	3	0	     33	     0	0	       0	   0	     0	     0	      0	       0	    0.44	          0	          0	        2.6	       9.11	      7.85	     9.08	     8.03	     7.15	     6.08	      2.4	     0.78	     1.86	     1.71	         0	          0	         0	     0	   0	      0	     0	       0	     0	       0	       0	         0	          0	         0	       1.18	       4.1	    11.53	    12.29	     11.3	      2.5	        0	        0	        0	         0	         0	          0	         0	         0	#_77        
 2004	  7	2	3	0	     63	     0	0	       0	   0	     0	     0	      0	       0	       0	          0	          0	       0.53	       1.51	      4.34	     9.39	     9.15	     7.86	     7.91	     8.58	     4.26	     3.01	     3.69	      1.32	       0.61	         0	     0	   0	      0	     0	       0	     0	       0	       0	         0	          0	         0	       0.56	      1.31	     3.64	     11.9	     8.22	     4.43	     4.74	     1.86	        0	      1.05	         0	       0.15	         0	         0	#_78        
 2005	  7	2	3	0	     49	     0	0	       0	   0	     0	     0	      0	       0	       0	          0	          0	       0.53	          1	      4.39	     4.45	     5.21	     8.11	     5.83	     8.07	     8.37	     5.24	     5.24	      2.86	        0.7	      0.07	     0	   0	      0	     0	       0	     0	       0	       0	         0	          0	         0	       0.88	      0.28	     5.72	     7.03	      9.7	     5.76	     6.08	     4.26	     0.07	      0.15	         0	          0	         0	         0	#_79        
 2006	  7	2	3	0	     35	     0	0	       0	   0	     0	     0	      0	       0	       0	          0	          0	        0.3	       0.37	      1.35	     3.08	      4.5	     8.05	     6.66	     6.65	     10.5	     6.03	     9.36	      4.56	       0.37	      0.32	     0	   0	      0	     0	       0	     0	       0	       0	         0	       0.08	      0.08	          0	      0.71	     1.18	      2.2	     5.18	    10.81	     7.49	     8.78	      1.3	      0.06	      0.05	       0.01	         0	         0	#_80        
 2007	  7	2	3	0	      7	     0	0	       0	   0	     0	     0	      0	       0	       0	          0	       1.43	       2.35	       3.98	      5.09	     9.21	     6.21	     4.51	     5.09	     3.27	        2	        0	        1	      0.98	          0	         0	     0	   0	      0	     0	       0	     0	       0	       0	         0	          0	      1.57	       2.65	      8.02	     4.91	     9.79	    10.79	     9.49	     3.91	     2.73	        1	         0	         0	       0.02	         0	         0	#_81        
 2008	  7	2	3	0	     70	     0	0	       0	   0	     0	     0	      0	       0	       0	          0	       0.42	       1.49	       7.11	     10.72	     7.71	     4.48	      4.6	     4.88	     5.45	     3.06	     1.63	     0.82	      0.49	          0	         0	     0	   0	      0	     0	       0	     0	       0	       0	         0	          0	      0.27	       1.81	      9.36	    12.54	     7.51	      6.2	     4.75	     2.67	     1.56	     0.25	      0.18	      0.01	          0	         0	         0	#_82        
 2009	  7	2	3	0	     98	     0	0	       0	   0	     0	     0	   0.01	       0	       0	       0.01	       0.05	       0.25	       0.99	       1.5	     2.82	     4.37	     5.66	    11.29	    15.45	     8.88	     5.01	     6.15	       0.4	       0.77	         0	     0	   0	      0	     0	       0	     0	    0.01	       0	         0	       0.01	      0.06	        0.5	      1.36	     1.71	     3.84	     5.21	     7.65	     9.18	     6.41	     0.28	      0.08	      0.08	          0	         0	         0	#_83        
 2010	  7	2	3	0	     63	     0	0	       0	   0	     0	     0	      0	       0	       0	          0	          0	       0.06	       0.81	      0.98	     4.28	     3.99	     3.96	     6.42	    12.79	    11.71	     6.15	     6.58	      2.23	       0.39	         0	     0	   0	      0	     0	       0	     0	       0	       0	         0	          0	         0	       0.09	      1.88	     3.13	     5.81	      6.7	     6.71	     7.64	     5.93	     1.58	       0.1	      0.07	       0.01	         0	         0	#_84        
 2011	  7	2	3	0	     49	     0	0	       0	   0	     0	     0	      0	       0	       0	          0	       0.29	        0.5	        1.9	      2.99	     5.77	     7.83	     6.66	      7.5	     7.06	     5.98	     4.79	     0.63	       0.5	       0.04	         0	     0	   0	      0	     0	       0	     0	       0	       0	         0	          0	      0.13	       1.05	      3.52	     4.55	     5.87	     13.3	     7.96	     7.19	     2.23	     1.74	         0	         0	          0	         0	         0	#_85        
 2012	  7	2	3	0	     77	     0	0	       0	   0	     0	     0	      0	       0	       0	          0	       0.04	       0.08	       2.86	      6.06	     7.88	     6.93	     7.25	     3.66	     3.93	     4.43	     1.93	     2.24	      0.38	          0	         0	     0	   0	      0	     0	       0	     0	       0	       0	         0	          0	         0	       0.59	      4.61	     7.69	    10.23	     9.92	      9.7	     5.31	     3.16	     0.95	      0.11	      0.04	          0	         0	         0	#_86        
 2013	  7	2	3	0	     84	     0	0	       0	   0	     0	     0	      0	       0	       0	          0	       0.19	       0.75	       3.27	      3.12	     4.66	     6.18	     6.82	     5.16	     4.29	      4.8	     3.05	     1.85	      0.52	          0	         0	     0	   0	      0	     0	       0	     0	       0	       0	         0	          0	      0.27	       1.41	      3.61	     5.27	    12.59	    10.61	     7.13	     9.29	     3.63	     1.51	         0	         0	          0	         0	         0	#_87        
 2014	  7	2	3	0	     84	     0	0	       0	   0	     0	     0	      0	       0	       0	       0.07	       0.07	       0.07	       0.64	      3.53	     3.72	        6	     7.47	    11.55	     9.89	     7.78	     2.65	     1.07	      1.14	       0.01	         0	     0	   0	      0	     0	       0	     0	       0	       0	         0	       0.13	       0.2	       0.01	      1.54	     4.62	     6.57	    10.04	     9.18	     8.77	     3.23	     0.05	      0.02	         0	          0	         0	         0	#_88        
 2015	  7	2	3	0	     28	     0	0	       0	   0	     0	     0	      0	       0	       0	          0	        0.5	          0	          2	      1.38	      7.8	    12.16	    25.14	    40.53	    44.67	    56.19	       41	       22	         3	          0	         0	     0	   0	      0	     0	       0	     0	       0	       0	         0	        0.5	         0	          3	     14.62	     22.2	    34.84	    33.86	    22.47	     9.33	     1.81	        0	         0	         1	          0	         0	         0	#_89        
 2016	  7	2	3	0	     28	     0	0	       0	   0	     0	     0	      0	       0	       0	          0	          0	          3	      590.8	      5.43	  4116.42	  1764.39	  2941.16	  1773.16	  1182.82	        5	        1	        0	         0	          0	         0	     0	   0	      0	     0	       0	     0	       0	       0	         0	          0	    587.59	          0	   7051.69	  8813.01	  1775.57	  3532.74	  1175.78	        0	        0	        0	         0	         0	          0	         0	         0	#_90        
 2017	  7	2	3	0	    219	     0	0	       0	   0	     0	     0	      0	       0	    4.96	     619.23	    1811.19	    2376.09	    5292.25	   10661.9	  49367.8	  85956.5	  74037.8	  54756.4	  34015.5	  15853.7	  4563.34	   586.59	         0	          0	         0	     0	   0	      0	     0	       0	     0	       0	   11.87	     21.78	    1236.51	   2305.05	    7933.76	   48528.4	   103964	  67869.5	  35631.4	    11550	  2933.94	        2	        0	         0	         0	          0	         0	         0	#_91        
 2018	  7	2	3	0	    609	     0	0	       0	   0	     0	     0	      0	       0	       1	      59.68	    2630.27	    7000.86	    14044.9	   16952.5	    49594	   127492	   140418	  86233.2	  72498.4	  27305.9	  10838.5	  2396.63	     525.2	          1	         0	     0	   0	      0	     0	       0	     0	       0	       4	    630.69	    5461.87	   16250.3	    26433.2	   76143.9	   152026	   118146	  54533.3	  34040.8	  3105.45	    45.57	   210.04	         0	         0	          0	         0	         0	#_92        
 2019	  7	2	3	0	315.782	     0	0	       0	   0	     0	     0	      0	       0	    1200	          0	    709.688	    1829.06	     4142.9	   9596.04	  23073.1	  21940.7	  51436.4	  73526.2	  52910.8	    28171	  14080.6	  4979.07	      1500	          0	         0	     0	   0	      0	     0	       0	     0	       0	     300	       600	    409.688	   1009.69	    1419.38	   8185.17	  25376.3	  38192.4	  67171.7	  54450.5	    26603	  14828.9	  3019.94	   792.436	       300	          0	         0	         0	#_93        
 2020	  7	2	3	0	 186.35	     0	0	       0	   0	     0	     0	      0	       0	       0	          0	    1184.48	    3573.07	    5486.16	   6890.42	  13184.7	  16112.2	  19727.2	  27160.3	  28945.4	  19008.4	   6792.8	     1500	       600	          0	         0	     0	   0	      0	     0	       0	     0	       0	       0	   50.1304	          0	   2051.62	    2658.56	   5082.83	  9845.35	    24338	  35447.6	  33080.4	  21238.4	  9500.94	  2390.42	         0	       300	          0	         0	         0	#_94        
 2021	  7	2	3	0	 240.44	     0	0	       0	   0	     0	     0	      0	       0	       0	        300	       1200	       1500	    12507.9	   17708.2	  19697.7	    21083	  25975.1	  32990.8	    31500	    21983	  11007.9	     2400	         0	          0	         0	     0	   0	      0	     0	       0	     0	       0	       0	         0	        300	       300	       4500	   11233.1	  21399.4	  36650.2	  56815.7	    48383	  20875.1	     6900	     1200	         0	         0	          0	         0	         0	#_95        
 2022	  7	2	3	0	297.566	     0	0	       0	   0	     0	     0	      0	       0	       0	          0	          0	    2448.15	    7853.27	   24882.4	  46840.8	  31948.2	    35494	    45000	  44148.1	  20629.2	  7789.83	     3300	       900	          0	         0	     0	   0	      0	     0	       0	     0	       0	       0	         0	          0	         0	       1200	   16789.8	  41178.7	  47215.3	  56602.8	  46421.8	  18835.6	  2748.15	     1200	       600	         0	          0	         0	         0	#_96        
 2023	  7	2	3	0	342.656	     0	0	       0	   0	     0	     0	      0	       0	     300	          0	    20.2344	    2218.93	    9672.35	   38590.1	    79390	  61024.5	  35063.3	  33989.1	    22800	  14108.6	  6212.26	  2091.25	   351.476	          0	         0	     0	   0	      0	     0	       0	     0	       0	       0	         0	          0	   20.2344	    3397.99	   17429.8	  54808.5	  81994.9	  49760.6	  28649.4	  11550.4	  3606.05	  1280.24	         0	         0	          0	         0	         0	#_97        
 2024	  7	2	3	0	 348.73	     0	0	       0	   0	     0	     0	      0	       0	     300	          0	          0	       1500	      12900	   33557.7	  73891.5	    87603	  47325.3	  14658.5	  11964.7	  11440.2	  5587.52	  1513.43	      1200	          0	         0	     0	   0	      0	     0	       0	     0	       0	       0	         0	          0	         0	        900	   12743.1	  50114.9	   106534	  57432.2	  26121.5	  9489.18	  2835.63	   3.9172	       300	         0	          0	         0	         0	#_98        
 1991	  7	3	3	0	     46	     0	0	       0	   0	     0	     0	      0	       0	       0	          0	       0.26	       1.01	       1.26	       3.4	     6.54	    11.98	      5.3	     8.53	     9.85	     3.39	     0.11	        0	      0.54	          0	         0	     0	   0	      0	     0	       0	     0	       0	       0	         0	       0.26	         0	       1.38	      1.96	      6.6	    13.82	    10.84	     8.01	     3.51	     0.96	     0.49	         0	         0	          0	         0	         0	#_99        
 1992	  7	3	3	0	    164	     0	0	       0	   0	     0	     0	      0	       0	       0	          0	          0	       0.01	       0.02	      0.17	     1.16	     3.27	     5.27	     8.14	     8.84	      9.6	     8.97	     5.92	      2.12	       0.24	      0.27	     0	   0	      0	     0	       0	     0	       0	       0	         0	          0	         0	          0	      0.01	     0.48	     2.02	     5.75	    11.53	     7.77	     6.72	     5.07	      2.86	      2.45	       1.01	      0.28	      0.06	#_100       
 1993	  7	3	3	0	    227	     0	0	       0	   0	     0	     0	      0	       0	       0	          0	          0	          0	       0.07	      0.26	      0.8	     3.37	     8.13	     8.74	      8.9	    14.42	     6.76	     5.72	      0.82	       0.72	      0.58	     0	   0	      0	     0	       0	     0	       0	       0	         0	          0	         0	       0.01	      0.32	     0.96	     7.89	     8.89	    10.85	     5.68	     3.74	     1.51	      0.59	      0.12	       0.06	      0.05	      0.01	#_101       
 1994	  7	3	3	0	    328	     0	0	       0	   0	     0	     0	      0	       0	       0	          0	       0.01	       0.12	       1.15	      5.01	     9.25	     7.96	     5.53	     8.62	     5.52	     3.05	     3.54	     4.63	      0.71	       0.09	      0.19	     0	   0	      0	     0	       0	     0	       0	       0	         0	          0	      0.94	       0.71	      3.32	     5.82	     9.61	    10.88	     5.83	     4.29	     1.68	     1.02	      0.16	      0.11	       0.03	      0.06	      0.17	#_102       
 1995	  7	3	3	0	    399	     0	0	       0	   0	     0	     0	      0	       0	       0	          0	       0.06	       0.12	       1.42	      3.92	     3.43	     9.31	     9.73	     5.61	     8.48	     3.93	     2.48	     1.03	      0.83	        0.1	      0.02	     0	   0	      0	     0	       0	     0	       0	       0	         0	          0	      0.14	       0.16	      1.45	     2.77	     6.62	    12.12	    12.41	     7.39	     2.74	     1.78	      0.49	      0.61	       0.68	      0.18	         0	#_103       
 1996	  7	3	3	0	    410	     0	0	       0	   0	     0	     0	      0	       0	       0	       0.49	       0.35	       1.58	       1.82	      2.88	     5.03	     2.85	     7.41	      7.8	     9.02	    10.84	      5.6	     3.17	      0.99	       0.05	      0.04	     0	   0	      0	     0	       0	     0	       0	       0	         0	          0	      0.49	       1.58	      3.63	     2.21	     3.32	     6.35	    10.49	     5.43	     3.98	     1.73	      0.57	      0.25	       0.02	         0	      0.04	#_104       
 1997	  7	3	3	0	    520	     0	0	       0	   0	     0	     0	      0	       0	       0	          0	       0.04	       0.07	       0.61	      2.09	     3.88	     5.42	     4.99	     6.13	      6.5	     8.17	     8.72	     3.21	      0.62	       0.08	         0	     0	   0	      0	     0	       0	     0	       0	       0	         0	       0.02	      0.04	        0.2	      0.82	     3.74	     8.44	     8.79	     9.92	     10.1	     4.77	     2.17	      0.39	      0.07	       0.01	         0	         0	#_105       
 1998	  7	3	3	0	    637	     0	0	       0	   0	     0	     0	      0	       0	       0	          0	          0	       0.04	       0.15	      0.83	     4.57	     9.41	    11.01	    10.14	      7.2	     5.73	     3.03	     1.86	      0.29	       0.01	      0.02	     0	   0	      0	     0	       0	     0	       0	       0	         0	          0	         0	       0.37	      0.42	     1.13	     8.58	     14.5	    13.73	     4.18	     1.56	     0.86	      0.27	      0.08	       0.01	         0	         0	#_106       
 1999	  7	3	3	0	    870	     0	0	       0	   0	     0	     0	      0	       0	       0	       0.02	       0.05	       0.74	       2.46	      3.65	     5.26	     7.19	    10.21	     7.71	     3.86	     4.77	     3.38	     2.02	      0.38	       0.26	      0.03	     0	   0	      0	     0	       0	     0	       0	     0.1	       0.1	       0.12	      0.22	       1.29	      4.04	     4.31	     8.05	    13.73	     7.81	     4.86	     1.93	     0.62	      0.37	      0.26	       0.21	      0.01	         0	#_107       
 2000	  7	3	3	0	    746	     0	0	       0	   0	     0	     0	      0	       0	       0	       0.08	       0.23	       2.27	       2.93	      5.44	     5.61	     4.74	     8.38	    11.49	     8.72	     5.03	     3.61	     1.98	      0.69	       0.24	      0.06	     0	   0	      0	     0	       0	     0	       0	       0	         0	       0.01	      0.05	       0.41	      1.88	     2.97	     4.24	     6.31	    10.18	     5.69	     3.57	     1.47	      0.78	      0.19	       0.65	      0.08	         0	#_108       
 2001	  7	3	3	0	    527	     0	0	       0	   0	     0	     0	      0	       0	       0	          0	          0	       0.01	       0.06	      1.03	     3.01	     6.56	     5.93	     4.61	     9.65	    10.31	     8.83	     4.36	      0.94	       0.42	      0.02	     0	   0	      0	     0	       0	     0	       0	       0	         0	          0	         0	       0.01	      0.87	     1.36	     4.37	     8.86	    12.91	     8.42	     4.71	     1.63	      0.95	      0.02	       0.15	         0	         0	#_109       
 2002	  7	3	3	0	    368	     0	0	       0	   0	     0	     0	      0	       0	       0	          0	       0.01	       0.01	       0.05	      0.46	     0.72	     5.72	     8.89	     8.44	    13.05	      9.4	     1.93	     1.22	      0.19	       0.04	      0.05	     0	   0	      0	     0	       0	     0	       0	       0	         0	          0	         0	       0.01	      0.02	     0.26	     8.55	       14	    16.33	     5.01	     3.73	     1.38	      0.45	      0.05	       0.01	         0	         0	#_110       
 2003	  7	3	3	0	    295	     0	0	       0	   0	     0	     0	      0	    0.01	       0	       0.17	       2.15	        2.9	        6.7	      1.97	     0.16	     4.25	     7.08	     7.45	     6.68	     4.02	     4.04	     3.11	      0.09	       0.32	      0.01	     0	   0	      0	     0	       0	     0	       0	       0	         0	       0.01	      0.44	       2.59	      4.26	     3.16	     0.24	     4.38	    12.21	     9.64	     8.75	     1.73	      1.01	      0.07	       0.07	      0.01	       0.3	#_111       
 2004	  7	3	3	0	    526	     0	0	       0	   0	     0	     0	      0	    0.02	    0.01	       0.01	        0.1	       0.16	       0.58	      1.82	     1.71	     1.31	     3.09	     3.27	      7.9	    10.64	     18.1	     3.86	      2.54	       0.08	      0.03	     0	   0	      0	     0	       0	     0	       0	    0.01	         0	       0.01	      0.04	       0.08	      0.19	     1.09	     2.42	     2.53	     7.27	    19.03	     9.09	     1.78	      0.75	      0.33	       0.16	         0	         0	#_112       
 2005	  7	3	3	0	   1226	     0	0	       0	   0	     0	     0	      0	       0	       0	       0.01	       0.03	       0.17	       0.26	      0.65	     1.97	     6.68	      8.1	     5.28	     8.78	     6.94	     6.84	      3.3	      1.33	       0.25	      0.04	     0	   0	      0	     0	       0	     0	       0	       0	      0.01	          0	      0.01	       0.04	         1	     1.36	     4.54	    10.22	     8.42	     9.11	     9.45	     3.19	       1.4	      0.49	       0.07	      0.02	      0.01	#_113       
 2006	  7	3	3	0	   1290	     0	0	       0	   0	     0	     0	      0	       0	       0	          0	       0.01	       0.73	       0.42	      0.92	     3.07	     3.24	     7.07	     4.58	    10.39	     7.68	     6.48	     6.31	      0.91	       0.03	      0.06	     0	   0	      0	     0	       0	     0	       0	       0	         0	          0	      0.01	       0.11	      0.66	     1.31	     2.52	     5.07	    10.73	    16.98	     4.44	     3.44	      1.83	      0.94	       0.03	      0.02	         0	#_114       
 2007	  7	3	3	0	   1496	     0	0	       0	   0	     0	     0	      0	       0	       0	          0	       0.04	       0.04	       0.44	      3.34	      4.1	      4.9	     6.27	     6.58	     6.03	     5.53	     6.27	     2.59	      0.67	       0.08	      0.05	     0	   0	      0	     0	       0	     0	       0	       0	         0	       0.01	      0.06	       0.33	      1.49	     1.03	     6.41	    10.72	    12.35	    11.96	     5.79	     1.66	      0.66	      0.35	       0.19	      0.03	      0.03	#_115       
 2008	  7	3	3	0	   1165	     0	0	       0	   0	     0	     0	      0	       0	       0	       0.03	       0.11	       0.29	       0.54	      0.84	     2.65	     5.77	     7.19	     8.92	     6.69	    12.86	     5.94	     2.91	      0.89	       0.11	      0.03	     0	   0	      0	     0	       0	     0	       0	       0	      0.03	       0.08	      0.08	        0.4	       0.7	     0.95	     3.06	     7.82	    10.77	    11.48	     6.33	     1.45	      0.59	      0.29	       0.16	      0.05	         0	#_116       
 2009	  7	3	3	0	    528	     0	0	       0	   0	     0	     0	      0	       0	       0	          0	          0	       0.12	       0.48	      0.54	     1.24	     2.95	    10.98	    10.43	     9.25	     5.03	     4.87	     1.33	      0.46	          0	         0	     0	   0	      0	     0	       0	     0	       0	       0	         0	          0	      0.12	       0.17	      0.58	      0.8	     3.95	     10.5	    15.83	    11.92	     6.68	     1.36	      0.34	      0.07	          0	      0.02	         0	#_117       
 2010	  7	3	3	0	   1193	     0	0	       0	   0	     0	     0	      0	       0	    0.01	          0	          0	       2.56	       0.35	      5.77	     3.42	     5.75	     1.68	     6.93	     9.03	     5.64	     4.02	     2.39	      0.57	       0.05	      0.02	     0	   0	      0	     0	       0	     0	       0	       0	         0	       0.01	      0.02	       0.11	      0.56	     8.21	     4.35	     8.72	      4.8	    15.89	     6.81	     1.91	      0.37	      0.04	       0.01	      0.01	         0	#_118       
 2011	  7	3	3	0	   1192	     0	0	       0	   0	     0	     0	      0	       0	       0	          0	       0.04	       0.31	       1.21	      2.42	     3.88	     5.89	     6.29	     8.15	     8.66	     7.09	     5.06	      3.1	       0.8	       0.05	      0.06	     0	   0	      0	     0	       0	     0	       0	       0	         0	          0	      0.03	        0.2	      0.52	     3.67	     5.22	     6.63	     8.96	    10.69	     8.71	     1.88	      0.22	      0.12	       0.07	      0.04	         0	#_119       
 2012	  7	3	3	0	   1098	     0	0	       0	   0	  0.02	  0.12	   0.09	       0	       0	       0.01	       0.06	       0.12	       0.69	      1.91	      2.5	     5.56	     5.07	     6.15	    10.24	     9.37	     6.92	     3.64	      0.71	       0.16	      0.05	     0	   0	      0	     0	    0.02	  0.14	    0.07	       0	      0.02	          0	      0.09	       0.09	      0.66	     1.61	     4.32	     7.79	    10.85	    10.23	     8.11	     1.79	      0.55	      0.18	        0.1	         0	         0	#_120       
 2013	  7	3	3	0	   1068	     0	0	       0	   0	     0	     0	      0	       0	    0.04	       0.02	       0.06	       0.08	       1.03	      1.13	     4.01	     5.91	    10.94	     6.28	       10	     6.82	     2.99	     3.13	      0.22	       0.09	      0.06	     0	   0	      0	     0	       0	     0	       0	    0.02	         0	       0.01	      0.06	       0.72	       0.5	     2.79	     9.99	     6.25	     12.9	     7.35	      5.4	     0.76	      0.18	       0.1	       0.09	      0.02	      0.03	#_121       
 2014	  7	3	3	0	    973	     0	0	       0	   0	     0	     0	      0	       0	       0	          0	          0	       0.26	       0.76	      3.35	     5.31	     5.71	     7.82	     6.03	      8.1	     9.09	      3.8	     2.62	      0.15	       0.01	      0.02	     0	0.02	      0	     0	       0	     0	       0	    0.01	         0	          0	      0.06	       0.19	      1.57	     2.31	      4.7	     9.15	    10.79	     10.8	     5.51	     1.44	      0.31	      0.07	       0.04	      0.01	         0	#_122       
 2015	  1	3	3	0	    647	     0	0	       0	   0	     0	     0	      0	       0	       0	          0	 4.9815e-05	0.000184315	 0.00175914	0.00884763	0.0373349	0.0549226	0.0830407	0.0933512	 0.102847	 0.106671	0.0629602	0.0290528	0.00391383	 0.00019926	         0	     0	   0	      0	     0	       0	     0	       0	       0	         0	          0	         0	0.000129519	0.00066752	0.0189411	 0.043606	0.0816832	0.0983399	0.0900845	 0.052355	0.0212283	0.00448723	0.00301916	0.000323797	         0	         0	#_123       
 2016	  1	3	3	0	    922	     0	0	       0	   0	     0	     0	      0	       0	       0	          0	 9.8938e-05	0.000340686	0.000595222	0.00971102	0.0257003	0.0797469	0.0997591	 0.107671	0.0964024	0.0693873	0.0475409	0.0129962	0.00622888	0.000552254	         0	     0	   0	      0	     0	       0	     0	       0	       0	         0	 1.0696e-05	 5.348e-06	0.000240622	0.00267581	0.0159347	0.0646225	 0.100201	0.0889491	0.0829519	0.0489423	0.0206182	 0.0111683	0.00687088	 7.7546e-05	         0	         0	#_124       
 2017	  1	3	3	0	   1139	     0	0	       0	   0	     0	     0	      0	       0	       0	 1.8359e-05	 5.2497e-05	  0.0016076	 0.00157924	0.00738291	0.0262254	0.0681266	 0.108867	 0.108511	0.0890963	0.0780028	0.0392557	0.0243755	0.00264114	 0.00125905	3.7679e-05	     0	   0	      0	     0	       0	     0	       0	       0	2.2948e-05	  9.179e-06	0.00034363	  0.0012266	0.00216515	0.0156309	0.0601913	 0.109659	0.0999533	0.0675231	0.0591879	0.0179273	0.00678376	0.00184046	0.000414602	8.2614e-05	         0	#_125       
 2018	  1	3	3	0	    475	     0	0	       0	   0	     0	     0	      0	       0	       0	0.000833268	0.000761489	 0.00306221	 0.00840134	 0.0186972	0.0364309	 0.055493	0.0928811	 0.109237	0.0720401	0.0567288	0.0416555	0.0207496	  0.009051	 0.00153962	         0	     0	   0	      0	     0	       0	     0	       0	       0	1.5864e-05	0.000214169	0.00233999	 0.00354568	 0.0177533	0.0412952	 0.059039	0.0952679	 0.098786	0.0824204	0.0497642	 0.015436	0.00483108	0.00169749	 1.5864e-05	         0	1.5864e-05	#_126       
 2019	  7	3	3	0	    753	     0	0	       0	   0	     0	     0	      0	       0	      11	        249	        252	         39	        996	       721	     1360	     3321	     8288	    14485	     9554	     5158	     3472	     1688	       299	         11	        78	     0	   0	      0	     0	       0	     0	       0	       0	        15	         13	        47	         34	       829	     2055	     2862	     9553	     7525	     3839	     2331	      417	        14	        11	          9	         0	         0	#_127       
 2020	  7	3	3	0	    366	     0	0	       0	   0	     0	     0	      0	       0	       0	         60	        383	       2301	       2950	      1063	     1501	     1418	     1077	     1924	     3251	     2790	      853	     1047	       181	          0	         0	     0	   0	      0	     0	       0	     0	       0	       0	         0	         63	       142	       2898	      3024	     1866	     2285	     1684	     2115	     1264	      853	       34	        20	         1	          0	         0	         0	#_128       
 2021	  7	3	3	0	    548	     0	0	       0	   0	     0	     0	      0	       0	       0	          6	         51	       1043	       2830	      7148	     1812	     2820	     4246	     4515	     5233	     3388	     2893	     1248	       663	        162	         0	     0	   0	      0	     0	       0	     0	       0	       0	         0	          5	       303	       1770	      4136	     4753	     3168	     5927	     4731	     2367	      719	       59	         9	         8	          0	         0	         0	#_129       
 2022	  7	3	3	0	    661	     0	0	       0	   0	     0	     0	      0	       0	       0	          1	        388	       1766	       4046	     12248	     9146	     4173	     2473	     2564	     1788	     1781	     1431	      370	       608	         16	         0	     0	   0	      0	     0	       0	     0	       0	       0	         0	          9	       374	       2246	      6590	    11704	     7786	     5558	     2662	     1858	     1131	      250	        24	        14	         14	         0	         0	#_130       
 2023	  7	3	3	0	    747	     0	0	       0	   0	     0	     0	      0	       0	       4	          0	          5	         94	        626	      1406	     2628	     2756	     2164	     2446	     1861	     2162	      633	      427	         5	          4	         0	     0	   0	      0	     0	       0	     0	       0	       0	         0	          0	        10	         98	       884	     1868	     3100	     2116	     1770	      813	      401	       23	        86	         1	          0	         0	         0	#_131       
 2024	  7	3	3	0	    313	     0	0	       0	   0	     0	     0	      0	       0	       0	         17	         14	        351	        329	       962	     1259	     1616	     1419	      675	      546	      884	      286	      195	        24	          0	         0	     0	   0	      0	     0	       0	     0	       0	       0	         0	          0	         5	        107	       480	      932	     1936	     1403	      964	      331	      229	       83	        12	         0	          0	         0	         0	#_132       
 1980	7.6	7	3	0	     14	     0	0	       0	   0	     0	     0	      0	       0	       0	          0	          0	          0	       0.77	         0	     3.07	     1.53	    16.02	     14.4	     5.89	      2.3	     2.47	     1.41	      0.23	          0	         0	     0	   0	      0	     0	       0	     0	       0	       0	         0	          0	         0	          0	         0	     1.53	     1.53	    22.71	    18.02	     4.69	     2.71	      0.7	         0	         0	          0	         0	         0	#_133       
 1983	7.6	7	3	0	     24	     0	0	       0	   0	  0.06	  0.06	   0.24	    0.73	    0.73	       0.61	       0.79	       0.49	       1.72	      3.95	     3.47	     3.34	     2.64	     3.16	     1.91	      2.9	      3.2	     1.41	      2.77	       2.07	         0	     0	   0	      0	     0	    0.18	  0.18	    0.73	    2.19	       1.7	       1.82	      3.34	       1.21	      2.69	     2.44	     4.28	      5.5	    11.47	    16.61	     7.23	     1.92	      0.25	         0	          0	         0	         0	#_134       
 1986	7.6	7	3	0	     30	     0	0	       0	   0	     0	     0	      0	    0.01	    0.04	       0.03	       0.12	       0.38	       0.84	      0.36	     0.34	     2.25	     4.36	     4.12	     2.58	     4.12	     2.05	    10.73	       0.4	          0	         0	     0	   0	      0	     0	       0	     0	       0	    0.03	      0.04	       0.01	      0.18	       0.59	      0.17	     0.62	     0.68	    22.86	    25.49	    14.75	     1.84	        0	         0	         0	          0	         0	         0	#_135       
 1989	7.6	7	3	0	     70	     0	0	       0	   0	  0.03	   0.6	   1.86	    1.02	     0.5	      13.71	       3.12	       3.95	       9.83	      7.05	     2.32	     2.42	     2.39	     0.78	     0.74	     0.27	     0.29	     0.19	      0.02	          0	         0	     0	   0	      0	     0	    0.08	  0.71	    1.64	    0.75	      0.46	       5.08	      3.17	       3.97	      4.17	      1.1	     2.27	     5.04	    18.79	     0.78	     0.52	      0.3	      0.05	         0	          0	         0	         0	#_136       
 1992	7.6	7	3	0	     48	     0	0	    0.01	0.01	  0.02	  0.02	   0.01	    0.01	    0.05	       0.67	       2.05	       8.18	      10.16	      7.42	      0.6	     0.79	     1.52	     4.22	     2.43	     2.39	    14.05	     2.42	      0.04	       0.01	         0	     0	   0	   0.01	  0.01	    0.02	  0.01	    0.02	    0.02	      0.04	       0.46	      4.69	       8.47	     11.04	     6.43	     1.76	     1.32	     2.78	     4.97	     0.82	     0.03	         0	         0	          0	         0	         0	#_137       
 1995	7.6	7	3	0	     78	  0.04	0	    0.04	0.13	  0.09	  0.22	   0.43	    0.13	    0.23	       1.18	       5.89	      12.43	       4.92	      0.18	     0.42	     0.82	     2.24	     2.28	     2.22	     3.34	     3.38	     2.99	      1.27	       0.51	         0	  0.04	   0	   0.04	  0.13	    0.28	  0.42	     0.5	    0.61	      0.43	       1.08	      5.66	       8.22	       6.3	      1.7	      1.9	     5.02	     7.63	     7.19	     5.26	     1.43	      0.79	         0	          0	         0	         0	#_138       
 1998	7.6	7	3	0	    110	     0	0	    0.02	   0	     0	  0.02	   0.02	    0.02	       0	       0.05	       0.14	       0.37	       1.37	      1.21	     2.81	     6.56	     5.81	      7.1	     8.09	     3.85	     5.59	     4.38	      0.35	          0	         0	     0	   0	   0.02	     0	       0	  0.07	    0.07	    0.07	         0	       0.14	      0.43	       1.08	      1.48	     3.39	    11.98	    12.95	     8.82	     6.91	     3.47	     1.09	      0.26	         0	          0	         0	         0	#_139       
 2001	7.6	7	3	0	     37	     0	0	       0	0.48	  3.69	  9.29	    6.7	    2.42	    1.29	        0.7	       0.48	          0	          0	      0.97	        0	     2.92	     1.29	     0.63	     4.87	     0.63	     5.16	        0	      1.72	          0	         0	     0	   0	      0	  0.16	    4.65	  8.66	    6.96	    3.39	      2.59	       2.11	      0.16	          0	         0	     1.19	     2.87	     3.25	     6.75	     9.37	     3.44	        0	      1.18	         0	          0	         0	         0	#_140       
 2004	7.6	7	3	0	     48	  4.88	0	       0	   0	     0	     0	      0	    0.05	       0	       0.05	          0	       0.25	       1.18	      1.66	     2.61	     1.99	     2.47	    12.61	      3.1	      6.8	     3.23	     1.82	      1.29	          0	         0	  4.88	   0	      0	     0	       0	     0	       0	    0.16	         0	       0.16	      0.25	          0	      1.11	     2.28	     5.05	      3.9	     8.68	    11.79	    16.91	     0.82	         0	         0	          0	         0	         0	#_141       
 2003	8.8	8	3	0	     33	     0	0	       0	   0	     0	0.3454	 0.0864	       0	  0.4318	     0.5181	     0.3454	     0.5181	     0.5181	    0.8636	    2.418	   7.4266	  11.7444	  16.9257	   4.6632	   1.7271	   2.7634	   0.3454	         0	          0	         0	     0	   0	      0	0.1727	       0	0.5181	  0.2591	  0.5181	    0.2591	          0	    0.1727	     0.6908	    1.0363	        0	   9.3264	   8.6356	  11.9171	   4.6632	   1.5544	   8.6356	         0	         0	          0	         0	         0	#_142       
 2004	8.8	8	3	0	     18	     0	0	       0	   0	     0	     0	 1.1364	       0	  2.2727	     4.5455	     7.9545	    13.6364	    10.2273	   10.2273	   3.4091	   1.1364	   1.1364	        0	        0	        0	        0	        0	         0	          0	         0	     0	   0	      0	     0	       0	     0	       0	       0	    1.1364	     3.4091	   11.3636	     7.9545	    9.0909	   3.4091	        0	   3.4091	   3.4091	        0	   1.1364	        0	         0	         0	          0	         0	         0	#_143       
 2005	8.8	8	3	0	     26	     0	0	       0	   0	     0	     0	      0	       0	       0	          0	     1.7241	          0	     1.7241	    0.8621	   1.7241	        0	   3.4483	   2.5862	  17.2414	   6.0345	  18.1034	   4.3103	         0	          0	         0	     0	   0	      0	     0	       0	     0	       0	       0	         0	          0	    0.8621	     0.8621	    0.8621	   1.7241	   5.1724	   4.3103	   2.5862	  18.9655	   5.1724	   1.7241	         0	         0	          0	         0	         0	#_144       
 2006	8.8	8	3	0	     38	     0	0	       0	   0	     0	     0	      0	       0	       0	          0	     0.6579	     3.9474	     9.2105	    6.5789	   3.2895	   1.9737	   2.6316	   3.2895	   3.9474	   3.2895	   6.5789	   5.9211	         0	          0	         0	     0	   0	      0	     0	  0.6579	     0	       0	       0	         0	          0	    0.6579	     7.8947	    7.8947	   9.2105	   2.6316	   3.9474	   4.6053	   5.2632	   3.9474	   0.6579	    0.6579	         0	     0.6579	         0	         0	#_145       
 2007	8.8	8	3	0	     34	     0	0	       0	   0	     0	     0	      0	       0	       0	          0	          0	          0	          0	    1.3158	        0	   5.2632	   9.2105	  10.5263	  11.1583	   2.6316	   6.5789	        0	         0	          0	         0	     0	   0	      0	     0	       0	     0	       0	       0	         0	          0	         0	          0	         0	        0	   1.3158	   7.8947	  13.1579	  13.1579	   9.8943	   7.8947	         0	         0	          0	         0	         0	#_146       
 2008	8.8	8	3	0	     19	     0	0	       0	   0	     0	     0	      0	       0	       0	          0	          0	          0	          0	         0	        0	   7.6923	        0	   7.6923	   7.6923	  11.5385	        0	        0	         0	          0	         0	     0	   0	      0	     0	       0	     0	       0	       0	         0	     7.6923	    3.8462	          0	    3.8462	        0	   3.8462	        0	  11.5385	   7.6923	  15.3846	  11.5385	         0	         0	          0	         0	         0	#_147       
 2009	8.8	8	3	0	     42	     0	0	       0	   0	     0	     0	      0	       0	  0.8264	     0.8264	     3.3058	      7.438	     5.7851	     7.438	   1.6529	   4.1322	   2.4793	   4.9587	   6.6116	   5.7851	   5.7851	   3.3058	         0	          0	         0	     0	   0	      0	     0	       0	     0	       0	       0	         0	     1.6529	    2.4793	     5.7851	    4.9587	        0	        0	   3.3058	   4.9587	   6.6116	   4.1322	   2.4793	         0	         0	     3.3058	         0	         0	#_148       
 2010	8.8	8	3	0	     45	     0	0	       0	   0	     0	     0	 0.5814	  1.7442	  0.5814	          0	          0	          0	          0	         0	   1.1628	    5.814	   6.9767	  12.2093	  11.0465	   7.5581	   1.7442	   2.3256	    0.5814	          0	         0	     0	   0	      0	     0	       0	0.5814	       0	  2.3256	    0.5814	          0	         0	          0	    0.5814	   1.7442	   1.1628	   3.4884	  14.5349	  12.2093	   7.5581	   2.3256	         0	    0.5814	          0	         0	         0	#_149       
 2011	8.8	8	3	0	     53	     0	0	       0	   0	     0	     0	      0	   0.198	       0	          0	          0	      0.198	     1.3861	    4.1584	   2.7723	   1.9802	   2.5743	   6.9307	   4.1584	   5.5446	   7.3267	   1.3861	         0	          0	         0	     0	   0	      0	     0	       0	     0	       0	       0	         0	      0.396	     0.396	     0.7921	    2.7723	   3.7624	   4.1584	   2.3762	  11.0891	  19.2079	  13.6634	   1.7822	    0.7921	     0.198	          0	         0	         0	#_150       
 2012	8.8	8	3	0	     45	     0	0	       0	   0	0.9524	     0	      0	       0	  0.9524	     3.4921	      7.619	     2.5397	     0.9524	    0.6349	   1.2698	   1.9048	    4.127	   1.9048	   4.7619	   9.5238	   6.9841	   6.0317	    0.3175	          0	         0	     0	   0	      0	     0	       0	     0	       0	  0.3175	    6.3492	     4.4444	   11.4286	     5.0794	    1.5873	   0.6349	   2.2222	    4.127	   2.2222	   2.5397	   2.8571	   1.2698	    0.9524	         0	          0	         0	         0	#_151       
 2013	8.8	8	3	0	     44	0.0233	0	       0	   0	     0	0.0465	 0.1395	  2.0465	   5.814	     5.5814	     7.6744	      6.186	     7.3488	    2.1395	   0.8837	   1.3953	   0.1395	   1.3488	   4.5581	   2.3721	   1.8605	   2.0465	    0.2791	          0	         0	0.0233	   0	      0	0.0465	  0.1395	0.3256	  0.3256	  1.6279	    4.9302	     3.1163	    3.9535	     6.8837	    4.1395	   3.3953	   1.8605	   5.3488	   3.3488	   3.7674	   4.6047	   0.2791	         0	         0	          0	         0	         0	#_152       
 2014	8.8	8	3	0	     53	     0	0	       0	   0	     0	     0	      0	       0	       0	          0	     0.6667	     8.3333	        7.5	         6	   2.3333	   1.6667	      1.5	   1.3333	   2.1667	   2.1667	      1.5	   0.3333	    0.1667	          0	         0	     0	   0	      0	     0	       0	     0	       0	  0.1667	         0	          1	    2.6667	    14.8333	   18.8333	        9	        3	   4.1667	   3.6667	   2.3333	   2.1667	   1.8333	    0.3333	    0.3333	          0	         0	         0	#_153       
 2015	8.8	8	3	0	     32	     0	0	       0	   0	     0	     0	      0	       0	  0.3636	          0	          0	          0	     0.7273	         0	   3.2727	   3.2727	   6.5455	   5.4545	  13.4545	  13.4545	  11.6364	  11.6364	    2.5455	     0.7273	         0	     0	   0	      0	     0	       0	     0	       0	       0	         0	          0	         0	          0	         0	   0.3636	   1.8182	   6.1818	   6.5455	   7.2727	        4	   0.7273	         0	         0	          0	         0	         0	#_154       
 2016	8.8	8	3	0	    103	     0	0	       0	   0	     0	0.0744	 0.1488	  1.1654	  1.3637	      1.934	     2.0332	      2.182	      3.273	    4.0169	   5.6534	   9.1495	   6.8435	   4.6615	   2.2316	   2.2068	   0.6943	   0.8926	    1.1902	     0.6447	    0.0992	     0	   0	      0	     0	       0	     0	  0.0744	  0.8678	    2.6283	     1.7109	    1.6613	     2.0828	    6.5212	   5.5294	   6.3724	   6.5708	   8.0833	   2.9259	   2.8515	   1.4133	     0.124	     0.124	          0	         0	         0	#_155       
 2017	8.8	8	3	0	     52	     0	0	       0	   0	     0	0.2092	      0	  0.2092	  0.4184	     3.0858	     6.8515	     6.3808	     3.1904	    5.3347	   6.6946	   7.0084	   5.4916	   1.9874	   2.3536	   2.1444	   1.2029	   0.9937	         0	          0	         0	     0	   0	      0	     0	       0	     0	       0	       0	    0.4184	      2.772	    6.9561	     3.1904	     0.523	   6.4854	   9.5188	  10.5126	   2.5105	   3.2427	   0.3138	        0	         0	         0	          0	         0	         0	#_156       
 2018	8.8	8	3	0	     63	     0	0	       0	   0	     0	     0	      0	       0	       0	     0.2427	     1.5777	     1.4563	     1.2136	    2.6699	   0.7282	   4.2476	   9.7087	  12.2573	   8.0097	   8.4951	   5.2184	   0.6068	    0.1214	          0	         0	     0	   0	      0	     0	       0	     0	  0.2427	  0.2427	    0.1214	     1.2136	     1.699	     1.8204	    2.3058	   0.7282	   2.5485	   11.165	  10.1942	   7.8883	   2.5485	   0.3641	    0.1214	    0.2427	          0	         0	         0	#_157       
 2019	8.8	8	3	0	     55	     0	0	       0	   0	     0	     0	      0	       0	 1.14655	    1.71982	   0.654159	   0.573275	          0	  0.354175	  2.15704	  2.62328	  8.17121	  12.2606	  13.8066	  5.33687	  4.48308	  3.32764	   1.14442	    1.14442	  0.460018	     0	   0	      0	     0	       0	     0	       0	       0	  0.573275	   0.654159	  0.573275	   0.654159	   1.22743	   2.6166	  4.16505	  8.03495	  10.0243	  5.25352	  4.69408	  1.11418	   1.05184	         0	          0	         0	         0	#_158       
 2021	8.8	8	3	0	     38	     0	0	       0	   0	     0	     0	2.01643	       0	       0	    7.17733	    3.58867	          0	    2.71964	   4.36385	  1.73838	        0	  4.86833	   4.5222	  15.3008	    5.198	  2.89123	  2.46013	         0	          0	         0	     0	   0	      0	     0	       0	     0	       0	       0	         0	    3.58867	   3.59985	    1.35982	   6.17391	  1.80551	  3.54389	  5.28204	  8.98791	  2.76591	  4.24204	  1.80551	         0	         0	          0	         0	         0	#_159       
 2022	8.8	8	3	0	     41	     0	0	0.977514	   0	     0	     0	      0	       0	       0	   0.988627	   0.988627	    2.96588	    2.75142	   3.96645	  1.45034	    2.406	 0.725168	   7.5298	  8.72235	  6.10725	  2.23747	        0	   2.00114	    1.00057	         0	     0	   0	1.95503	     0	       0	     0	       0	0.988627	  0.988627	    1.97725	   2.96588	    2.96588	   1.97725	    1.769	 0.725168	   14.107	  12.3279	  7.01023	  4.88732	 0.536311	         0	         0	          0	         0	         0	#_160       
 2023	8.8	8	3	0	     70	     0	0	       0	   0	     0	     0	      0	       0	       0	          0	          0	          0	   0.159269	   1.26469	 0.506269	  2.19657	  8.34495	  21.9315	  26.6724	  17.0259	  5.80011	  3.62996	         0	          0	         0	     0	   0	      0	     0	       0	     0	       0	       0	         0	          0	         0	          0	  0.173038	 0.805913	 0.748548	  3.40762	  1.47351	  3.55214	  1.22256	  0.90749	         0	         0	          0	  0.177586	         0	#_161       
 2024	8.8	8	3	0	     85	     0	0	       0	   0	     0	     0	      0	0.866588	0.649941	   0.216647	          0	   0.259254	   0.735155	   2.31767	  4.80578	    6.988	  5.06619	  5.26886	  7.36897	  6.51816	   3.1549	  1.71454	  0.904349	   0.177193	         0	     0	   0	      0	     0	0.186631	     0	0.366737	0.649941	  0.649941	          0	  0.649941	    1.31293	   4.05519	  3.50751	  7.39511	  10.9665	  11.9334	  8.42595	   2.5532	        0	  0.334824	         0	          0	         0	         0	#_162       
-9999	  0	0	0	0	      0	     0	0	       0	   0	     0	     0	      0	       0	       0	          0	          0	          0	          0	         0	        0	        0	        0	        0	        0	        0	        0	        0	         0	          0	         0	     0	   0	      0	     0	       0	     0	       0	       0	         0	          0	         0	          0	         0	        0	        0	        0	        0	        0	        0	        0	         0	         0	          0	         0	         0	#_terminator
41 #_N_agebins
#
#_agebin_vector
0 1 2 3 4 5 6 7 8 9 10 11 12 13 14 15 16 17 18 19 20 21 22 23 24 25 26 27 28 29 30 31 32 33 34 35 36 37 38 39 40 #_agebin_vector
#
#_ageing_error
2 #_N_ageerror_definitions
#_age0	age1	age2	age3	age4	age5	age6	age7	age8	age9	age10	age11	age12	age13	age14	age15	age16	age17	age18	age19	age20	age21	age22	age23	age24	age25	age26	age27	age28	age29	age30	age31	age32	age33	age34	age35	age36	age37	age38	age39	age40
     0.5	     1.5	     2.5	     3.5	     4.5	     5.5	     6.5	     7.5	     8.5	     9.5	    10.5	   11.5	    12.5	   13.5	   14.5	   15.5	   16.5	   17.5	   18.5	   19.5	   20.5	   21.5	   22.5	   23.5	   24.5	   25.5	   26.5	   27.5	   28.5	   29.5	   30.5	   31.5	   32.5	   33.5	   34.5	   35.5	   36.5	   37.5	   38.5	   39.5	   40.5	#_1
0.144685	0.144685	0.186767	0.232724	0.282913	0.337724	0.397582	0.462953	0.534344	0.612309	0.697454	0.79044	0.891989	1.00289	  1.124	1.25627	1.40072	1.55847	1.73074	1.91888	2.12435	2.34874	2.59379	2.86141	3.15368	3.47285	3.82143	 4.2021	4.61783	5.07184	5.56766	6.10914	6.70049	7.34629	8.05157	 8.8218	9.66295	10.5816	11.5848	12.6804	13.8769	#_2
0.515025	 1.54508	 2.57513	 3.60518	 4.63523	 5.66528	 6.69533	 7.72538	 8.75543	 9.78548	 10.8155	11.8456	 12.8756	13.9057	14.9357	15.9658	16.9958	18.0259	19.0559	 20.086	 21.116	22.1461	23.1761	24.2062	25.2362	26.2663	27.2963	28.3264	29.3564	30.3865	31.4165	32.4466	33.4766	34.5067	35.5367	36.5668	37.5968	38.6269	39.6569	 40.687	 41.717	#_3
0.111336	0.111336	0.147152	0.187437	0.232748	0.283712	0.341034	0.405507	0.478023	0.559587	0.651326	0.75451	0.870568	 1.0011	1.14793	1.31306	1.49881	1.70772	 1.9427	2.20699	2.50425	 2.8386	3.21467	3.63764	4.11339	 4.6485	5.25036	 5.9273	 6.6887	7.54509	8.50833	9.59173	10.8103	12.1809	13.7225	15.4564	17.4066	19.6001	22.0673	24.8423	27.9635	#_4
#
#_age_info
#_mintailcomp	addtocomp	combine_M_F	CompressBins	CompError	ParmSelect	minsamplesize
-1	1e-04	2	0	0	0	0.01	#_BottomTrawl  
-1	1e-04	2	0	0	0	0.01	#_MidwaterTrawl
-1	1e-04	2	0	0	0	0.01	#_Hake         
-1	1e-04	2	0	0	0	0.01	#_ignore1      
-1	1e-04	2	0	0	0	0.01	#_ignore2      
-1	1e-04	2	0	0	0	0.01	#_JuvSurvey    
-1	1e-04	2	0	0	0	0.01	#_Triennial    
-1	1e-04	2	0	0	0	0.01	#_WCGBTS       
-1	1e-04	2	0	0	0	0.01	#_ForeignAtSea 
3 #_Lbin_method: 1=poplenbins; 2=datalenbins; 3=lengths
 #_combine males into females at or below this bin number
#_year	month	fleet	sex	part	ageerr	Lbin_lo	Lbin_hi	Nsamp	f0	f1	f2	f3	f4	f5	f6	f7	f8	f9	f10	f11	f12	f13	f14	f15	f16	f17	f18	f19	f20	f21	f22	f23	f24	f25	f26	f27	f28	f29	f30	f31	f32	f33	f34	f35	f36	f37	f38	f39	f40	m0	m1	m2	m3	m4	m5	m6	m7	m8	m9	m10	m11	m12	m13	m14	m15	m16	m17	m18	m19	m20	m21	m22	m23	m24	m25	m26	m27	m28	m29	m30	m31	m32	m33	m34	m35	m36	m37	m38	m39	m40
 2003	8.8	-8	3	0	1	-1	-1	      6	          0	   0	      0	          0	       0	         0	         0	        0	        0	    19.85	        0	        0	        0	         0	       1.3	       1.3	         0	      1.18	         0	         0	         0	         0	         0	         0	          0	          0	       1.18	          0	          0	          0	          0	          0	          0	      0	         0	          0	          0	      0	          0	   0	          0	          0	   0	      0	         0	          0	         0	         0	        0	     3.69	        0	        0	     16.5	        55	        0	        0	         0	         0	         0	         0	         0	         0	         0	         0	          0	          0	          0	          0	         0	      0	          0	          0	          0	         0	   0	   0	   0	   0	      0	   0	   0	      0	#_1         
 2004	8.8	-8	3	0	1	-1	-1	     15	          0	   0	   0.05	          0	    0.46	      2.29	     22.49	        0	        0	        0	        0	        0	        0	         0	         0	         0	         0	         0	         0	         0	         0	         0	         0	         0	          0	          0	          0	          0	          0	          0	          0	          0	          0	      0	         0	          0	          0	      0	          0	   0	          0	          0	   0	      0	      0.37	       0.41	     14.66	      0.74	     8.23	     8.23	        0	    14.43	    12.13	         0	        0	        0	     14.86	         0	         0	         0	      0.64	         0	         0	         0	          0	          0	          0	          0	         0	      0	          0	          0	          0	         0	   0	   0	   0	   0	      0	   0	   0	      0	#_2         
 2005	8.8	-8	3	0	1	-1	-1	     24	          0	   0	      0	          0	       0	      4.54	      2.92	     0.17	     0.12	     3.73	     5.45	     3.59	     2.72	      3.26	      2.84	      4.11	      4.23	         0	         0	      3.73	         0	      2.75	      4.11	         0	          0	          0	          0	       2.75	          0	          0	          0	          0	          0	      0	         0	          0	          0	      0	          0	   0	          0	          0	   0	      0	         0	          0	      0.17	      4.84	    11.28	     2.29	        0	     7.51	     1.82	      4.28	     5.06	     6.25	      4.11	         0	      1.36	         0	         0	         0	         0	         0	          0	          0	          0	          0	         0	      0	          0	          0	          0	         0	   0	   0	   0	   0	      0	   0	   0	      0	#_3         
 2006	8.8	-8	3	0	1	-1	-1	     32	          0	   0	      0	          0	       0	      3.86	      9.42	     4.42	     5.91	     2.23	     0.55	     1.36	     3.65	      6.15	         0	      2.45	      5.13	      0.41	      0.46	      1.99	      0.55	         0	         0	      0.33	       0.55	       0.92	          0	       0.92	          0	       0.46	       0.46	          0	          0	      0	         0	          0	          0	      0	          0	   0	          0	          0	   0	   0.31	         0	       3.86	      4.24	      2.75	     6.59	     7.39	     2.26	     0.55	     0.55	       3.1	     1.53	     1.43	      1.96	      3.94	         0	         0	         0	      3.94	         0	         0	        3.4	          0	          0	          0	         0	      0	          0	          0	          0	         0	   0	   0	   0	   0	      0	   0	   0	      0	#_4         
 2007	8.8	-8	3	0	1	-1	-1	     32	          0	   0	      0	          0	       0	      1.69	      1.38	      3.4	     9.15	     5.53	     8.29	     3.32	     3.46	      2.67	      2.17	      2.65	      1.23	         0	         0	         0	         0	      1.69	         0	         0	          0	          0	          0	          0	          0	          0	          0	          0	          0	      0	         0	          0	          0	      0	          0	   0	          0	          0	   0	      0	         0	          0	      1.69	      1.41	     3.28	    15.43	     6.21	     3.23	     6.84	      1.23	     2.43	     2.25	         0	      5.84	         1	         0	         1	         0	      1.51	         0	          0	          0	          0	          0	         0	      0	          0	          0	          0	         0	   0	   0	   0	   0	      0	   0	   0	      0	#_5         
 2008	8.8	-8	3	0	1	-1	-1	     18	          0	   0	      0	          0	       0	         0	         0	        0	     4.22	     11.2	        0	        0	        0	      4.57	         0	      6.66	         0	      5.26	         0	         0	         0	         0	      3.01	         0	          0	          0	          0	          0	          0	          0	          0	          0	          0	      0	         0	          0	          0	      0	          0	   0	          0	          0	   0	      0	         0	       4.05	     10.43	      5.96	        0	        0	     3.01	     8.88	    15.82	         0	     5.64	     5.64	         0	      5.64	         0	         0	         0	         0	         0	         0	          0	          0	          0	          0	         0	      0	          0	          0	          0	         0	   0	   0	   0	   0	      0	   0	   0	      0	#_6         
 2009	8.8	-8	3	0	2	-1	-1	     40	          0	   0	      0	          0	       0	        10	      0.92	     3.17	        4	     5.83	     3.58	      4.1	     5.02	      1.51	      3.35	       1.8	      2.26	      3.66	      2.57	      2.38	      1.41	      0.71	      0.75	      0.93	       0.57	       0.93	          0	       0.93	          0	          0	          0	          0	          0	      0	         0	          0	          0	      0	          0	   0	          0	          0	   0	      0	         0	          0	      3.92	      2.87	     2.08	     0.92	     3.17	     7.41	     3.99	      1.55	      1.5	     2.58	      2.14	      2.21	         0	      0.58	         0	         0	         0	         0	          0	       0.75	          0	       0.83	      3.13	      0	          0	          0	          0	         0	   0	   0	   0	   0	      0	   0	   0	      0	#_7         
 2010	8.8	-8	3	0	2	-1	-1	     36	          0	   0	   0.79	        0.2	     0.2	         0	      0.88	     0.27	        0	     3.89	    10.15	     19.9	     4.58	      7.18	      4.57	      1.14	      0.52	      0.15	      1.14	      3.42	      3.83	         0	         0	         0	          0	          0	          0	          0	          0	          0	          0	          0	          0	      0	         0	          0	          0	      0	          0	   0	          0	          0	   0	   0.98	       0.2	        0.2	         0	      0.44	      3.8	        0	     4.25	      5.3	     6.09	      0.76	     6.72	     2.68	      0.78	      0.88	       0.1	      3.69	      0.18	         0	         0	         0	       0.14	          0	          0	          0	         0	      0	          0	          0	          0	         0	   0	   0	   0	   0	      0	   0	   0	      0	#_8         
 2011	8.8	-8	3	0	1	-1	-1	     41	          0	   0	      0	       0.98	       0	      1.85	         0	     8.66	     2.01	      2.4	     3.02	     4.45	     1.79	      2.76	      1.96	      0.49	      0.61	      1.89	      2.87	      0.68	      0.49	         0	      0.68	         0	       2.88	          0	          0	          0	          0	       0.07	          0	          0	          0	      0	         0	          0	          0	      0	          0	   0	          0	          0	   0	      0	      1.45	          0	      1.39	      0.06	     8.29	     1.41	     1.12	     8.66	    14.12	      5.43	     1.51	     1.04	      4.93	      4.24	      0.75	         0	      0.98	      1.47	      0.73	         0	       0.06	       0.07	          0	       0.98	         0	      0	          0	          0	          0	      0.77	   0	   0	   0	   0	      0	   0	   0	      0	#_9         
 2012	8.8	-8	3	0	1	-1	-1	     38	          0	   0	      0	          0	   16.87	         0	      0.18	      1.2	     5.96	     0.22	     4.07	     0.95	     5.65	      1.45	         0	      1.38	      6.84	      1.56	         0	         0	      1.63	      2.54	         3	         0	          0	          0	          0	          0	          0	          0	       2.28	          0	          0	      0	         0	          0	          0	      0	          0	   0	          0	          0	   0	      0	      1.59	      11.23	      5.07	      2.28	     2.01	     3.78	        0	     0.85	        0	      3.08	     3.95	        0	      0.72	      5.02	      2.28	         0	         0	       0.8	         0	         0	       0.68	          0	          0	          0	         0	      0	          0	          0	          0	      0.68	   0	0.17	   0	   0	      0	   0	   0	      0	#_10        
 2013	8.8	-8	3	0	1	-1	-1	     35	       0.03	   0	      0	       7.37	    6.24	      15.6	      1.56	     1.73	        0	     0.06	     0.59	     0.11	     2.18	      2.71	      1.68	      1.68	      0.24	      0.42	         0	      0.42	      0.42	      1.26	      0.42	      0.89	       0.84	          0	          0	       0.24	          0	       0.42	       0.42	       0.42	          0	      0	         0	          0	          0	      0	          0	   0	          0	       0.03	   0	   0.12	     10.37	        4.6	      9.98	      8.47	     0.58	     4.54	     0.16	     0.15	     0.35	      1.73	     0.58	     0.84	      2.41	      1.73	      0.42	      2.65	      0.24	      0.59	         0	      1.26	          0	          0	          0	          0	         0	      0	          0	       0.24	          0	         0	   0	   0	   0	   0	      0	   0	   0	      0	#_11        
 2014	8.8	-8	3	0	1	-1	-1	     46	          0	   0	      0	          0	    3.85	      0.37	     13.89	     1.72	     6.02	     1.56	     1.06	     1.49	     2.78	      0.46	      2.87	      2.62	       0.9	         0	      1.46	      0.32	         0	         0	         0	         0	          0	          0	       0.23	          0	          0	          0	       0.26	          0	          0	      0	         0	          0	          0	      0	          0	   0	          0	          0	   0	      0	         0	       3.57	      3.14	     27.96	     5.24	     4.25	      1.2	     1.84	     1.58	      2.29	     1.22	     0.63	      2.08	      0.59	      0.89	      0.26	      0.69	         0	      0.13	         0	       0.28	          0	       0.13	          0	         0	      0	          0	          0	       0.15	         0	   0	   0	   0	   0	      0	   0	   0	      0	#_12        
 2015	8.8	-8	3	0	1	-1	-1	      1	          0	   0	      0	          0	       0	         0	         0	        0	        0	        0	        0	        0	        0	         0	         0	         0	         0	         0	         0	         0	         0	         0	         0	         0	          0	       1.09	          0	          0	          0	          0	          0	          0	          0	      0	         0	          0	          0	      0	          0	   0	          0	          0	   0	      0	         0	          0	         0	         0	        0	        0	        0	        0	        0	         0	        0	        0	         0	         0	         0	         0	         0	         0	         0	         0	          0	          0	          0	          0	         0	      0	          0	          0	          0	         0	   0	   0	   0	   0	      0	   0	   0	      0	#_13        
 2016	8.8	-8	3	0	1	-1	-1	      5	          0	   0	      0	          0	       0	         0	         1	        1	        1	        2	        3	        0	        0	         2	         0	         0	         0	         1	         0	         1	         0	         0	         0	         0	          0	          0	          0	          0	          1	          0	          0	          0	          0	      0	         0	          0	          0	      0	          0	   0	          0	          0	   0	      0	         0	          0	         1	         0	        1	        3	        0	        0	        1	         1	        0	        0	         1	         1	         0	         0	         1	         0	         0	         0	          0	          0	          1	          0	         0	      0	          0	          0	          0	         0	   0	   0	   0	   0	      0	   0	   0	      0	#_14        
 2017	8.8	-8	3	0	1	-1	-1	      6	          0	   0	      0	          0	       1	         0	         0	        0	        0	        1	        0	     2.14	     1.14	      4.55	      2.27	         0	         0	      2.27	      2.27	         0	         0	         0	      1.14	      1.14	          0	          0	          0	          0	          0	       1.14	       1.14	          0	          0	      0	      1.14	          0	          0	      0	          0	1.14	          0	          0	   0	      0	         0	          0	         0	         1	        0	        0	        0	        0	        0	         1	        0	        0	         0	         0	         0	         0	         0	         0	         0	         0	          0	          0	          0	          0	         0	      0	          0	          0	          0	         0	   0	   0	   0	   0	      0	   0	   0	      0	#_15        
 2018	8.8	-8	3	0	1	-1	-1	      8	          0	   0	      0	          0	       0	         0	      1.11	        0	        0	        0	        0	     2.12	     2.21	      1.22	         0	         1	         0	         0	         0	      1.22	         0	         0	         0	         0	          0	          0	          0	          0	          0	       1.02	          0	          0	          0	      0	         0	          0	          0	      0	          0	   0	          0	          0	   0	      0	         0	          0	         0	         0	        0	        0	        0	        1	        0	         0	        0	        0	         0	         0	         0	         0	         0	         0	         0	         0	          0	          0	          0	          0	         0	      0	          0	          0	          0	         0	   0	   0	   0	   0	      0	   0	   0	      0	#_16        
 1978	  7	 1	3	0	2	-1	-1	     21	          0	   0	      0	          0	       0	      0.02	      0.49	     10.5	    18.97	     4.02	      3.5	     1.79	        0	      6.35	      0.04	       0.5	      0.49	         0	      1.01	      0.02	         0	         0	      0.49	         0	       0.13	       1.75	       0.02	          0	          0	          0	       0.02	          0	          0	      0	         0	          0	          0	      0	          0	0.49	       1.75	          0	   0	      0	         0	          0	         0	      0.13	     3.67	     5.46	    10.52	     4.51	     5.73	      1.98	     1.75	      0.5	      1.88	       3.5	      0.02	      1.75	      0.17	      1.75	      2.06	         0	       0.35	          0	       1.75	          0	         0	      0	          0	          0	          0	         0	   0	   0	   0	   0	   0.18	   0	   0	      0	#_17        
 1979	  7	 1	3	0	2	-1	-1	    106	          0	   0	      0	          0	       0	      0.14	       0.1	     1.72	     7.94	    16.93	     6.84	     6.97	     3.49	      4.33	      2.02	      2.92	      3.08	      1.99	      1.02	      2.32	      0.49	      1.58	      0.19	      1.66	       1.94	          0	       0.17	          0	          0	          0	        0.4	          0	          0	      0	      0.38	          0	          0	      0	          0	   0	          0	          0	   0	      0	         0	          0	         0	       0.1	     1.37	     2.09	     7.04	     3.09	     3.06	      2.27	     1.24	     2.34	      0.43	      2.44	      1.18	       0.8	      0.01	       0.4	      1.32	      0.28	       0.38	       0.37	        0.4	       0.59	      0.19	      0	          0	          0	          0	         0	0.01	0.01	   0	   0	      0	   0	   0	      0	#_18        
 1980	  7	 1	3	0	2	-1	-1	    127	          0	   0	      0	          0	       0	       0.4	      1.29	     0.62	     2.22	     6.49	    10.65	     7.86	     6.03	      5.44	      5.19	      2.63	      2.17	      2.92	      3.17	       0.7	       1.2	      1.53	      0.31	      0.03	       0.12	       1.11	       0.72	       0.28	       0.59	          0	       0.28	          0	          0	      0	         0	          0	          0	      0	          0	   0	          0	          0	   0	      0	         0	          0	      1.07	      0.56	     0.54	     1.38	        4	     3.95	     2.58	      4.21	     2.41	     2.34	      1.23	      3.78	      0.49	       1.8	      0.81	      0.45	      1.21	      0.28	       1.07	       0.67	       0.01	        0.4	      0.23	   0.14	          0	          0	          0	      0.17	   0	   0	   0	   0	      0	   0	   0	   0.28	#_19        
 1981	  7	 1	3	0	2	-1	-1	    111	          0	   0	      0	          0	    1.08	      0.49	       2.8	     4.68	     3.47	     2.73	     8.67	     8.95	     4.92	      3.19	      3.01	         4	       4.9	      1.71	      1.98	       2.3	      0.09	      0.37	      0.14	      1.12	       0.56	          0	          0	       0.56	          0	       0.13	          0	          0	          0	      0	         0	          0	          0	   0.56	          0	   0	          0	          0	   0	      0	      0.35	       1.19	      0.94	      3.57	     2.35	     4.55	     3.45	     6.91	     4.54	      2.62	     1.28	     0.86	      0.76	      0.67	      1.05	      0.13	      0.14	      0.16	      0.56	      0.08	       0.63	       0.12	       0.13	       0.56	         0	      0	          0	          0	          0	         0	   0	   0	   0	   0	      0	   0	   0	      0	#_20        
 1982	  7	 1	3	0	2	-1	-1	    287	          0	   0	   0.11	          0	    0.62	      7.41	      1.31	     6.22	     4.29	     2.73	     1.27	     2.08	     7.05	      3.71	      2.68	      3.12	      2.12	      1.96	      2.02	      1.93	      0.87	      0.96	      1.33	      0.26	       0.24	       0.21	       0.24	       0.57	       0.28	        0.3	       0.11	       0.08	       0.03	   0.17	         0	          0	       0.02	      0	          0	   0	          0	          0	   0	      0	         0	       0.68	      8.19	       0.9	     4.44	     3.52	     2.17	     1.58	     3.19	      6.44	     2.73	     2.34	      1.92	         1	      0.46	      0.79	      0.44	       0.7	      0.48	      0.45	       0.28	       0.25	       0.26	          0	      0.34	   0.09	          0	          0	       0.04	         0	   0	   0	   0	   0	      0	   0	   0	   0.02	#_21        
 1983	  7	 1	3	0	2	-1	-1	    433	          0	   0	      0	          0	    0.83	      4.54	     10.49	     2.43	     5.08	     2.91	     3.04	     1.38	     2.83	      4.52	       2.3	      1.17	      1.73	      0.92	      1.69	      1.89	      0.84	      1.04	      0.81	      0.68	       0.86	       0.75	       0.09	       0.48	       0.92	       0.61	       0.13	        0.4	       0.21	   0.49	      0.01	       0.16	       0.12	   0.18	        0.1	 0.2	       0.45	          0	   0	      0	         0	       0.34	      4.71	     12.27	     2.81	      2.9	     1.56	     0.77	     0.63	      1.96	      4.1	     0.91	      1.11	      1.29	      0.65	      1.27	      0.86	      0.26	      0.47	      0.38	       0.55	        0.6	       0.42	       0.51	      0.05	   0.18	       0.25	       0.21	       0.08	      0.04	0.03	   0	0.14	0.01	   0.19	   0	   0	    0.2	#_22        
 1984	  7	 1	3	0	2	-1	-1	    519	          0	   0	      0	          0	       0	      2.52	     10.18	    14.07	     3.39	     2.27	     1.56	     1.02	     0.64	      1.33	      2.89	      1.34	      0.71	       0.8	      0.52	      0.78	      1.12	      0.69	      0.53	      0.49	       0.65	       0.19	       0.55	       0.15	       0.09	       0.43	       0.01	       0.12	       0.01	   0.04	      0.02	       0.04	       0.01	      0	       0.09	   0	       0.04	          0	   0	      0	         0	          0	      3.25	     14.56	    12.19	      3.2	     2.96	     1.64	     0.92	      0.62	     1.42	        2	      1.65	      0.92	      0.98	      0.72	      0.53	      0.47	      0.31	      0.17	       0.07	       0.29	       0.15	       0.45	      0.04	   0.03	       0.42	       0.01	       0.02	      0.17	0.07	0.37	   0	0.02	   0.01	   0	   0	   0.11	#_23        
 1985	  7	 1	3	0	2	-1	-1	    506	          0	   0	      0	       0.01	    0.02	      0.74	      4.62	     8.99	    15.05	     2.15	     4.37	     1.55	     0.71	      0.15	      2.11	      4.05	      0.39	      0.92	      1.39	      0.83	         1	      1.06	      0.87	      0.66	       0.88	       0.69	       0.22	       0.04	       0.17	       0.05	       0.26	       0.03	       0.06	   0.39	      0.29	       0.06	       0.03	      0	          0	0.04	       0.03	          0	   0	      0	         0	       0.38	      1.69	      4.47	     9.47	     9.56	     1.57	     2.64	     1.81	      0.38	     0.62	     1.35	      4.81	      0.41	       0.4	      0.58	      0.44	      0.81	      1.11	       0.3	       0.21	       0.39	       0.22	       0.23	      0.13	   0.06	          0	        0.4	       0.05	      0.23	0.07	0.09	0.08	0.03	   0.01	0.01	0.01	   0.06	#_24        
 1986	  7	 1	3	0	2	-1	-1	    472	          0	   0	      0	          0	    0.33	      2.57	      4.48	     5.47	      7.2	     8.81	     1.42	      2.1	     1.45	      0.31	      0.14	      0.54	      5.92	      1.94	      1.75	      1.07	      1.38	      0.97	      0.36	      0.47	       0.52	        0.2	       0.29	       0.04	       0.12	       0.16	       0.04	       0.48	       0.25	   0.43	      0.14	       0.24	       0.29	      0	       0.22	   0	       0.23	          0	   0	      0	         0	       0.59	      2.67	      5.86	     6.36	     9.67	    10.38	      0.8	     2.06	      1.68	     0.16	      0.1	      0.44	      2.73	      0.59	      0.27	      0.52	      0.38	      0.58	      0.17	       0.27	       0.16	       0.17	       0.36	      0.19	    0.1	       0.05	       0.01	       0.18	         0	0.01	0.06	0.02	   0	   0.05	0.01	0.04	      0	#_25        
 1987	  7	 1	3	0	2	-1	-1	    355	          0	   0	      0	       0.26	    0.08	      0.97	      5.94	     7.78	     6.46	     6.57	     6.44	     0.63	     2.69	      0.71	      1.01	       0.1	      1.64	      1.68	      0.79	      0.54	      0.36	      0.24	      0.94	      0.22	       0.28	       0.84	       0.29	       0.23	       0.23	       0.02	       0.21	       0.01	        0.1	      0	      0.02	       0.02	       0.02	   0.05	          0	   0	       0.27	          0	   0	      0	      0.26	       0.03	      1.24	      4.94	     8.78	     7.45	     5.37	    11.13	     0.52	      2.36	     1.61	     0.06	         0	         1	      2.19	      0.79	      0.58	       0.4	      0.83	      0.11	       0.19	       0.48	          0	       0.03	      0.01	   0.04	       0.12	       0.21	          0	      0.08	0.05	0.11	0.09	   0	   0.24	   0	   0	   0.05	#_26        
 1988	  7	 1	3	0	2	-1	-1	    324	          0	   0	      0	       1.24	    7.92	      0.76	      4.66	    10.89	     6.87	     4.35	     3.19	     3.17	     1.03	      0.98	      0.88	       0.4	      0.35	      0.48	      1.02	      0.57	      0.42	      0.35	      0.51	      1.02	        0.6	       0.53	       0.17	        0.4	       0.19	       0.01	       0.21	          0	          0	   0.01	         0	          0	          0	      0	          0	0.11	          0	          0	   0	      0	      0.29	        4.6	       1.3	      5.58	    11.32	     8.02	     4.99	     1.84	     2.46	      0.65	     0.48	     0.51	       0.2	      0.16	      0.64	      1.22	      0.34	      0.23	      0.07	      0.11	       0.36	       0.42	       0.09	       0.02	      0.06	   0.01	       0.02	       0.01	       0.29	         0	0.03	0.19	   0	   0	      0	   0	   0	   0.16	#_27        
 1989	  7	 1	3	0	2	-1	-1	    402	          0	   0	      0	          0	    0.95	      7.38	      5.49	     5.17	    12.04	     7.03	     3.19	     2.75	     1.64	      0.74	      0.57	      0.63	      0.28	      0.17	      0.27	      0.48	      0.59	      0.25	      0.18	      0.12	       0.19	       0.19	       0.16	       0.07	       0.04	       0.14	          0	       0.02	       0.16	   0.07	      0.04	          0	       0.13	      0	          0	   0	          0	          0	   0	      0	         0	        1.3	      8.18	      5.71	     6.52	    12.56	     5.65	     2.98	     1.68	      0.88	     0.63	     0.62	      0.39	      0.02	       0.1	      0.31	      0.53	      0.25	      0.22	      0.15	       0.03	       0.04	       0.07	       0.02	      0.02	      0	          0	       0.01	          0	         0	   0	   0	   0	   0	      0	   0	   0	      0	#_28        
 1990	  7	 1	3	0	2	-1	-1	    449	          0	   0	      0	       0.08	    0.27	      4.24	       9.2	     4.97	      5.4	     8.25	     7.04	     3.03	     1.95	      1.49	      0.74	      0.83	       0.2	      0.19	      0.17	       0.3	      0.98	      0.31	       0.1	      0.13	       0.24	       0.07	       0.11	       0.04	       0.01	          0	       0.02	       0.06	          0	      0	         0	          0	          0	      0	          0	   0	          0	          0	   0	      0	      0.09	       0.29	       5.2	     10.73	     4.83	     5.54	     8.61	      4.1	     2.22	      1.92	     1.57	     0.97	      0.41	      0.62	      0.37	      0.05	      0.15	      0.63	      0.18	      0.12	       0.33	       0.13	       0.09	       0.09	         0	   0.03	       0.06	       0.16	          0	         0	0.05	   0	   0	   0	      0	0.06	   0	      0	#_29        
 1991	  7	 1	3	0	2	-1	-1	    537	          0	   0	      0	       0.05	    1.37	      2.25	      6.75	     7.48	     5.47	     5.55	     8.11	     4.21	     2.75	      2.54	      0.88	      0.65	      0.56	      0.36	      0.07	      0.32	      0.31	      1.13	      0.32	      0.34	       0.32	       0.26	       0.03	       0.08	       0.02	       0.23	       0.02	       0.05	          0	      0	      0.01	          0	       0.21	      0	       0.06	   0	          0	          0	   0	      0	         0	       2.49	      2.13	      8.42	     9.95	     5.93	     3.86	     6.27	     2.98	      1.11	     1.35	     0.56	      0.14	      0.57	       0.1	      0.07	      0.09	      0.13	      0.36	      0.19	       0.14	       0.03	       0.07	          0	      0.03	   0.06	          0	       0.13	       0.05	         0	0.03	   0	   0	   0	      0	   0	   0	      0	#_30        
 1992	  7	 1	3	0	2	-1	-1	    485	          0	   0	      0	          0	    0.01	      1.12	      2.14	     9.72	     9.36	      5.9	     4.44	     6.98	     3.84	       2.9	      2.21	      1.16	      0.35	       0.4	      0.12	      0.24	       0.3	      0.46	      0.55	      0.29	       0.28	       0.32	       0.16	       0.08	       0.08	       0.01	       0.02	       0.16	       0.09	   0.02	      0.01	          0	          0	   0.15	          0	   0	       0.01	          0	   0	      0	         0	       0.08	       1.9	      2.94	    10.52	     7.42	        5	     2.74	     5.19	      2.27	     2.42	      1.4	      0.68	      0.47	      0.63	      0.15	      0.22	       0.4	      0.18	       0.6	       0.26	       0.03	       0.04	       0.12	         0	   0.03	       0.26	          0	          0	      0.12	   0	   0	   0	0.04	   0.01	   0	   0	      0	#_31        
 1993	  7	 1	3	0	2	-1	-1	    352	          0	   0	      0	          0	    0.01	      0.36	      3.98	     4.34	    10.21	     7.05	     3.67	      3.5	     5.02	      3.64	      2.25	      1.53	      1.57	      0.73	      0.81	      0.55	      0.31	      0.28	      0.39	      0.76	       0.27	       0.05	        0.6	       0.01	       0.13	       0.11	       0.02	          0	       0.09	   0.02	         0	       0.04	          0	   0.02	          0	   0	       0.04	          0	   0	      0	         0	          0	      1.45	       4.6	     4.04	     9.82	     6.71	      3.7	     2.79	       4.7	     2.74	      2.1	       1.4	      0.59	      0.38	      0.49	      0.06	      0.28	      0.02	      0.08	       0.61	       0.06	        0.2	       0.16	      0.17	   0.04	       0.04	       0.01	          0	      0.05	0.04	0.12	0.01	   0	      0	0.08	   0	   0.12	#_32        
 1994	  7	 1	3	0	2	-1	-1	    368	          0	   0	      0	       0.14	    0.26	      1.06	      4.36	    10.01	     6.33	     5.84	     5.92	     4.28	     2.31	      5.44	      2.57	      1.82	      1.19	      1.25	      0.55	      0.56	      0.26	      0.33	      0.04	      0.14	       0.41	       0.05	       0.41	        0.1	       0.01	       0.15	       0.04	          0	          0	      0	         0	          0	       0.03	      0	          0	   0	          0	          0	   0	      0	      0.14	       0.32	      1.31	      5.51	    11.32	     7.67	      4.6	     1.78	     2.41	      2.48	     2.16	      0.8	      0.65	      0.71	      0.85	      0.31	      0.03	      0.42	      0.04	      0.01	       0.07	       0.11	       0.01	          0	      0.02	    0.2	       0.13	          0	       0.04	         0	   0	0.04	   0	   0	   0.01	   0	   0	      0	#_33        
 1995	  7	 1	3	0	2	-1	-1	    217	          0	   0	      0	          0	    1.27	      2.29	      2.41	      8.1	     9.51	      4.8	      5.4	        4	     1.59	      1.56	      1.72	      0.47	      0.33	      0.64	      0.25	      0.19	      0.34	      0.14	      0.14	      0.09	       0.06	       0.03	          0	       0.01	          0	          0	          0	       0.01	       0.06	      0	         0	          0	          0	      0	          0	   0	          0	          0	   0	      0	         0	       1.41	      3.36	      8.19	     6.68	    15.61	     4.06	     5.65	     3.19	      1.27	     1.63	     1.07	      1.21	      0.32	      0.38	      0.37	         0	         0	         0	      0.05	       0.13	          0	          0	          0	         0	      0	          0	          0	          0	         0	   0	   0	   0	   0	      0	   0	   0	      0	#_34        
 1996	  7	 1	3	0	2	-1	-1	    296	          0	   0	      0	       0.29	    0.94	      5.97	      7.37	     7.36	     9.18	     5.55	      3.4	     3.84	     3.13	      1.37	      0.88	      2.76	      0.09	      0.16	      0.72	      0.22	       0.1	      0.44	         0	      0.06	       0.06	       0.11	       0.12	          0	          0	          0	          0	          0	       0.06	      0	         0	       0.06	          0	      0	          0	   0	          0	          0	   0	      0	       0.1	       0.31	      5.44	      7.08	     6.85	     7.18	     6.48	     2.53	      2.1	      2.15	     1.12	     0.27	      1.49	      0.42	      0.57	      0.55	      0.35	         0	      0.06	         0	       0.16	       0.06	          0	       0.27	         0	      0	          0	          0	       0.09	      0.12	   0	   0	   0	0.01	      0	   0	   0	      0	#_35        
 1997	  7	 1	3	0	2	-1	-1	    371	          0	   0	      0	       0.01	    0.76	      2.68	     10.08	     7.98	     4.37	     4.52	     3.22	     3.37	     2.24	      1.73	      1.63	      0.82	      1.61	       0.7	      0.23	      0.37	      0.31	      0.06	      0.27	      0.18	       0.01	       0.01	       0.15	       0.13	       0.01	       0.04	          0	       0.01	       0.01	      0	         0	          0	          0	      0	          0	   0	          0	          0	   0	      0	         0	       0.62	      3.65	     19.69	      9.2	     4.74	      3.9	     2.61	     1.67	      2.16	     1.02	     0.85	      0.27	      0.76	      0.25	      0.32	      0.09	      0.18	      0.11	      0.03	       0.01	       0.14	          0	          0	         0	   0.01	          0	       0.08	       0.05	         0	   0	   0	   0	   0	      0	   0	   0	   0.07	#_36        
 1998	  7	 1	3	0	2	-1	-1	    345	          0	   0	      0	          0	     0.1	       4.6	       4.1	    10.15	      8.6	     5.29	     3.12	     2.97	     2.48	      1.96	      1.27	      1.41	      0.43	      1.04	       0.2	      0.17	       0.1	      0.55	      0.09	      0.02	       0.02	          0	          0	          0	          0	       0.09	          0	          0	          0	   0.03	         0	          0	          0	      0	          0	   0	          0	          0	   0	      0	         0	       0.76	      4.85	      5.22	    13.84	     9.69	     4.57	     2.99	     2.35	      1.84	     1.33	     1.19	      0.41	       0.2	      0.62	      0.03	      0.15	      0.26	      0.16	      0.12	       0.28	          0	       0.15	          0	         0	   0.03	          0	          0	          0	         0	   0	   0	   0	   0	   0.18	   0	   0	      0	#_37        
 1999	  7	 1	3	0	2	-1	-1	    295	          0	   0	      0	       0.01	    0.37	      2.53	      8.04	     5.99	     9.84	     5.51	     3.46	     2.35	     1.75	      2.22	      0.91	      1.09	      0.67	      0.15	      0.37	      0.17	       0.2	      0.04	      0.14	      0.09	       0.11	       0.02	       0.01	          0	          0	          0	          0	          0	          0	      0	         0	          0	          0	      0	          0	   0	          0	          0	   0	      0	      0.03	       0.44	      3.24	      9.89	    10.64	    13.02	     6.24	     2.89	     1.68	      0.81	     1.08	     0.91	      0.35	       0.3	       0.2	      0.51	      0.28	      0.55	      0.29	      0.16	       0.11	       0.04	       0.23	       0.05	         0	      0	       0.02	          0	          0	         0	   0	   0	   0	   0	      0	   0	   0	   0.02	#_38        
 2000	  7	 1	3	0	2	-1	-1	     45	          0	   0	      0	          0	       0	      0.11	       9.1	    12.86	    12.89	     3.83	     5.99	     9.26	     9.06	      0.88	      3.56	      0.02	      7.62	         0	      2.89	         0	      0.01	         0	         0	         0	          0	          0	       2.75	          0	          0	          0	          0	          0	          0	      0	         0	          0	          0	      0	          0	   0	          0	          0	   0	      0	         0	          0	      0.11	      1.09	     1.97	     2.13	     5.55	     1.24	     3.14	      2.96	     0.42	     0.14	      0.28	      0.14	         0	      0.02	         0	         0	         0	         0	          0	          0	          0	          0	         0	      0	          0	          0	          0	         0	   0	   0	   0	   0	      0	   0	   0	      0	#_39        
 2001	  7	 1	3	0	2	-1	-1	     27	          0	   0	      0	          0	       0	      1.81	      1.81	     9.64	     5.69	     4.14	     2.69	      3.8	     2.93	      6.29	      2.38	      1.39	      0.98	         0	      1.67	         0	         0	         0	         0	         0	       0.13	          0	          0	          0	          0	          0	          0	          0	          0	      0	         0	          0	          0	      0	          0	   0	          0	          0	   0	      0	         0	       3.82	      1.81	      8.82	    13.46	     6.71	     3.93	     4.29	     4.12	      1.03	     3.53	     1.96	      0.14	         0	         0	         0	      0.13	      0.69	         0	         0	          0	          0	          0	          0	         0	      0	          0	       0.21	          0	         0	   0	   0	   0	   0	      0	   0	   0	      0	#_40        
 2002	  7	 1	3	0	2	-1	-1	    105	          0	   0	      0	          0	    2.97	      2.07	      1.19	     3.36	     4.44	     5.19	    13.41	     1.68	     6.61	      2.62	       1.3	      1.01	      0.31	      0.28	      0.29	      0.12	      0.08	      0.08	      0.08	      0.08	       0.42	          0	          0	          0	          0	          0	          0	          0	          0	      0	         0	          0	       0.08	      0	          0	   0	          0	          0	   0	      0	         0	        4.8	      1.99	      2.89	     4.92	     8.47	     4.42	    13.01	     3.73	       2.6	     1.95	     0.77	      0.83	      0.46	       0.7	         0	      0.36	         0	         0	       0.2	       0.08	          0	       0.08	          0	         0	      0	          0	          0	          0	         0	0.08	   0	   0	   0	      0	   0	   0	      0	#_41        
 2003	  7	 1	3	0	2	-1	-1	     15	          0	   0	      0	       1.26	   39.05	      3.78	         0	        0	     1.26	     0.73	     2.71	     0.73	        0	         0	      1.26	         0	         0	         0	         0	         0	         0	         0	         0	         0	          0	          0	          0	          0	          0	          0	          0	          0	          0	      0	         0	          0	          0	      0	          0	   0	          0	          0	   0	      0	         0	      26.46	      1.26	      0.73	     1.45	     3.97	      4.7	      4.7	        0	      1.99	        0	     0.73	      1.26	      1.26	         0	         0	         0	         0	      0.73	         0	          0	          0	          0	          0	         0	      0	          0	          0	          0	         0	   0	   0	   0	   0	      0	   0	   0	      0	#_42        
 2004	  7	 1	3	0	2	-1	-1	      5	          0	   0	      0	          0	       0	      0.45	         0	        0	        0	        0	    12.35	    10.95	    17.35	         0	         0	         0	         0	     12.35	         0	         0	         0	         0	         0	         0	          0	          0	          0	       0.45	          0	          0	          0	          0	          0	      0	      0.45	          0	          0	      0	          0	   0	          0	          0	   0	      0	         0	          0	         0	         0	        0	        0	        0	    10.95	    17.35	         0	    17.35	        0	         0	         0	         0	         0	         0	         0	         0	         0	          0	          0	          0	          0	         0	      0	          0	          0	          0	         0	   0	   0	   0	   0	      0	   0	   0	      0	#_43        
 2005	  7	 1	3	0	2	-1	-1	      8	          0	   0	      0	          0	       0	         0	      8.46	    15.34	    13.71	     1.21	     1.21	        0	        0	         0	      1.21	         0	         0	         0	         0	         0	         0	      1.21	         0	         0	          0	          0	          0	          0	          0	          0	          0	          0	          0	      0	         0	          0	          0	      0	          0	   0	          0	          0	   0	      0	         0	          0	         0	      2.82	    21.77	    10.89	     8.46	     4.03	     4.03	         0	     2.82	        0	      2.82	         0	         0	         0	         0	         0	         0	         0	          0	          0	          0	          0	         0	      0	          0	          0	          0	         0	   0	   0	   0	   0	      0	   0	   0	      0	#_44        
 2006	  7	 1	3	0	2	-1	-1	     29	          0	   0	      0	          0	       0	      0.71	      6.02	     12.6	     7.09	     9.93	      4.3	     4.22	     2.19	       2.1	      2.69	      2.61	         1	      0.99	      0.99	         0	         0	         0	         0	         0	       1.01	        0.3	          0	          0	          0	          0	          0	          0	          0	      0	         0	          0	          0	      0	          0	   0	          0	          0	   0	      0	         0	          0	       1.8	      2.13	     8.23	     2.44	     3.02	     5.17	      1.3	      3.09	     2.14	     1.72	      1.91	      1.98	      0.71	      0.99	      1.46	      0.99	      0.73	      0.73	          0	          0	          0	          0	         0	      0	          0	          0	          0	         0	   0	 0.7	   0	   0	      0	   0	   0	      0	#_45        
 2007	  7	 1	3	0	2	-1	-1	     76	          0	   0	      0	          0	       0	         0	      0.96	     2.41	     3.62	     5.49	    49.29	     2.77	     1.35	      5.77	       1.8	      1.49	      1.05	      0.45	      0.13	      0.61	      0.26	         0	      0.71	         0	       0.17	          0	          0	          0	          0	          0	       0.12	          0	          0	      0	         0	          0	          0	      0	          0	   0	       0.12	          0	   0	      0	         0	          0	         0	      0.44	     1.58	     2.82	     5.26	     1.36	     1.81	      2.14	     0.98	     0.65	      0.78	      1.12	         0	      0.71	      1.02	         0	      0.12	      0.19	          0	          0	       0.35	       0.12	         0	      0	          0	          0	          0	         0	   0	   0	   0	   0	      0	   0	   0	      0	#_46        
 2008	  7	 1	3	0	2	-1	-1	     77	          0	   0	      0	          0	       0	         0	      4.19	     0.58	     7.48	     3.39	     7.47	     4.85	     3.59	      3.26	      2.44	      2.84	      2.13	      4.31	      2.82	      2.33	      1.58	      1.59	      1.32	      0.95	       0.21	       0.61	       0.12	       0.65	          0	       0.24	        0.2	       0.25	          0	      0	         0	          0	        0.2	      0	          0	0.21	       0.12	          0	   0	      0	         0	          0	         0	      0.27	     0.94	     5.57	     7.27	     6.71	     5.03	      2.77	     3.91	     2.18	      1.56	       0.2	         0	         0	      0.12	       0.9	         0	      0.68	        0.2	       0.22	          0	       0.57	      0.21	   0.24	       0.24	          0	          0	      0.12	   0	   0	   0	0.12	      0	   0	   0	      0	#_47        
 2009	  7	 1	3	0	2	-1	-1	     87	          0	   0	      0	          0	       0	      0.15	      0.23	     1.11	     0.37	     3.02	    30.88	     5.33	     3.43	      3.24	      2.54	      2.69	      2.47	      1.15	      1.53	      0.91	      1.19	      0.71	      0.44	      0.57	       0.25	       0.31	       0.54	          0	          0	          0	       0.23	       0.14	          0	      0	         0	          0	          0	      0	       0.26	   0	          0	          0	   0	      0	         0	          0	      0.15	      0.17	     0.88	     2.62	     3.82	     8.84	     4.51	      3.98	     3.32	      2.6	      1.97	      0.86	      0.61	      0.31	      0.59	      0.29	         0	      0.65	          0	          0	          0	          0	         0	      0	          0	          0	          0	         0	   0	   0	   0	   0	      0	0.11	   0	      0	#_48        
 2010	  7	 1	3	0	2	-1	-1	     75	          0	   0	      0	          0	       0	         0	         0	     0.42	     2.77	     0.69	     7.34	     8.72	     4.63	       4.7	      4.06	      2.37	      3.31	      0.87	      1.01	      0.88	      0.87	      0.66	      0.66	      1.25	       0.69	       0.66	          0	          0	          0	       0.37	       0.29	       0.58	          0	      0	         0	          0	          0	      0	          0	0.11	          0	          0	   0	      0	         0	          0	         0	      0.78	     0.58	     1.97	      1.8	     7.59	    19.23	      3.17	     3.61	     3.15	      2.77	      0.93	      1.89	      1.09	      0.88	      1.28	         0	       0.4	       0.29	          0	          0	          0	         0	      0	          0	          0	          0	         0	   0	0.29	   0	   0	      0	   0	   0	   0.37	#_49        
 2011	  7	 1	3	0	1	-1	-1	     32	          0	   0	      0	          0	       0	      5.55	         0	    10.14	     6.31	     4.05	     2.38	     3.08	      2.6	      4.01	      2.94	      2.34	      2.75	      1.84	      0.33	      0.33	      0.94	      0.94	         0	      0.33	          0	          0	          0	          0	          0	          0	          0	          0	          0	      0	         0	          0	          0	      0	          0	   0	          0	          0	   0	      0	         0	       0.29	      6.44	         0	     3.77	    11.74	     7.31	     2.53	     0.94	      4.81	     1.21	     1.54	      2.15	      0.29	      3.36	         0	      0.61	      0.34	         0	         0	       0.61	          0	       0.61	          0	      0.61	      0	          0	          0	          0	         0	   0	   0	   0	   0	      0	   0	   0	      0	#_50        
 2012	  7	 1	3	0	1	-1	-1	     26	          0	   0	      0	          0	       0	         0	      3.36	     0.39	     6.75	      1.7	     1.56	     8.73	    11.18	      2.63	      5.85	      3.34	      4.34	      1.32	      1.42	      0.39	         0	      0.39	      1.03	      0.39	          0	          0	          0	          0	          0	          0	       0.93	          0	          0	      0	         0	          0	          0	      0	          0	   0	          0	          0	   0	      0	         0	          0	         0	      1.81	     0.78	     1.88	     4.11	        0	    10.92	      6.43	     8.39	     4.28	       1.7	      2.35	         0	         0	      0.93	         0	         0	      0.39	       0.32	          0	          0	          0	         0	      0	          0	          0	          0	         0	   0	   0	   0	   0	      0	   0	   0	      0	#_51        
 2013	  7	 1	3	0	1	-1	-1	     37	          0	   0	      0	          0	       0	       4.3	      0.67	     7.71	     4.13	      4.4	     1.42	     1.82	    10.01	      3.83	      4.81	      3.47	      4.02	      1.46	      1.64	       0.5	      1.15	       0.1	       0.1	         0	          0	          0	          0	          0	          0	          0	          0	          0	          0	      0	         0	          0	          0	      0	          0	   0	        0.1	          0	   0	      0	         0	          0	      5.67	       3.5	     7.69	     2.27	      5.2	     1.42	      0.8	      2.27	     5.58	     2.78	      2.51	      0.65	       0.9	      1.64	         0	       0.2	       0.4	         0	          0	       0.87	          0	          0	         0	      0	          0	          0	          0	         0	   0	   0	   0	   0	      0	   0	   0	      0	#_52        
 2014	  7	 1	3	0	1	-1	-1	     22	          0	   0	      0	          0	    0.91	         0	      7.73	     3.92	     0.91	     5.17	     3.83	     1.82	     4.54	         0	      2.83	      2.74	      2.83	         0	      1.42	         0	      1.42	         0	         0	         0	          0	          0	          0	          0	          0	          0	          0	          0	          0	      0	         0	          0	          0	      0	          0	   0	          0	          0	   0	      0	         0	       0.91	         0	      16.8	     5.42	     6.64	     6.96	     7.67	     2.47	       0.8	     4.04	     1.05	      1.94	      1.85	      0.53	         0	      0.91	         0	         0	      0.53	          0	          0	          0	       1.42	         0	      0	          0	          0	          0	         0	   0	   0	   0	   0	      0	   0	   0	      0	#_53        
 2016	  7	 1	3	0	1	-1	-1	     12	          0	   0	      0	       2.92	       0	      2.92	      2.92	        0	    82.03	    33.71	    33.71	    36.63	    33.71	     33.71	         0	         0	      1.07	    168.56	     33.71	         0	         0	         0	         0	         0	          0	          0	          0	          0	          0	          0	          0	          0	          0	      0	         0	          0	          0	      0	          0	   0	          0	          0	   0	      0	         0	          0	         0	         0	    33.71	    57.16	        1	        1	        1	         0	    34.71	        0	     33.71	      2.92	     35.71	         1	      1.07	         0	         0	         0	          0	          0	          0	          0	         0	      0	          0	          0	          0	         0	   0	   0	   0	   0	      0	   0	   0	      0	#_54        
 2017	  7	 1	3	0	1	-1	-1	     65	          0	   0	      0	       13.8	  366.25	         0	     32.53	    41.17	  4594.92	  4892.19	  2343.71	  1442.24	   1143.8	      5.31	    126.43	    718.48	   1737.77	     71.07	   2511.76	    125.05	    542.17	     37.84	     31.28	         0	          0	          0	          0	          0	      529.6	          0	          0	          0	          0	      0	         0	          0	          0	      0	          0	   0	          0	          0	   0	      0	     52.21	      296.3	    131.88	     11.19	  1140.01	  3159.75	  5514.19	  1900.65	  1728.14	    628.97	  1854.88	   766.28	       4.4	    296.64	   1145.62	   2295.05	      6.52	     11.19	      1.38	         0	       6.19	          0	     563.15	          0	         0	      0	          0	       3.33	          0	         0	   0	   0	   0	   0	      0	   0	   0	      0	#_55        
 2018	  7	 1	3	0	1	-1	-1	     55	          0	   0	      0	          0	    8.06	     39.41	      13.4	    14.44	   139.17	    20.47	    52.41	     3.82	     4.05	      1.01	     30.18	      2.41	      2.01	      7.06	      1.03	     22.48	         0	      1.01	      4.88	      1.01	       1.01	          0	          0	          0	          0	          0	          0	          0	          0	      1	         1	          0	          0	      0	          0	   0	       1.33	          0	   0	      0	         0	       7.03	     59.89	      1.01	        0	    77.07	     5.05	    32.87	        0	      7.04	        0	     3.01	      2.01	         0	         0	         1	     45.25	      1.01	         0	      3.02	          0	          0	          0	       2.01	         0	      0	          0	          0	          0	         0	   0	   0	   0	   0	      0	   0	   0	      0	#_56        
 2019	  7	 1	3	0	1	-1	-1	 31.352	          0	   0	      0	          0	       0	   35.3187	   139.465	        0	   64.782	        0	   9.4816	  94.5386	   7.0164	   69.4596	    9.3552	    4.6776	   16.4979	         0	    59.652	   205.732	   14.0327	   113.526	    29.888	    15.827	     4.6776	     11.694	    64.8139	          0	          0	    25.2104	     2.3388	          0	          0	 2.3388	         0	          0	          0	      0	          0	   0	          0	          0	   0	      0	   16.6988	          0	   660.149	   414.099	  35.3187	        0	  100.101	        0	  52.6356	    7.5887	  332.288	        0	   122.337	    2.3388	    5.2554	   52.6356	    3.1861	    5.4545	         0	         0	     30.187	          0	          0	     5.4545	         0	      0	          0	          0	          0	         0	   0	   0	   0	   0	      0	   0	   0	      0	#_57        
 2020	  7	 1	3	0	1	-1	-1	 23.418	          0	   0	      0	          0	 152.687	   273.273	   815.685	        0	        0	        0	  302.115	  232.197	  243.366	   830.034	   45.0463	   21.2156	   28.4168	       300	   303.014	   15.1882	         0	   15.1882	   15.1882	         0	     3.0137	    273.273	          0	          0	          0	          0	          0	          0	          0	      0	         0	          0	          0	      0	          0	   0	          0	          0	   0	      0	         0	          0	   302.235	   154.923	  802.879	        0	  276.287	   2.2353	   6.7059	   331.818	      600	   3.6842	         0	         0	   493.558	         0	         0	         0	         0	   15.1882	          0	    273.273	    15.1882	          0	         0	      0	          0	          0	          0	         0	   0	   0	   0	   0	      0	   0	   0	      0	#_58        
 2021	  7	 1	3	0	1	-1	-1	 22.418	          0	   0	      0	          0	  140.65	   1033.32	   24.3009	  62.4172	      300	        0	      300	  424.834	  226.918	   62.4172	   602.273	         0	         0	   301.057	     1.057	         0	   301.058	       300	    2.1149	         0	          0	          0	          0	      1.057	          0	          0	          0	          0	          0	      0	         0	          0	          0	      0	          0	   0	          0	          0	   0	      0	         0	          0	   938.724	       600	      300	        0	        0	  604.091	      300	       300	        0	  312.151	   65.9751	         0	         0	       300	         0	         0	   289.336	       300	    62.4172	      1.057	        300	          0	         0	226.918	          0	          0	          0	         0	   0	   0	   0	   0	      0	   0	   0	      0	#_59        
 2022	  7	 1	3	0	1	-1	-1	 14.072	          0	   0	      0	          0	 31.2497	         0	   1085.25	        0	  152.707	        0	  43.7772	        0	        0	   185.093	   43.7772	   25.9997	   101.027	   31.2497	   25.9997	         0	    92.627	         0	   105.337	         0	    38.7093	    175.976	     3.5931	          0	          0	          0	          0	          0	          0	 3.5931	         0	          0	          0	      0	          0	   0	          0	          0	   0	      0	         0	          0	    331.25	    828.87	        0	        0	        0	        0	        0	    3.5931	        0	   3.5931	    3.5931	         0	         0	         0	         0	         0	         0	   348.359	    57.2495	          0	          0	          0	         0	      0	          0	          0	          0	         0	   0	   0	   0	   0	      0	   0	   0	      0	#_60        
 2023	  7	 1	3	0	1	-1	-1	  8.864	          0	   0	      0	          0	       0	   39.4932	   32.4367	  169.911	  94.3414	  16.1211	        0	        0	        0	   102.402	         0	    18.995	         0	         0	         0	   126.778	         0	         0	         0	         0	          0	          0	          0	          0	          0	          0	          0	          0	          0	      0	         0	          0	          0	      0	          0	   0	          0	          0	   0	      0	         0	    39.4932	         0	   10.9345	  137.713	        0	        0	  105.276	        0	         0	        0	        0	   32.4367	         0	         0	         0	         0	         0	    8.0605	   126.778	          0	          0	          0	          0	         0	      0	          0	          0	          0	         0	   0	   0	   0	   0	      0	   0	   0	      0	#_61        
 2024	  7	 1	3	0	1	-1	-1	 11.554	          0	   0	      0	          0	       0	         0	   91.7937	  136.339	  344.811	        0	        0	  44.5451	        0	         0	   79.8382	   105.999	         0	   379.838	         0	         0	         0	   352.975	       300	         0	          0	          0	          0	          0	          0	          0	          0	          0	          0	      0	         0	          0	          0	      0	          0	   0	          0	          0	   0	      0	         0	          0	   91.7937	         0	  454.989	  552.509	        0	  52.9748	        0	         0	        0	        0	   116.807	         0	         0	         0	         0	         0	         0	         0	    116.807	          0	          0	          0	         0	      0	          0	          0	          0	         0	   0	   0	   0	   0	      0	   0	   0	      0	#_62        
 1979	  7	 2	3	0	2	-1	-1	     39	          0	   0	      0	          0	       0	         0	         0	        0	     6.82	    22.27	     7.99	     2.91	     1.91	      1.42	         0	         0	      0.21	       0.5	         0	         0	         0	         0	         0	         0	          0	          0	          0	          0	          0	          0	          0	          0	          0	      0	         0	          0	          0	      0	          0	   0	          0	          0	   0	      0	         0	          0	         0	      0.31	     2.48	    12.42	    24.37	     6.02	      4.7	      3.19	     1.49	      0.5	         0	       0.5	         0	         0	         0	         0	         0	         0	          0	          0	          0	          0	         0	      0	          0	          0	          0	         0	   0	   0	   0	   0	      0	   0	   0	      0	#_63        
 1980	  7	 2	3	0	2	-1	-1	    167	          0	   0	      0	          0	    0.08	      0.81	      0.91	     0.89	     1.18	     9.78	    21.53	     6.58	     2.93	      1.09	      1.04	      0.89	      0.51	         0	      0.43	      0.32	      0.19	         0	      0.13	         0	          0	          0	          0	          0	          0	          0	          0	          0	          0	      0	         0	          0	          0	      0	          0	   0	          0	          0	   0	      0	         0	          0	      1.13	      1.42	     1.65	     3.34	     13.9	    17.41	      5.3	      3.44	     1.18	     0.48	      0.88	      0.32	      0.25	         0	         0	         0	         0	         0	          0	          0	          0	          0	         0	      0	          0	          0	          0	         0	   0	   0	   0	   0	      0	   0	   0	      0	#_64        
 1981	  7	 2	3	0	2	-1	-1	    325	          0	   0	   0.03	       0.16	    2.26	       1.2	      4.31	     3.05	     1.26	     2.33	    12.65	    16.32	     4.38	      2.56	      1.77	      1.23	      0.86	      0.83	      0.48	      0.68	       0.4	      0.31	      0.12	      0.09	       0.09	          0	       0.03	          0	       0.08	          0	       0.03	          0	          0	      0	      0.03	          0	          0	      0	          0	   0	          0	          0	   0	      0	         0	       2.86	      1.04	      3.94	     3.09	     1.34	     3.57	     9.72	     8.58	      2.89	     1.47	     1.06	      0.76	      0.48	      0.45	      0.22	      0.24	      0.12	      0.19	      0.11	       0.14	       0.02	       0.08	          0	      0.06	      0	          0	       0.02	          0	         0	   0	   0	   0	   0	      0	   0	   0	      0	#_65        
 1982	  7	 2	3	0	2	-1	-1	    676	          0	   0	      0	          0	    1.12	      7.31	      1.37	     5.11	     3.26	     2.12	     1.04	     4.97	     10.8	      3.99	      2.99	      2.05	      1.91	      1.61	      1.27	      1.09	      0.76	      0.61	      0.66	      0.36	       0.32	        0.3	       0.31	        0.2	       0.11	       0.17	       0.02	          0	          0	      0	         0	       0.03	          0	      0	          0	   0	          0	          0	   0	   0.01	      0.12	       0.79	      8.13	       2.2	     4.85	     3.14	     1.51	     1.52	     4.78	      7.08	     1.85	     1.75	      1.34	      0.77	      1.12	      0.57	      0.57	      0.27	       0.5	      0.18	       0.19	       0.24	       0.21	       0.06	      0.12	   0.01	       0.15	          0	       0.05	      0.03	   0	   0	0.02	   0	      0	   0	   0	      0	#_66        
 1983	  7	 2	3	0	2	-1	-1	    341	          0	   0	      0	          0	     1.2	     17.18	     12.58	     2.11	     1.39	     0.65	     0.63	     0.15	     1.66	      3.78	      1.01	       0.8	      0.49	      0.37	      0.66	      0.27	      0.21	      0.35	      0.14	       0.4	       0.16	       0.16	       0.27	        0.3	       0.32	        0.4	        0.3	       0.03	       0.08	   0.06	      0.26	       0.18	          0	      0	       0.01	   0	       0.21	          0	   0	      0	         0	       1.55	     20.54	     13.08	        2	     3.38	     1.34	     0.83	     0.07	      1.25	     1.74	     0.53	      1.02	       0.4	      0.28	       0.3	      0.29	      0.04	       0.4	      0.09	       0.04	       0.03	       0.22	       0.19	      0.04	   0.21	       0.42	       0.15	       0.18	       0.3	0.08	0.04	0.18	0.02	      0	   0	   0	      0	#_67        
 1984	  7	 2	3	0	2	-1	-1	    379	          0	   0	      0	          0	     0.1	      2.19	     16.03	    16.19	      1.7	     2.94	     0.87	     0.61	     0.32	      2.56	      5.75	      1.41	      0.91	      0.75	      0.75	      0.54	      0.96	      0.09	      0.31	      0.24	       0.19	       0.06	          0	       0.23	       0.07	        0.3	       0.13	       0.11	       0.12	    0.1	      0.09	       0.09	          0	      0	       0.06	   0	       0.03	          0	   0	      0	         0	       0.15	      1.77	     16.91	    11.09	      1.3	     2.28	     0.75	     0.76	      0.59	      1.3	     2.75	      0.33	       0.6	      0.32	      0.22	      0.15	      0.45	      0.22	      0.15	       0.19	       0.06	       0.08	       0.16	      0.11	   0.01	       0.29	          0	       0.03	      0.03	0.05	0.02	0.06	0.03	      0	   0	0.03	      0	#_68        
 1985	  7	 2	3	0	2	-1	-1	    466	          0	   0	      0	          0	       0	      3.58	      6.73	    22.08	     9.04	     1.44	     1.41	     0.79	     0.03	       0.1	      0.59	      1.92	      0.41	      0.22	      0.22	       0.3	      0.17	      0.15	      0.27	      0.16	       0.05	       0.06	        0.1	       0.09	          0	          0	       0.06	          0	       0.05	   0.03	         0	          0	          0	      0	          0	   0	          0	          0	   0	      0	         0	        0.2	      4.67	      6.81	    21.21	     9.87	     1.02	     0.94	     0.49	      0.13	     0.24	     0.69	      1.66	      0.21	      0.34	      0.15	      0.06	      0.14	       0.2	      0.14	       0.15	       0.09	       0.12	       0.07	      0.08	      0	       0.08	       0.03	       0.02	      0.02	0.03	   0	   0	   0	   0.04	   0	   0	   0.03	#_69        
 1986	  7	 2	3	0	2	-1	-1	    486	          0	   0	    0.1	          0	       0	      0.96	         9	     9.87	    16.09	     7.79	     0.67	     1.61	     0.66	      0.02	      0.08	      0.46	      1.84	      0.19	      0.24	      0.24	      0.29	      0.16	      0.15	      0.26	       0.18	       0.07	       0.15	       0.01	       0.06	       0.07	          0	       0.18	          0	      0	      0.04	       0.02	       0.04	      0	          0	0.03	       0.01	          0	   0	      0	         0	          0	      0.89	      6.89	      9.4	    17.14	     8.56	     0.73	     1.17	      0.53	     0.03	     0.04	      0.18	      1.13	      0.35	      0.16	      0.09	       0.3	      0.22	      0.12	       0.09	       0.05	       0.18	       0.14	      0.04	      0	          0	       0.03	          0	         0	0.02	0.02	   0	   0	      0	0.02	0.01	   0.01	#_70        
 1987	  7	 2	3	0	2	-1	-1	    604	          0	   0	      0	          0	    0.13	      1.61	     10.98	    19.78	     8.12	     3.75	     2.14	      0.2	     0.52	      0.28	      0.02	      0.07	       0.2	      0.19	      0.13	      0.03	         0	      0.02	         0	      0.07	          0	          0	          0	          0	       0.04	          0	          0	          0	          0	      0	      0.06	          0	       0.06	      0	          0	   0	          0	          0	   0	      0	         0	          0	      1.48	     12.52	    21.42	     7.29	     4.31	     2.36	     0.28	      0.32	      0.3	     0.05	      0.03	       0.3	      0.44	         0	      0.17	      0.16	      0.05	         0	          0	          0	       0.11	          0	         0	      0	          0	          0	          0	         0	0.05	   0	   0	   0	      0	   0	   0	      0	#_71        
 1988	  7	 2	3	0	2	-1	-1	    392	          0	   0	      0	       0.11	    0.47	      1.39	       7.4	    18.54	    10.17	     2.99	     2.15	     1.14	     0.67	      0.55	      0.14	      0.12	      0.01	      0.22	      0.65	      0.35	         0	      0.23	         0	      0.09	       0.06	          0	          0	          0	       0.09	          0	          0	          0	          0	      0	         0	          0	          0	      0	          0	   0	          0	          0	   0	      0	      0.05	       0.13	       1.3	      7.28	    23.13	    12.92	     3.43	     2.18	     0.88	      0.01	     0.12	     0.05	      0.09	         0	      0.27	      0.22	         0	      0.07	      0.18	       0.1	          0	          0	          0	          0	      0.01	      0	          0	          0	       0.08	         0	   0	   0	   0	   0	      0	   0	   0	      0	#_72        
 1989	  7	 2	3	0	2	-1	-1	    527	          0	   0	      0	          0	    0.45	      2.65	      3.67	     7.81	    19.46	     8.66	     2.56	     1.32	     0.57	      0.47	      0.24	      0.07	      0.14	      0.11	      0.21	      0.12	      0.12	      0.21	      0.12	         0	          0	       0.14	          0	          0	          0	          0	          0	          0	          0	      0	         0	          0	       0.07	      0	          0	0.01	          0	          0	   0	      0	         0	       0.57	      1.89	       5.4	    12.05	    19.44	     6.83	     1.72	     0.98	      0.27	     0.08	     0.11	      0.05	      0.07	      0.21	      0.17	      0.39	      0.28	         0	      0.12	       0.07	          0	          0	       0.06	         0	   0.07	          0	          0	          0	         0	   0	   0	   0	   0	      0	   0	   0	      0	#_73        
 1990	  7	 2	3	0	2	-1	-1	    478	          0	   0	      0	          0	       0	      1.91	       3.6	     5.38	     8.02	    15.18	    10.03	     3.99	     2.15	       0.8	      0.28	      0.19	      0.06	      0.08	         0	         0	      0.04	      0.29	         0	      0.07	          0	          0	       0.04	          0	          0	       0.04	          0	          0	       0.08	      0	         0	          0	          0	      0	          0	   0	          0	          0	   0	      0	         0	       0.33	      3.36	      3.22	     5.58	     9.55	       13	     6.65	     3.07	      1.44	     0.77	     0.34	         0	      0.14	         0	      0.17	         0	      0.06	         0	         0	          0	          0	       0.09	          0	         0	      0	          0	          0	          0	         0	   0	   0	   0	   0	      0	   0	   0	      0	#_74        
 1991	  7	 2	3	0	2	-1	-1	    333	          0	   0	      0	          0	    0.02	      1.05	      6.46	     9.43	     6.25	     6.76	     9.89	     4.57	     1.28	      1.11	      0.34	      0.31	      0.16	      0.08	      0.05	      0.14	      0.31	      0.43	      0.08	      0.18	       0.15	       0.09	       0.17	          0	       0.23	       0.09	          0	          0	          0	      0	         0	          0	          0	      0	          0	0.05	          0	          0	   0	      0	         0	          0	      0.86	      6.38	     9.84	    10.34	     6.25	     8.84	     3.92	         1	     1.01	     0.31	      0.24	      0.16	      0.08	         0	      0.03	      0.19	      0.42	      0.14	        0.1	          0	          0	          0	         0	      0	          0	          0	       0.06	         0	   0	   0	   0	   0	   0.15	   0	   0	      0	#_75        
 1992	  7	 2	3	0	2	-1	-1	    124	          0	   0	      0	          0	       0	      2.45	       2.2	     6.03	     8.04	     4.73	     7.14	     9.29	     3.53	      1.57	       0.8	      0.21	      0.21	      0.23	      0.22	      0.07	       0.2	         0	       0.5	      0.12	          0	          0	          0	       0.07	          0	          0	          0	          0	          0	      0	         0	          0	          0	      0	          0	   0	          0	          0	   0	      0	         0	          0	       3.3	      2.97	     6.77	      8.9	     8.84	     4.76	     8.15	      3.25	     2.36	      1.5	         0	      0.26	         0	         0	      0.14	      0.07	      0.07	      0.22	       0.18	          0	          0	          0	      0.52	      0	       0.12	          0	          0	         0	   0	   0	   0	   0	      0	   0	   0	      0	#_76        
 1993	  7	 2	3	0	2	-1	-1	    196	          0	   0	      0	          0	    0.07	      1.06	      6.66	     3.85	     8.41	     6.51	     3.71	     4.57	     6.67	      3.19	      2.24	      1.97	      1.03	       0.4	      0.51	      0.18	      0.12	         0	         0	      0.12	          0	       0.27	       0.12	          0	          0	          0	          0	          0	          0	      0	         0	          0	          0	      0	          0	   0	          0	          0	   0	      0	         0	          0	      1.63	      7.31	     5.53	     8.57	        5	      3.9	     3.28	      5.64	     2.48	     1.74	       1.4	      0.63	         0	      0.24	      0.12	         0	      0.12	      0.11	       0.43	          0	          0	       0.12	         0	   0.12	          0	          0	          0	         0	   0	   0	   0	   0	      0	   0	   0	      0	#_77        
 1994	  7	 2	3	0	2	-1	-1	    107	          0	   0	      0	          0	       0	      0.74	       5.1	    13.89	     6.06	     5.99	     3.71	     3.17	     2.62	      2.34	      1.22	      1.65	      0.38	         0	         0	      0.21	      0.23	         0	         0	         0	          0	          0	          0	          0	          0	          0	          0	          0	          0	      0	         0	          0	          0	      0	          0	   0	          0	          0	   0	      0	         0	       0.19	      0.79	      8.41	    16.66	      9.7	     6.56	     4.01	     0.99	      1.58	     2.48	        0	      0.14	      0.46	         0	         0	         0	         0	         0	         0	          0	       0.57	          0	          0	         0	      0	          0	          0	          0	      0.15	   0	   0	   0	   0	      0	   0	   0	      0	#_78        
 1995	  7	 2	3	0	2	-1	-1	     63	          0	   0	      0	          0	    0.42	      0.15	      2.12	      6.7	    11.25	     9.42	     4.53	     3.89	     3.41	      2.15	      3.23	      0.78	      0.82	      0.84	      0.24	         0	         0	         0	      0.13	         0	          0	       0.39	          0	          0	          0	          0	          0	          0	          0	      0	         0	          0	          0	      0	          0	   0	          0	          0	   0	      0	         0	       0.83	      1.72	      2.55	    14.32	    10.44	     7.11	     4.24	      2.4	      1.54	      1.9	     0.64	         0	         0	      0.56	      0.71	         0	         0	      0.25	         0	          0	          0	       0.33	          0	         0	      0	          0	          0	          0	         0	   0	   0	   0	   0	      0	   0	   0	      0	#_79        
 1996	  7	 2	3	0	2	-1	-1	     79	          0	   0	      0	          0	    0.28	      7.93	      6.19	     6.16	     6.67	      5.2	     3.06	     3.62	     1.97	      1.27	      1.81	      1.95	      0.52	         0	      0.23	      0.07	      0.25	      0.78	      0.72	      0.25	          0	          0	          0	          0	          0	          0	          0	          0	          0	      0	         0	          0	          0	      0	          0	   0	          0	          0	   0	      0	         0	       0.93	      8.46	      8.51	        7	     7.19	     5.12	     3.63	     1.33	      1.02	     2.77	     0.94	      1.95	      0.94	         0	      0.06	      0.45	         0	      0.16	         0	          0	       0.39	          0	       0.06	         0	      0	       0.16	          0	          0	         0	   0	   0	   0	   0	      0	   0	   0	      0	#_80        
 1997	  7	 2	3	0	2	-1	-1	    137	          0	   0	      0	          0	    0.21	      1.75	     15.72	     7.52	     3.28	     3.11	     2.61	     1.77	     1.74	      1.47	      1.34	      0.49	      1.82	      0.15	      0.49	      0.21	      0.03	         0	      0.31	      0.03	        0.1	          0	       0.09	          0	          0	          0	       0.18	          0	          0	      0	         0	          0	          0	      0	          0	   0	          0	          0	   0	      0	         0	       0.25	      2.84	     23.59	    11.12	     4.36	     2.63	     3.02	     1.73	      1.53	     1.07	     0.19	      1.11	      1.45	         0	         0	      0.28	       0.3	         0	      0.09	          0	       0.03	          0	          0	         0	      0	          0	          0	          0	         0	   0	   0	   0	   0	      0	   0	   0	      0	#_81        
 1998	  7	 2	3	0	2	-1	-1	     64	          0	   0	      0	          0	       0	       0.6	      4.11	    15.89	     7.88	     4.91	     4.42	     3.36	     2.18	       1.8	      1.05	      0.19	         0	      0.78	         0	      0.35	         0	         0	         0	         0	          0	          0	          0	          0	          0	          0	          0	          0	          0	      0	         0	          0	          0	      0	          0	   0	          0	          0	   0	      0	         0	          0	      1.45	      7.93	    17.64	     9.15	      5.5	     2.56	      3.7	      1.57	     0.65	     0.54	      0.19	      0.51	      1.12	         0	         0	         0	         0	         0	          0	          0	          0	          0	         0	      0	          0	          0	          0	         0	   0	   0	   0	   0	      0	   0	   0	      0	#_82        
 1999	  7	 2	3	0	2	-1	-1	     95	          0	   0	      0	          0	       0	      1.62	      4.08	     8.01	    18.95	     7.97	     4.93	     3.33	     0.71	      1.36	      0.76	         0	      0.68	      0.33	      0.03	         0	         0	         0	         0	         0	          0	          0	          0	          0	          0	          0	          0	          0	          0	      0	         0	          0	          0	      0	          0	   0	          0	          0	   0	      0	         0	       0.09	      1.52	       3.9	    10.57	    17.49	     8.97	     2.98	     0.49	      0.41	     0.07	     0.27	      0.04	         0	      0.04	      0.05	      0.29	         0	         0	      0.04	          0	          0	          0	       0.01	         0	      0	          0	          0	          0	         0	   0	   0	   0	   0	      0	   0	   0	      0	#_83        
 2000	  7	 2	3	0	2	-1	-1	    396	          0	   0	      0	          0	       0	      1.17	      4.79	     8.42	     8.59	     7.57	     8.11	     3.19	     2.38	      1.56	      0.96	      0.97	      0.55	      0.33	      0.14	      0.65	      0.18	      0.35	      0.01	      0.05	          0	        0.2	       0.06	       0.01	          0	          0	          0	          0	          0	      0	         0	          0	          0	      0	          0	   0	          0	          0	   0	      0	         0	          0	      0.95	      5.59	     8.89	     9.75	     9.68	     6.36	     3.51	      2.23	     0.81	      0.4	      0.56	      0.28	      0.27	      0.13	      0.05	      0.09	         0	         0	          0	          0	       0.01	          0	      0.08	      0	        0.1	          0	          0	         0	   0	   0	   0	   0	      0	   0	   0	      0	#_84        
 2001	  7	 2	3	0	2	-1	-1	    252	          0	   0	      0	          0	       0	      0.16	      2.12	     6.88	     8.61	     6.58	     5.04	     4.72	     3.72	         3	      1.93	      1.26	      0.86	      1.08	      0.79	      0.83	      0.11	      0.29	      0.04	         0	          0	          0	       0.04	          0	          0	          0	          0	          0	          0	      0	      0.04	          0	          0	      0	          0	   0	          0	          0	   0	      0	         0	          0	      0.35	      3.99	    11.34	     8.87	     8.34	      5.4	     3.29	      3.09	     2.34	     1.44	      1.27	      0.65	      0.25	      0.55	      0.27	      0.12	      0.04	         0	          0	       0.14	        0.1	          0	         0	      0	       0.06	          0	          0	         0	   0	   0	   0	   0	      0	   0	   0	      0	#_85        
 2002	  7	 2	3	0	2	-1	-1	    140	          0	   0	      0	          0	    0.18	      0.81	      1.52	     6.12	     10.4	     8.76	     7.73	     3.82	     3.73	      1.48	      1.48	      0.87	      0.81	      0.31	      0.04	      0.18	      0.03	      0.04	      0.01	       0.1	          0	        0.1	       0.01	          0	          0	          0	          0	          0	          0	      0	      0.06	          0	          0	      0	          0	   0	          0	          0	   0	      0	         0	       0.56	      0.59	      3.15	     7.41	    12.52	    10.08	     4.88	      1.4	      1.43	     2.53	     1.64	      1.51	      0.42	      1.07	      0.01	      1.28	         0	      0.82	      0.11	          0	          0	          0	          0	         0	      0	          0	          0	          0	         0	   0	   0	   0	   0	      0	   0	   0	      0	#_86        
 2003	  7	 2	3	0	2	-1	-1	     33	          0	   0	      0	       0.44	    2.16	     14.26	      7.09	     7.54	     9.22	     6.57	      0.7	     4.23	     0.26	      1.29	      1.08	      0.54	      0.54	         0	         0	      0.63	      0.54	         0	         0	         0	          0	          0	          0	          0	          0	          0	          0	          0	          0	      0	         0	          0	          0	      0	          0	   0	          0	          0	   0	      0	         0	       0.13	      7.46	     11.79	    11.56	     7.88	      2.8	     0.64	        0	         0	        0	     0.64	         0	         0	         0	         0	         0	         0	         0	         0	          0	          0	          0	          0	         0	      0	          0	          0	          0	         0	   0	   0	   0	   0	      0	   0	   0	      0	#_87        
 2004	  7	 2	3	0	2	-1	-1	     63	          0	   0	      0	          0	    0.26	      3.62	     15.58	     7.44	     7.58	     9.19	     5.97	      3.4	     1.58	      2.04	      1.54	      0.31	      0.31	         0	      0.32	      1.62	         0	      0.04	      0.07	         0	       0.16	       0.16	       0.16	       0.42	          0	       0.16	          0	          0	          0	      0	         0	       0.07	          0	   0.16	          0	   0	          0	          0	   0	      0	         0	          0	      3.99	     14.38	     5.88	     4.36	     4.18	     1.99	     1.46	      0.88	     0.14	     0.11	      0.24	         0	         0	         0	         0	         0	         0	         0	          0	          0	       0.07	          0	         0	      0	          0	          0	          0	         0	   0	   0	   0	   0	   0.16	   0	   0	      0	#_88        
 2005	  7	 2	3	0	2	-1	-1	     49	          0	   0	      0	          0	    0.55	      4.14	      3.52	     7.11	      5.9	     4.69	     6.77	     3.54	     3.81	       3.7	      2.87	      2.53	      1.88	      1.96	      2.03	      0.07	         0	      1.25	         0	       0.6	       1.62	        0.6	          0	          0	       0.49	          0	          0	          0	          0	   0.29	         0	          0	          0	      0	          0	   0	       0.15	          0	   0	      0	         0	       0.69	      3.83	      3.95	     8.26	     8.05	     1.36	     4.08	     3.02	      0.94	     0.68	     0.57	         0	         0	         0	         0	      0.07	       1.2	       1.8	         0	          0	        0.6	          0	          0	         0	    0.6	          0	          0	          0	         0	0.07	   0	   0	   0	      0	   0	   0	   0.15	#_89        
 2006	  7	 2	3	0	2	-1	-1	     35	          0	   0	      0	          0	       0	      1.23	       4.4	     5.26	      6.6	     1.32	     3.85	      4.3	      2.8	      5.04	      4.51	      3.07	      2.67	      1.38	      2.47	      1.85	      0.98	      1.32	       2.5	      0.06	          0	       0.06	       1.18	       1.18	       0.06	       0.59	          0	          0	          0	      0	         0	          0	          0	      0	          0	   0	          0	          0	   0	      0	         0	       0.08	      0.17	      2.02	     1.78	     7.27	     4.47	     5.17	     3.29	      4.92	     3.07	     1.29	      1.88	      1.18	         0	      2.56	      1.58	       0.3	       0.3	         0	          0	          0	          0	          0	         0	      0	          0	          0	          0	         0	   0	   0	   0	   0	      0	   0	   0	      0	#_90        
 2007	  7	 2	3	0	2	-1	-1	      7	          0	   0	      0	          0	       0	         4	         2	       22	        4	        6	        2	        0	        0	         0	         0	         0	         0	         2	         0	         0	         0	         2	         0	         0	          0	          0	          0	          0	          0	          0	          0	          0	          0	      0	         0	          0	          0	      0	          0	   0	          0	          0	   0	      0	         0	          0	        10	         4	       20	        2	        6	        2	        0	         2	        4	        0	         0	         2	         0	         2	         0	         0	         0	         0	          2	          0	          0	          0	         0	      0	          0	          0	          0	         0	   0	   0	   0	   0	      0	   0	   0	      0	#_91        
 2008	  7	 2	3	0	2	-1	-1	     70	          0	   0	      0	          0	    1.67	      0.98	     14.33	    11.12	     4.85	     8.63	     5.43	     1.88	     1.72	      1.58	      0.39	      1.14	      0.44	      0.13	      0.53	         0	      0.05	      0.08	      0.44	      0.09	       0.04	       0.53	       0.04	       0.09	          0	       0.48	       0.09	          0	       0.04	   0.04	         0	          0	          0	      0	       0.04	   0	       0.08	          0	   0	      0	         0	       0.51	      1.27	     16.06	     6.59	      7.5	     3.33	     1.78	     1.63	      1.05	     0.65	     0.04	       1.1	         0	      0.22	      0.22	         0	         0	       0.4	       0.4	          0	       0.04	          0	       0.09	         0	      0	          0	          0	       0.13	         0	   0	   0	0.04	   0	      0	   0	   0	      0	#_92        
 2009	  7	 2	3	0	2	-1	-1	     91	          0	   0	      0	          0	    0.04	      1.08	      0.99	     2.69	     3.31	     6.19	     8.68	     8.97	    11.74	      7.16	      1.82	      1.07	      1.18	       0.6	      2.26	      1.57	      0.08	      2.25	      0.26	      0.02	       0.22	       0.24	       0.12	       0.15	       0.08	          0	          0	          0	       0.29	      0	      0.04	          0	          0	      0	          0	   0	          0	          0	   0	      0	         0	       0.11	      2.71	      1.44	      1.3	      5.2	     5.08	     3.95	     4.51	      3.32	     2.72	     1.84	      0.53	      0.21	       1.9	      0.24	      1.27	      0.24	      0.04	         0	          0	       0.21	       0.03	       0.01	      0.04	      0	          0	          0	          0	         0	   0	   0	   0	   0	      0	   0	   0	      0	#_93        
 2010	  7	 2	3	0	2	-1	-1	     63	          0	   0	      0	          0	       0	         0	      3.26	     2.79	     2.52	     3.76	     7.35	     5.79	      5.5	      6.14	      2.34	      3.29	      4.05	      1.67	      1.04	      0.48	      0.54	      0.93	      1.69	      0.52	       0.38	       0.26	       0.93	          0	       0.26	       0.12	          0	       0.13	       0.26	      0	         0	          0	          0	      0	          0	   0	          0	          0	   0	      0	         0	       0.04	      0.18	      5.39	     7.74	     5.14	     3.39	     4.77	     3.07	      3.21	     0.68	     2.01	       1.3	      1.23	      0.62	      0.56	      0.54	      0.45	      0.72	         0	       0.32	       0.13	          0	          0	         0	   0.32	       0.53	          0	          0	      0.45	0.58	   0	0.32	0.32	      0	   0	   0	      0	#_94        
 2011	  7	 2	3	0	1	-1	-1	     42	          0	   0	      0	          0	       0	      0.07	      1.33	     5.75	    10.77	     7.29	      2.5	     5.86	     5.72	      4.03	      1.41	      0.17	         0	      1.93	      0.05	      0.12	      1.88	      0.94	      1.04	         0	       0.08	       0.05	          0	          0	          0	          0	       0.94	          0	          0	      0	         0	          0	          0	      0	          0	0.08	          0	          0	   0	      0	         0	          0	      0.78	      2.48	     8.42	      9.1	      8.3	     2.69	      2.1	      3.85	     0.22	     1.36	      2.46	      0.35	      2.39	      0.23	      1.45	      0.97	      0.05	         0	          0	          0	       0.25	       0.08	      0.25	   0.08	       0.08	       0.08	          0	         0	   0	   0	   0	   0	      0	   0	   0	      0	#_95        
 2012	  7	 2	3	0	1	-1	-1	     29	          0	   0	      0	          0	       0	         0	      7.93	     4.73	     15.1	      4.7	     8.61	     1.61	     0.61	      0.64	      2.68	      2.49	      0.44	       1.3	         0	         0	         0	         0	      1.15	      0.14	          0	          0	          0	          0	       0.15	          0	          0	          0	          0	      0	      0.14	          0	          0	      0	          0	   0	          0	          0	   0	      0	         0	       0.14	      1.15	     13.96	     2.74	    10.13	     6.11	     0.65	     1.15	      3.81	     0.43	     5.73	         0	      0.15	         0	         0	         0	         0	         0	         0	       0.15	          0	       1.15	          0	         0	   0.15	          0	          0	          0	         0	   0	   0	   0	   0	      0	   0	   0	      0	#_96        
 2013	  7	 2	3	0	1	-1	-1	     41	          0	   0	      0	          0	       0	       5.5	      1.71	     8.42	     2.71	     3.39	     3.66	     1.12	     2.53	       2.4	      0.12	      1.25	      1.74	      0.16	      1.15	      1.15	         0	      0.06	      0.06	       0.1	       0.03	          0	          0	          0	          0	          0	          0	          0	          0	    0.1	         0	          0	          0	      0	          0	   0	          0	          0	   0	      0	         0	          0	      7.98	      1.65	    12.31	     8.14	     8.99	     2.11	     3.42	      2.24	     1.74	     7.89	      2.31	      1.12	      1.12	         0	      0.03	         0	      0.59	      0.15	          0	          0	       0.03	          0	         0	    0.2	       0.59	       0.03	          0	         0	   0	   0	   0	   0	      0	   0	   0	      0	#_97        
 2014	  7	 2	3	0	1	-1	-1	     36	          0	   0	      0	          0	    8.52	         0	      7.39	     3.27	     4.19	     5.65	     7.56	     3.05	     8.79	      3.01	      0.67	       3.3	      3.07	      0.35	      0.09	      0.25	      0.03	         0	         0	         0	          0	          0	          0	          0	          0	       0.03	       0.02	          0	          0	      0	         0	          0	          0	      0	          0	   0	          0	          0	   0	      0	         0	      11.31	      2.82	     10.76	      5.7	     0.85	     6.65	     0.83	     0.51	      0.37	     0.05	     0.04	         0	      0.27	      0.24	         0	      0.27	      0.03	      0.02	         0	       0.02	          0	          0	          0	         0	      0	          0	          0	          0	         0	   0	0.03	   0	   0	      0	   0	   0	      0	#_98        
 2015	  7	 2	3	0	1	-1	-1	     28	          0	   0	      0	          0	       0	         1	         2	       11	        6	        8	        2	       11	        8	        10	         9	        10	         6	        12	         5	         4	         5	         2	         1	         1	          3	          2	          4	          0	          1	          0	          0	          0	          0	      1	         1	          0	          0	      0	          0	   0	          1	          0	   0	      0	         0	          0	         1	         3	       17	        7	        6	        6	        7	         5	        3	        0	         3	         2	         1	         3	         0	         0	         1	         1	          0	          0	          0	          0	         1	      0	          1	          0	          0	         0	   0	   0	   0	   0	      0	   0	   0	      0	#_99        
 2016	  7	 2	3	0	1	-1	-1	      5	          0	   0	      0	          0	       0	         0	         0	        1	        2	        0	        0	        1	        1	         0	         1	         0	         3	         0	         2	         0	         1	         1	         0	         0	          0	          1	          0	          1	          0	          1	          0	          0	          0	      0	         0	          0	          0	      0	          0	   0	          0	          0	   0	      0	         0	          0	         0	         0	        1	        6	        0	        1	        2	         1	        0	        0	         0	         0	         1	         0	         0	         0	         0	         0	          0	          0	          0	          0	         0	      0	          0	          0	          0	         0	   0	   0	   0	   0	      0	   0	   0	      0	#_100       
 2017	  7	 2	3	0	1	-1	-1	     39	          0	   0	      0	          1	      17	         0	    564.15	        0	  1695.46	  8455.32	  2255.62	  3381.93	        4	   2816.77	   1127.31	    563.15	    565.15	         1	   1127.31	    563.15	         0	         1	    563.15	         0	          0	          0	          0	          0	          0	          0	          0	          0	          0	      0	         0	          0	          0	      0	          0	   0	          0	          0	   0	      0	         2	          8	    564.15	         1	        7	  2826.77	  5634.55	  1129.31	  2817.77	   2255.62	  1128.31	  1127.31	         0	    564.15	   1690.46	   1691.46	    564.15	         0	         0	    563.15	     563.15	          0	          0	          0	         0	      0	          0	          0	          0	         0	   0	   0	   0	   0	      0	   0	   0	      1	#_101       
 2018	  7	 2	3	0	1	-1	-1	    154	          0	   0	      0	          0	      18	   1714.83	   2273.53	  1175.91	  9027.93	  7895.17	    33784	  5072.39	    15404	   2816.77	   15312.5	   3383.93	   5504.09	   3181.96	   4511.24	   7336.75	   1691.46	    346.09	    117.88	   1127.31	    2252.62	          0	          0	          0	          1	     572.05	          0	          0	          0	      0	         0	          0	          0	      0	          0	   0	          0	          0	   0	      0	         1	      14.09	   5864.69	         4	  2817.77	  7941.39	  12397.4	  28183.8	  3384.93	     14256	  1690.46	  12624.9	   2256.62	   6619.67	   3946.08	   1693.46	   8363.96	   1128.31	   1126.31	   1111.91	     909.24	     695.59	    1127.31	          1	         0	      0	          0	          0	          0	         0	   0	   0	   0	   0	      0	   0	   0	      0	#_102       
 2019	  7	 2	3	0	1	-1	-1	152.674	          0	   0	      0	        300	 109.688	   5186.42	   10778.9	  2209.69	  4609.69	  9137.98	  17428.3	  20428.3	    13200	   9328.29	   4664.15	   8292.44	   2864.15	   3164.15	      2100	   2864.15	      1800	   3628.29	       300	   1064.15	        300	        300	    409.688	          0	          0	          0	          0	          0	        300	      0	         0	          0	          0	      0	          0	   0	          0	          0	   0	      0	   409.688	    1448.44	   6986.42	   9329.06	  4257.35	     6900	  10992.4	  12849.8	   9302.9	   7178.08	     4800	  3519.38	      2700	      2100	      1800	   1528.29	   1173.83	   1419.38	       900	   164.145	          0	    764.145	          0	          0	         0	      0	        300	          0	          0	         0	   0	   0	   0	   0	      0	   0	   0	      0	#_103       
 2020	  7	 2	3	0	1	-1	-1	 80.646	          0	   0	      0	          0	    4801	      3302	      4502	     5401	     1201	     1200	     2400	     2100	     4201	      3000	      4200	      2400	      2402	      1500	      1800	      1200	       300	       900	       300	       900	          0	          0	          0	          0	          0	          0	          0	          0	          0	      0	         0	          0	          0	      0	          0	   0	          0	          0	   0	      0	         1	       2700	      3008	      6004	     2703	     1201	     1201	     2700	     4501	      7203	     2400	     3601	      3000	      3000	      2400	      1800	       600	      1200	       600	         0	        600	        900	        300	          0	       600	      0	          0	          0	          0	         0	   0	   0	   0	   0	      0	   0	   0	      0	#_104       
 2021	  7	 2	3	0	1	-1	-1	  97.03	          0	   0	      0	          0	    2400	     11700	      9000	     3000	     3300	     2100	     1800	     2700	     3900	      4800	      3300	      2700	      3600	      1800	       900	      1200	      2400	       900	      1200	      1200	        900	        300	        600	          0	        300	          0	          0	          0	          0	      0	         0	          0	          0	      0	          0	   0	          0	          0	   0	      0	         0	       1200	     10800	     10500	     5400	     5700	     1800	     2700	     5700	      3300	     5400	     2100	      2100	      2400	      1800	       300	       600	       900	       600	       600	          0	        300	        300	          0	         0	      0	          0	          0	          0	         0	   0	   0	   0	   0	      0	   0	   0	      0	#_105       
 2022	  7	 2	3	0	1	-1	-1	 105.58	          0	   0	      0	          0	       0	   3721.13	     20348	  5161.51	  7201.88	  4380.75	      600	     1500	     1800	      3600	      2400	      3300	      3300	      1800	       900	       900	       600	       900	       300	       300	        300	        300	          0	        300	          0	          0	          0	          0	          0	      0	       300	          0	          0	      0	          0	   0	          0	          0	   0	      0	         0	          0	   1740.38	   19932.7	  4380.75	  7982.64	  2340.38	  1980.75	      600	   2940.38	  1952.89	  3240.38	      1800	   2340.38	       600	       900	       600	         0	       900	       600	        300	        300	          0	          0	         0	      0	          0	          0	          0	         0	   0	   0	   0	   0	      0	   0	   0	      0	#_106       
 2023	  7	 2	3	0	1	-1	-1	142.216	          0	   0	      0	          0	 413.299	   2477.66	   25159.8	  44923.5	     5700	     3000	     2100	     1200	     1500	       900	      1200	      2400	      1500	       300	       600	   754.733	       300	       600	   937.766	       600	    154.733	          0	    37.7663	          0	          0	          0	          0	          0	          0	      0	         0	          0	          0	      0	          0	   0	          0	          0	   0	      0	         0	        300	    4239.9	   23702.1	  29527.8	  4837.77	     3300	  3754.73	      900	       900	      300	        0	      2700	      1500	      1500	       300	       300	         0	         0	         0	        300	          0	          0	    454.733	         0	      0	          0	          0	          0	         0	   0	   0	   0	   0	      0	   0	   0	      0	#_107       
 2024	  7	 2	3	0	1	-1	-1	130.144	          0	   0	      0	          0	     300	      1500	   18484.7	  30369.5	  28005.6	  3052.78	  1252.78	  979.174	      600	         0	         0	   626.391	       900	       300	      1500	   326.391	         0	         0	         0	       300	          0	          0	          0	        300	          0	        300	          0	        300	          0	      0	         0	          0	          0	      0	          0	   0	          0	          0	   0	      0	         0	          0	   1526.39	     13032	  23858.3	  24952.8	     2400	     1200	      600	       600	      300	  626.391	      1800	   1226.39	         0	       300	       300	         0	       300	       300	          0	          0	          0	          0	         0	      0	          0	          0	          0	         0	   0	   0	   0	   0	      0	   0	   0	      0	#_108       
 1991	  7	 3	3	0	2	-1	-1	     46	          0	   0	      0	          0	    0.68	      0.57	     10.23	     9.42	     7.35	     8.57	     5.08	     3.07	     3.09	      0.95	      1.45	      0.42	         0	         0	         0	      0.34	         0	      0.54	         0	         0	          0	       0.42	          0	          0	          0	          0	          0	          0	          0	      0	         0	          0	          0	      0	          0	   0	          0	          0	   0	      0	         0	       0.52	      2.15	     12.46	     9.78	     6.55	     4.84	     5.17	     2.08	      1.02	     1.32	        0	      0.42	         0	      0.54	      0.42	      0.54	         0	         0	         0	          0	          0	          0	          0	         0	      0	          0	          0	          0	         0	   0	   0	   0	   0	      0	   0	   0	      0	#_109       
 1992	  7	 3	3	0	2	-1	-1	      3	          0	   0	      0	          0	       0	         0	         0	        0	    11.76	        0	    11.76	     5.88	     5.88	      5.88	      5.88	         0	         0	         0	         0	         0	         0	         0	         0	         0	          0	          0	          0	          0	          0	          0	          0	          0	       5.88	      0	         0	          0	          0	      0	          0	   0	          0	          0	   0	      0	         0	          0	         0	         0	    11.76	     5.88	    11.76	     5.88	        0	         0	        0	        0	         0	      5.88	         0	         0	         0	         0	         0	         0	       5.88	          0	          0	          0	         0	      0	          0	          0	          0	         0	   0	   0	   0	   0	      0	   0	   0	      0	#_110       
 1993	  7	 3	3	0	2	-1	-1	      7	          0	   0	      0	          0	       0	         0	         0	        0	    17.64	     4.82	     1.24	     0.41	     4.82	     10.47	      4.41	         0	      0.41	         0	      0.41	         0	         0	      4.41	         0	         0	          0	          0	          0	          0	          0	          0	          0	          0	          0	      0	         0	          0	          0	      0	          0	   0	       4.41	          0	   0	      0	         0	          0	         0	      8.82	     4.41	     9.23	     9.23	     5.23	        0	      4.41	        0	        0	      4.82	         0	         0	         0	         0	         0	         0	         0	          0	          0	          0	          0	         0	   0.41	          0	          0	          0	         0	   0	   0	   0	   0	      0	   0	   0	      0	#_111       
 1994	  7	 3	3	0	2	-1	-1	     13	          0	   0	      0	          0	    0.45	         0	     12.12	    17.99	    11.22	        0	    12.54	     0.45	        0	      3.43	         0	         0	         0	         0	         0	         0	         0	      3.43	         0	      0.45	          0	          0	          0	          0	          0	          0	          0	          0	          0	      0	         0	          0	          0	      0	          0	   0	          0	          0	   0	      0	      0.45	       0.45	         0	      2.26	    15.12	    17.17	     1.01	      0.9	     0.12	         0	        0	        0	         0	         0	         0	         0	         0	         0	         0	         0	          0	          0	          0	          0	         0	      0	          0	          0	       0.45	         0	   0	   0	   0	   0	      0	   0	   0	      0	#_112       
 1995	  7	 3	3	0	2	-1	-1	    102	          0	   0	      0	          0	     0.3	       3.6	      8.31	    11.47	     8.18	     6.27	     5.82	     4.84	     2.87	       1.6	      2.18	         1	      0.09	         0	      1.01	      0.16	      0.03	      0.01	         0	      0.89	       0.17	          0	       0.02	       0.18	       0.41	       0.02	       0.17	          0	       0.01	      0	      0.04	          0	          0	      0	          0	   0	          0	          0	   0	      0	      0.04	       0.55	      2.26	      5.68	    12.23	     4.07	        3	     1.65	     2.36	      2.34	     2.63	      0.7	      1.19	      0.62	      0.21	       0.1	       0.1	      0.01	         0	      0.02	       0.08	       0.02	       0.01	       0.03	         0	      0	          0	          0	          0	      0.41	0.01	   0	   0	   0	      0	   0	   0	      0	#_113       
 1996	  7	 3	3	0	2	-1	-1	     98	          0	   0	      0	          0	    0.38	       1.7	      7.72	     6.02	     4.65	     5.52	      3.2	     3.69	     3.54	      3.93	      5.47	      4.24	      1.62	      1.47	       2.4	      1.34	      0.63	      0.12	      0.01	      0.19	       0.45	       0.44	        1.8	       0.53	       0.28	          0	          0	       0.11	          0	   0.01	      0.04	          0	       0.01	      0	          0	   0	       0.03	          0	   0	      0	         0	          0	      4.35	      5.56	     4.27	     2.41	     6.14	     2.47	     1.62	      0.79	      3.4	     1.56	      0.82	      1.32	      1.33	      0.69	      0.88	      0.04	       0.2	         0	          0	          0	       0.03	       0.04	         0	      0	       0.29	       0.01	          0	      0.21	   0	   0	   0	0.01	      0	   0	   0	   0.01	#_114       
 1997	  7	 3	3	0	2	-1	-1	    125	          0	   0	      0	          0	    0.26	      0.77	      8.41	     6.85	     3.27	     6.98	     5.08	     5.37	     2.26	      2.71	      2.22	      5.37	      5.61	      0.83	      1.41	         0	      1.27	         0	         0	      0.19	       0.01	          0	       0.15	       0.01	       0.01	       0.01	          0	       0.01	          0	      0	         0	          0	          0	      0	          0	   0	          0	          0	   0	      0	         0	          0	      0.87	      6.25	     3.78	     4.56	     2.69	      3.3	     5.95	      2.14	     1.76	      1.9	      4.61	      2.12	      0.14	      0.21	      0.36	      0.01	         0	      0.02	       0.03	       0.13	       0.03	          0	      0.01	   0.03	       0.03	          0	          0	         0	   0	   0	   0	   0	      0	   0	   0	   0.01	#_115       
 1998	  7	 3	3	0	2	-1	-1	    176	          0	0.01	   0.01	          0	    0.01	         0	      1.92	    10.64	    12.85	     7.16	     4.57	     5.26	     1.69	      1.85	      1.76	      1.18	      1.47	       0.9	      0.26	      0.56	      0.01	      0.15	      0.56	      0.57	       0.21	        1.1	       0.07	       0.06	       0.09	       0.12	       0.02	       0.02	       0.01	   0.03	      0.01	       0.01	       0.01	      0	          0	   0	       0.01	          0	   0	      0	         0	          0	      0.05	      3.16	    13.23	    12.95	     3.79	     2.61	     1.57	      2.16	     1.04	     1.62	      0.63	      0.23	      0.18	      0.44	      0.15	       0.1	      0.32	      0.04	       0.02	       0.24	          0	       0.04	      0.01	   0.06	       0.02	       0.03	       0.04	      0.02	0.01	   0	0.01	0.06	      0	0.01	   0	      0	#_116       
 1999	  7	 3	3	0	2	-1	-1	    248	          0	   0	      0	          0	    0.09	      3.46	       4.6	     8.06	    12.54	     8.54	     3.26	     1.91	     1.47	      1.55	      0.85	      0.43	      0.75	      0.24	       0.6	         0	      0.01	      0.01	      0.12	      0.12	       0.07	          0	          0	          0	          0	          0	          0	          0	          0	      0	         0	          0	       0.01	      0	          0	   0	       0.09	          0	   0	      0	         0	       0.56	      5.25	      5.17	    10.24	    14.58	     6.86	     2.09	      1.5	      1.54	     0.35	     0.39	      0.53	      0.27	      0.32	      0.46	      0.02	      0.25	      0.34	      0.44	          0	          0	          0	       0.04	         0	      0	          0	          0	          0	         0	   0	   0	   0	   0	      0	   0	   0	      0	#_117       
 2000	  7	 3	3	0	2	-1	-1	    149	          0	   0	      0	          0	       0	      0.29	      3.47	    14.49	     5.18	     6.35	     8.85	     7.99	     4.66	       2.5	       2.7	       2.6	      1.67	      0.34	      0.98	      0.93	      1.02	      0.06	      0.03	      0.02	       0.01	       0.03	          0	       0.01	          0	       0.02	       0.15	       0.08	          0	      0	         0	       0.12	       0.14	      0	       0.01	   0	          0	          0	   0	      0	         0	          0	       0.8	      2.93	     8.62	      7.4	     5.42	     4.25	      2.1	      1.31	     0.17	     0.09	      0.82	      0.83	      0.14	      0.03	      0.16	      0.04	         0	         0	          0	       0.01	       0.02	          0	         0	      0	       0.06	       0.12	          0	      0.01	   0	   0	   0	   0	      0	   0	   0	      0	#_118       
 2001	  7	 3	3	0	2	-1	-1	      5	          0	   0	      0	          0	       0	         0	         0	        0	     2.78	     2.78	     8.33	     8.33	     5.56	      2.78	         0	      2.78	         0	         0	      2.78	      5.56	         0	         0	         0	      2.78	          0	       2.78	          0	          0	          0	          0	          0	          0	          0	      0	         0	          0	          0	      0	          0	   0	          0	          0	   0	      0	         0	          0	         0	         0	        0	        0	     8.33	    13.89	     8.33	      8.33	     2.78	        0	      5.56	      5.56	         0	         0	         0	         0	         0	         0	          0	          0	          0	          0	         0	      0	          0	          0	          0	         0	   0	   0	   0	   0	      0	   0	   0	      0	#_119       
 2002	  7	 3	3	0	2	-1	-1	      3	          0	   0	      0	          0	       0	         0	         0	        0	     6.25	        0	     6.25	    18.75	    18.75	         0	         0	     18.14	         0	         0	         0	         0	         0	         0	         0	         0	          0	          0	          0	          0	          0	          0	          0	          0	          0	      0	         0	          0	          0	      0	          0	   0	          0	          0	   0	      0	         0	          0	         0	         0	     6.25	        0	        0	        0	     6.25	      6.25	     12.5	        0	      0.61	         0	         0	         0	         0	         0	         0	         0	          0	          0	          0	          0	         0	      0	          0	          0	          0	         0	   0	   0	   0	   0	      0	   0	   0	      0	#_120       
 2004	  7	 3	3	0	2	-1	-1	     19	          0	   0	      0	          0	       0	      1.56	      1.54	     1.56	     1.54	     3.88	     3.88	     6.84	     5.93	      6.57	      7.47	      1.42	       5.3	      4.64	       3.1	      0.78	      0.78	      0.78	         0	         0	          0	          0	          0	          0	       1.42	          0	          0	          0	          0	      0	         0	          0	          0	      0	          0	   0	          0	          0	   0	      0	         0	          0	      2.32	         0	     1.56	      3.1	     5.42	     6.96	     3.86	      1.56	     4.62	     2.32	      0.78	      3.08	      3.86	         0	      0.78	         0	         0	      0.78	          0	          0	          0	          0	         0	      0	          0	          0	          0	         0	   0	   0	   0	   0	      0	   0	   0	      0	#_121       
 2007	  7	 3	3	0	2	-1	-1	      5	          0	   0	      0	          0	       0	         0	         0	    10.34	      6.9	     3.45	     3.45	     3.45	        0	         0	         0	      3.45	         0	      3.45	         0	         0	         0	         0	         0	         0	          0	          0	          0	          0	          0	          0	          0	          0	          0	      0	         0	          0	          0	      0	          0	   0	          0	          0	   0	      0	         0	          0	         0	         0	    10.34	    13.79	    10.34	    10.34	     3.45	       6.9	     3.45	        0	         0	      3.45	         0	      3.45	         0	         0	         0	         0	          0	          0	          0	          0	         0	      0	          0	          0	          0	         0	   0	   0	   0	   0	      0	   0	   0	      0	#_122       
 2008	  7	 3	3	0	2	-1	-1	    647	          0	   0	      0	          0	     0.3	      0.16	      0.45	     3.34	     6.18	     7.92	     6.57	     5.12	     3.53	      3.57	      6.25	      2.22	      3.34	      1.94	      1.21	      0.57	      0.55	      0.35	      0.68	       0.2	       0.09	       0.35	       0.04	       0.04	       0.09	       0.04	          0	          0	       0.04	   0.04	      0.04	       0.04	          0	      0	          0	   0	          0	          0	   0	      0	      0.04	        0.3	      0.35	      0.97	     2.52	     6.76	     6.75	     6.17	     3.11	      3.29	     2.89	     3.48	      2.61	      0.87	      2.67	      0.35	      0.33	      0.34	      0.44	      0.09	       0.04	          0	       0.04	       0.09	      0.07	   0.04	          0	          0	       0.04	         0	   0	   0	0.04	   0	   0.04	   0	   0	      0	#_123       
 2009	  7	 3	3	0	2	-1	-1	    488	          0	   0	      0	          0	       0	      0.63	      0.61	     1.77	     1.82	     9.92	     6.08	     6.54	     6.75	      2.44	      1.52	      0.96	      1.47	      2.31	      3.23	      0.28	      0.17	      0.14	      0.09	      0.15	       0.11	          0	       0.06	          0	       0.12	          0	       0.06	          0	          0	      0	         0	          0	          0	      0	          0	   0	       0.06	          0	0.02	      0	         0	       0.02	      0.67	      1.71	     3.61	     5.72	     9.57	     8.43	     8.65	       2.8	     2.78	      1.6	      2.66	      2.11	      1.23	      0.12	       0.2	      0.03	      0.09	      0.14	        0.1	       0.23	       0.03	       0.05	      0.03	      0	       0.06	       0.04	       0.03	         0	   0	   0	   0	   0	      0	   0	   0	      0	#_124       
 2010	  7	 3	3	0	2	-1	-1	    401	          0	   0	      0	          0	       0	      0.11	      3.37	     4.82	     3.17	      3.4	     7.17	     7.61	      6.8	      5.01	      3.03	      1.96	      1.35	      0.96	      1.39	      0.36	      1.07	      0.61	      0.09	      0.03	          0	       0.11	          0	       0.19	       0.01	       0.07	          0	          0	          0	      0	         0	       0.01	          0	      0	          0	0.01	       0.03	          0	   0	      0	         0	       0.03	      0.32	      4.75	     2.13	     2.89	     3.31	     6.24	     9.69	      6.44	      3.6	     1.99	      1.18	      1.29	      1.39	       0.4	      0.57	      0.57	      0.07	      0.02	       0.36	          0	          0	          0	      0.01	      0	          0	          0	          0	         0	0.01	   0	   0	   0	      0	   0	   0	      0	#_125       
 2011	  7	 3	3	0	1	-1	-1	    573	          0	   0	      0	          0	       0	      2.95	      1.39	      9.1	     4.82	     4.76	     5.15	     4.45	     3.66	      3.45	      1.38	      1.97	      1.34	      0.78	      0.45	      0.75	       0.4	         1	      0.25	      0.17	       0.12	       0.28	       0.17	       0.11	       0.14	       0.12	       0.14	       0.05	       0.06	      0	         0	          0	          0	      0	          0	   0	       0.05	          0	   0	      0	         0	          0	      2.11	      1.52	     8.12	    11.23	     3.81	     3.84	     4.69	      6.58	     3.36	     1.76	      1.54	       0.5	      0.48	      0.19	       0.1	      0.22	      0.07	      0.19	          0	       0.05	          0	       0.05	      0.04	      0	          0	          0	          0	         0	   0	   0	   0	   0	      0	   0	   0	   0.11	#_126       
 2012	  7	 3	3	0	1	-1	-1	    470	          0	   0	    0.2	          0	    0.03	      0.28	      6.98	     1.03	    10.54	     3.07	     5.25	     2.29	     6.36	      2.79	      1.51	      1.85	      0.27	      1.98	      0.59	      0.18	      0.25	      0.17	      0.24	         0	       0.04	       0.19	       0.02	       0.06	       0.01	       0.04	       0.18	        0.2	       0.03	      0	         0	          0	          0	      0	       0.05	   0	          0	          0	   0	      0	         0	          0	         0	      3.57	     1.41	    14.05	     3.19	     4.08	     2.94	      5.15	     8.18	     2.26	      4.99	       0.7	      1.11	      0.37	      0.44	      0.15	      0.13	      0.18	       0.09	          0	          0	       0.06	      0.06	      0	          0	       0.22	          0	         0	   0	   0	   0	   0	      0	   0	   0	      0	#_127       
 2013	  7	 3	3	0	1	-1	-1	    498	          0	   0	      0	          0	       0	      0.24	      0.35	     9.24	     3.42	     8.04	     5.48	     2.81	     2.73	      3.66	      2.81	      4.94	      2.91	      0.88	      0.41	      0.26	      0.21	      0.37	      0.15	      0.26	       0.08	          0	          0	       0.03	          0	       0.25	          0	       0.25	       0.08	      0	         0	       0.08	          0	      0	          0	   0	       0.07	          0	   0	      0	         0	          0	      0.65	      0.46	     5.58	     5.91	    10.06	     4.84	     4.87	      3.35	     3.53	     2.98	      1.64	      0.94	      0.88	      0.32	      2.68	      0.38	      0.12	      0.21	       0.15	        0.1	       0.08	          0	      0.14	      0	          0	          0	       0.03	      0.03	   0	   0	   0	0.03	      0	   0	   0	      0	#_128       
 2014	  7	 3	3	0	1	-1	-1	    511	          0	   0	      0	          0	       0	      0.03	      6.85	     7.13	     6.26	     1.84	      7.7	     1.78	     1.04	      2.46	      3.91	      6.61	      1.01	      0.41	      0.34	      2.22	      0.39	      0.51	      0.51	      0.25	       0.47	       0.18	       0.43	       0.02	       0.03	          0	          0	          0	          0	      0	         0	          0	          0	      0	          0	   0	       0.03	          0	   0	      0	         0	          0	      1.56	      1.96	     0.92	     6.11	     8.91	     4.17	     4.05	      1.18	     1.38	     4.12	      4.08	      4.06	      2.13	      0.71	      1.12	      0.25	      0.07	      0.41	       0.29	       0.03	          0	          0	         0	      0	          0	          0	          0	         0	   0	0.03	   0	   0	      0	   0	   0	   0.03	#_129       
 2015	  7	 3	3	0	1	-1	-1	    523	          0	   0	      0	          0	       0	0.00746282	 0.0170135	 0.101312	0.0260176	0.0988286	0.0139287	0.0460826	0.0287528	 0.0216505	 0.0300754	 0.0254951	 0.0529825	0.00226537	0.00526103	0.00237546	 0.0153963	0.00768148	0.00292591	         0	0.000110089	 0.00113269	          0	          0	 0.00113269	          0	          0	0.000220179	          0	      0	         0	          0	          0	      0	          0	   0	 0.00113269	          0	   0	      0	         0	0.000110089	 0.0117315	0.00954835	 0.094743	0.0231553	 0.105502	0.0276589	0.0271146	 0.0102957	0.0192432	0.0301901	 0.0319903	 0.0359094	  0.014566	 0.0269363	0.00173818	0.00781017	0.00113269	0.00135286	 0.00454545	 0.00336626	0.000990803	 0.00113269	         0	      0	          0	          0	          0	         0	   0	   0	   0	   0	      0	   0	   0	      0	#_130       
 2016	  7	 3	3	0	1	-1	-1	     64	          0	   0	      0	          0	       0	 0.0269663	 0.0202247	0.0808989	 0.146067	0.0764045	0.0224719	0.0337079	0.0224719	 0.0179775	 0.0134831	0.00898876	0.00898876	0.00674157	  0.011236	 0.0134831	0.00898876	0.00449438	0.00898876	0.00898876	 0.00224719	          0	          0	          0	          0	          0	          0	          0	          0	      0	         0	          0	          0	      0	          0	   0	          0	          0	   0	      0	         0	 0.00224719	  0.011236	 0.0202247	0.0696629	  0.11236	0.0651685	0.0337079	0.0179775	 0.0337079	0.0134831	0.0179775	 0.0134831	 0.0134831	0.00674157	0.00674157	0.00449438	0.00449438	0.00224719	0.00224719	          0	 0.00224719	          0	          0	         0	      0	          0	          0	          0	0.00224719	   0	   0	   0	   0	      0	   0	   0	      0	#_131       
 2017	  7	 3	3	0	1	-1	-1	    148	0.000218181	   0	      0	0.000436363	0.012902	0.00479999	0.00152727	0.0524403	0.0308506	 0.169486	0.0687979	0.0100815	 0.028511	 0.0406438	0.00432233	0.00496895	 0.0593228	 0.0278152	  0.026326	 0.0410582	 0.0029941	    0.0024	 0.0040304	0.00218182	0.000218181	0.000218181	0.000218181	0.000436363	0.000218181	0.000218181	0.000218181	0.000436363	0.000218181	      0	0.00261818	0.000218181	0.000218181	      0	0.000218181	   0	0.000436363	0.000218181	   0	      0	0.00130909	 0.00501817	0.00414545	0.00765097	0.0427424	0.0554916	 0.101736	0.0800037	 0.019529	0.00406732	0.0189679	0.0105401	0.00218182	0.00698968	0.00424858	0.00305133	0.00436363	    0.0024	 0.0176668	0.00174545	0.000872726	0.000654544	 0.00109091	0.000436363	         0	      0	0.000218181	0.000218181	0.000218181	         0	   0	   0	   0	   0	      0	   0	   0	      0	#_132       
 2018	  7	 3	3	0	1	-1	-1	     23	          0	   0	      0	 0.00719425	0.057554	 0.0503597	         0	0.0215827	 0.028777	0.0503597	0.0719424	0.0143885	0.0359712	0.00719425	         0	0.00719425	 0.0143885	         0	 0.0143885	0.00719425	0.00719425	         0	0.00719425	         0	 0.00719425	          0	          0	          0	 0.00719425	          0	          0	          0	          0	      0	         0	          0	          0	      0	          0	   0	 0.00719425	          0	   0	      0	         0	  0.0503597	  0.100719	 0.0143885	 0.028777	 0.028777	0.0143885	0.0863309	0.0359712	 0.0215827	 0.028777	0.0215827	         0	0.00719425	 0.0143885	  0.028777	 0.0359712	0.00719425	 0.0143885	 0.0215827	          0	          0	 0.00719425	          0	0.00719425	      0	          0	          0	          0	         0	   0	   0	   0	   0	      0	   0	   0	      0	#_133       
 2019	  7	 3	3	0	1	-1	-1	    131	          0	   0	      0	        506	     319	      1112	      1323	      564	      718	     1703	     1775	     6040	     4352	      1027	      1614	      1269	       455	       808	       626	      1593	      1948	      1206	         4	      1693	        147	          0	          0	         62	          0	         32	          3	          0	          0	      0	         0	          0	          0	      0	          0	   0	          0	          0	   0	      0	         2	         25	       936	      1121	      209	     1105	     1275	     1008	     2569	       415	      971	      580	      1619	       858	       962	       288	       349	        19	        20	         4	        296	         18	          0	          0	       268	      0	         58	         18	          0	         0	   0	   0	   0	   0	      0	   0	   0	      0	#_134       
 2020	  7	 3	3	0	1	-1	-1	     91	          0	   0	      0	          0	    1426	       785	       611	      548	       35	       78	      414	      502	     1411	       834	        49	       232	       351	       121	       294	       104	       118	       202	       149	         1	          0	         34	          0	          0	          0	          0	          0	          0	          0	     33	         0	          0	          0	      0	         29	   0	          0	          0	   0	      0	         0	       1083	       588	      1271	      888	      287	      394	      399	      489	       352	      120	      567	       276	       302	       302	       169	        74	        92	       199	        60	        193	         27	         27	          1	       226	      0	          3	          0	          0	         0	   0	   0	   0	   0	      0	   0	   0	      0	#_135       
 2021	  7	 3	3	0	1	-1	-1	    123	          0	   0	      0	          0	     315	      2784	       847	     1622	     1802	      275	     1076	      316	      715	       609	       584	       516	       630	       247	       269	       262	         0	         0	       245	       532	          4	          8	          0	          0	          1	          0	          0	          8	          0	      0	         0	          0	          0	      0	          0	  19	          0	          0	   0	      0	         0	        556	      2011	      1333	     1643	       22	      610	      106	      535	       947	      344	      258	        35	         0	       507	       245	       310	         2	        40	        95	          0	          0	          0	          0	         0	      0	          2	          0	         40	         0	   0	   0	   0	   0	      0	   0	   0	      0	#_136       
 2022	  7	 3	3	0	1	-1	-1	    166	          0	   5	      0	          6	     255	      2313	      6764	     1479	     1293	      280	       39	      293	      606	       125	        57	       427	        11	         0	       201	        16	       190	        23	       440	       249	         36	          0	         90	          2	          0	         25	        110	         50	          9	      0	         0	         25	          0	    110	          0	   0	          0	          0	   0	      0	         0	         30	      2781	      3913	      569	      939	      407	      360	      370	       207	      565	      564	       104	       274	       213	        46	       102	        15	       118	         0	          0	          0	          0	         48	         5	      0	          0	          0	          0	         0	   0	   0	   0	   0	      0	   0	   0	      0	#_137       
 2023	  7	 3	3	0	1	-1	-1	    105	          0	   0	      0	          0	       0	       402	      1920	     2226	      403	      602	      282	      433	      365	       484	       959	       497	       495	       355	        58	        24	        68	       114	       124	        82	        164	         82	         44	         99	          5	          0	          0	          0	          0	      0	         0	          0	          0	      0	          0	   0	          0	          0	   0	      0	         0	          0	       420	       904	     1960	      191	      350	      211	       17	        28	      266	      102	       499	        29	        37	        60	        24	       236	       145	         0	          0	          0	          3	          0	         0	     30	          0	          0	          0	         0	   0	   0	   0	   0	      0	   0	   0	      0	#_138       
 2024	  7	 3	3	0	1	-1	-1	     89	          0	   0	      0	          0	      80	        35	        69	      652	     1786	      290	       74	       51	        6	       187	        34	        17	        90	        78	         0	       266	        58	        63	         0	        21	         31	          1	          6	         50	         12	          0	          6	          0	          0	      0	         0	          6	          0	      0	          0	   0	          0	          0	   0	      0	         0	          9	        71	       107	     1106	     1567	       77	      425	        1	        29	       66	       30	       133	        11	        14	         6	       128	         6	         0	        11	        105	          6	          0	         50	        33	    159	          0	         98	          0	         0	   0	   0	   0	   0	      0	   0	   0	      0	#_139       
 2003	8.8	 8	1	0	1	40	40	      1	          0	   0	      0	          0	       0	         0	         0	        0	        0	      100	        0	        0	        0	         0	         0	         0	         0	         0	         0	         0	         0	         0	         0	         0	          0	          0	          0	          0	          0	          0	          0	          0	          0	      0	         0	          0	          0	      0	          0	   0	          0	          0	   0	      0	         0	          0	         0	         0	        0	        0	      100	        0	        0	         0	        0	        0	         0	         0	         0	         0	         0	         0	         0	         0	          0	          0	          0	          0	         0	      0	          0	          0	          0	         0	   0	   0	   0	   0	      0	   0	   0	      0	#_140       
 2003	8.8	 8	1	0	1	48	48	      4	          0	   0	      0	          0	       0	         0	         0	        0	        0	        0	        0	        0	        0	         0	        25	        25	         0	        25	         0	         0	         0	         0	         0	         0	          0	          0	         25	          0	          0	          0	          0	          0	          0	      0	         0	          0	          0	      0	          0	   0	          0	          0	   0	      0	         0	          0	         0	         0	        0	        0	        0	        0	        0	         0	        0	       25	        25	         0	        25	         0	         0	         0	         0	         0	          0	          0	          0	         25	         0	      0	          0	          0	          0	         0	   0	   0	   0	   0	      0	   0	   0	      0	#_141       
 2003	8.8	 8	2	0	1	36	36	      2	          0	   0	      0	          0	       0	         0	         0	        0	      100	        0	        0	        0	        0	         0	         0	         0	         0	         0	         0	         0	         0	         0	         0	         0	          0	          0	          0	          0	          0	          0	          0	          0	          0	      0	         0	          0	          0	      0	          0	   0	          0	          0	   0	      0	         0	          0	         0	         0	        0	      100	        0	        0	        0	         0	        0	        0	         0	         0	         0	         0	         0	         0	         0	         0	          0	          0	          0	          0	         0	      0	          0	          0	          0	         0	   0	   0	   0	   0	      0	   0	   0	      0	#_142       
 2003	8.8	 8	2	0	1	42	42	      2	          0	   0	      0	          0	       0	         0	         0	        0	       50	        0	        0	       50	        0	         0	         0	         0	         0	         0	         0	         0	         0	         0	         0	         0	          0	          0	          0	          0	          0	          0	          0	          0	          0	      0	         0	          0	          0	      0	          0	   0	          0	          0	   0	      0	         0	          0	         0	         0	        0	       50	        0	        0	       50	         0	        0	        0	         0	         0	         0	         0	         0	         0	         0	         0	          0	          0	          0	          0	         0	      0	          0	          0	          0	         0	   0	   0	   0	   0	      0	   0	   0	      0	#_143       
 2003	8.8	 8	2	0	1	46	46	      1	          0	   0	      0	          0	       0	         0	         0	        0	        0	        0	        0	        0	      100	         0	         0	         0	         0	         0	         0	         0	         0	         0	         0	         0	          0	          0	          0	          0	          0	          0	          0	          0	          0	      0	         0	          0	          0	      0	          0	   0	          0	          0	   0	      0	         0	          0	         0	         0	        0	        0	        0	        0	        0	       100	        0	        0	         0	         0	         0	         0	         0	         0	         0	         0	          0	          0	          0	          0	         0	      0	          0	          0	          0	         0	   0	   0	   0	   0	      0	   0	   0	      0	#_144       
 2004	8.8	 8	1	0	1	20	20	      1	          0	   0	    100	          0	       0	         0	         0	        0	        0	        0	        0	        0	        0	         0	         0	         0	         0	         0	         0	         0	         0	         0	         0	         0	          0	          0	          0	          0	          0	          0	          0	          0	          0	      0	         0	          0	          0	      0	          0	   0	          0	          0	   0	    100	         0	          0	         0	         0	        0	        0	        0	        0	        0	         0	        0	        0	         0	         0	         0	         0	         0	         0	         0	         0	          0	          0	          0	          0	         0	      0	          0	          0	          0	         0	   0	   0	   0	   0	      0	   0	   0	      0	#_145       
 2004	8.8	 8	1	0	1	26	26	      2	          0	   0	      0	          0	     100	         0	         0	        0	        0	        0	        0	        0	        0	         0	         0	         0	         0	         0	         0	         0	         0	         0	         0	         0	          0	          0	          0	          0	          0	          0	          0	          0	          0	      0	         0	          0	          0	      0	          0	   0	          0	          0	   0	      0	         0	        100	         0	         0	        0	        0	        0	        0	        0	         0	        0	        0	         0	         0	         0	         0	         0	         0	         0	         0	          0	          0	          0	          0	         0	      0	          0	          0	          0	         0	   0	   0	   0	   0	      0	   0	   0	      0	#_146       
 2004	8.8	 8	1	0	1	28	28	      3	          0	   0	      0	          0	       0	       100	         0	        0	        0	        0	        0	        0	        0	         0	         0	         0	         0	         0	         0	         0	         0	         0	         0	         0	          0	          0	          0	          0	          0	          0	          0	          0	          0	      0	         0	          0	          0	      0	          0	   0	          0	          0	   0	      0	         0	          0	       100	         0	        0	        0	        0	        0	        0	         0	        0	        0	         0	         0	         0	         0	         0	         0	         0	         0	          0	          0	          0	          0	         0	      0	          0	          0	          0	         0	   0	   0	   0	   0	      0	   0	   0	      0	#_147       
 2004	8.8	 8	1	0	1	30	30	      2	          0	   0	      0	          0	      50	        50	         0	        0	        0	        0	        0	        0	        0	         0	         0	         0	         0	         0	         0	         0	         0	         0	         0	         0	          0	          0	          0	          0	          0	          0	          0	          0	          0	      0	         0	          0	          0	      0	          0	   0	          0	          0	   0	      0	         0	         50	        50	         0	        0	        0	        0	        0	        0	         0	        0	        0	         0	         0	         0	         0	         0	         0	         0	         0	          0	          0	          0	          0	         0	      0	          0	          0	          0	         0	   0	   0	   0	   0	      0	   0	   0	      0	#_148       
 2004	8.8	 8	1	0	1	32	32	      2	          0	   0	      0	          0	       0	        50	        50	        0	        0	        0	        0	        0	        0	         0	         0	         0	         0	         0	         0	         0	         0	         0	         0	         0	          0	          0	          0	          0	          0	          0	          0	          0	          0	      0	         0	          0	          0	      0	          0	   0	          0	          0	   0	      0	         0	          0	        50	        50	        0	        0	        0	        0	        0	         0	        0	        0	         0	         0	         0	         0	         0	         0	         0	         0	          0	          0	          0	          0	         0	      0	          0	          0	          0	         0	   0	   0	   0	   0	      0	   0	   0	      0	#_149       
 2004	8.8	 8	1	0	1	34	34	      2	          0	   0	      0	          0	       0	        50	        50	        0	        0	        0	        0	        0	        0	         0	         0	         0	         0	         0	         0	         0	         0	         0	         0	         0	          0	          0	          0	          0	          0	          0	          0	          0	          0	      0	         0	          0	          0	      0	          0	   0	          0	          0	   0	      0	         0	          0	        50	        50	        0	        0	        0	        0	        0	         0	        0	        0	         0	         0	         0	         0	         0	         0	         0	         0	          0	          0	          0	          0	         0	      0	          0	          0	          0	         0	   0	   0	   0	   0	      0	   0	   0	      0	#_150       
 2004	8.8	 8	1	0	1	36	36	      2	          0	   0	      0	          0	       0	       100	         0	        0	        0	        0	        0	        0	        0	         0	         0	         0	         0	         0	         0	         0	         0	         0	         0	         0	          0	          0	          0	          0	          0	          0	          0	          0	          0	      0	         0	          0	          0	      0	          0	   0	          0	          0	   0	      0	         0	          0	       100	         0	        0	        0	        0	        0	        0	         0	        0	        0	         0	         0	         0	         0	         0	         0	         0	         0	          0	          0	          0	          0	         0	      0	          0	          0	          0	         0	   0	   0	   0	   0	      0	   0	   0	      0	#_151       
 2004	8.8	 8	1	0	1	38	38	      1	          0	   0	      0	          0	       0	         0	       100	        0	        0	        0	        0	        0	        0	         0	         0	         0	         0	         0	         0	         0	         0	         0	         0	         0	          0	          0	          0	          0	          0	          0	          0	          0	          0	      0	         0	          0	          0	      0	          0	   0	          0	          0	   0	      0	         0	          0	         0	       100	        0	        0	        0	        0	        0	         0	        0	        0	         0	         0	         0	         0	         0	         0	         0	         0	          0	          0	          0	          0	         0	      0	          0	          0	          0	         0	   0	   0	   0	   0	      0	   0	   0	      0	#_152       
 2004	8.8	 8	1	0	1	40	40	      1	          0	   0	      0	          0	       0	         0	       100	        0	        0	        0	        0	        0	        0	         0	         0	         0	         0	         0	         0	         0	         0	         0	         0	         0	          0	          0	          0	          0	          0	          0	          0	          0	          0	      0	         0	          0	          0	      0	          0	   0	          0	          0	   0	      0	         0	          0	         0	       100	        0	        0	        0	        0	        0	         0	        0	        0	         0	         0	         0	         0	         0	         0	         0	         0	          0	          0	          0	          0	         0	      0	          0	          0	          0	         0	   0	   0	   0	   0	      0	   0	   0	      0	#_153       
 2004	8.8	 8	2	0	1	24	24	      1	          0	   0	      0	        100	       0	         0	         0	        0	        0	        0	        0	        0	        0	         0	         0	         0	         0	         0	         0	         0	         0	         0	         0	         0	          0	          0	          0	          0	          0	          0	          0	          0	          0	      0	         0	          0	          0	      0	          0	   0	          0	          0	   0	      0	       100	          0	         0	         0	        0	        0	        0	        0	        0	         0	        0	        0	         0	         0	         0	         0	         0	         0	         0	         0	          0	          0	          0	          0	         0	      0	          0	          0	          0	         0	   0	   0	   0	   0	      0	   0	   0	      0	#_154       
 2004	8.8	 8	2	0	1	26	26	      3	          0	   0	      0	    33.3333	 33.3333	   33.3333	         0	        0	        0	        0	        0	        0	        0	         0	         0	         0	         0	         0	         0	         0	         0	         0	         0	         0	          0	          0	          0	          0	          0	          0	          0	          0	          0	      0	         0	          0	          0	      0	          0	   0	          0	          0	   0	      0	   33.3333	    33.3333	   33.3333	         0	        0	        0	        0	        0	        0	         0	        0	        0	         0	         0	         0	         0	         0	         0	         0	         0	          0	          0	          0	          0	         0	      0	          0	          0	          0	         0	   0	   0	   0	   0	      0	   0	   0	      0	#_155       
 2004	8.8	 8	2	0	1	28	28	      3	          0	   0	      0	          0	 33.3333	   66.6667	         0	        0	        0	        0	        0	        0	        0	         0	         0	         0	         0	         0	         0	         0	         0	         0	         0	         0	          0	          0	          0	          0	          0	          0	          0	          0	          0	      0	         0	          0	          0	      0	          0	   0	          0	          0	   0	      0	         0	    33.3333	   66.6667	         0	        0	        0	        0	        0	        0	         0	        0	        0	         0	         0	         0	         0	         0	         0	         0	         0	          0	          0	          0	          0	         0	      0	          0	          0	          0	         0	   0	   0	   0	   0	      0	   0	   0	      0	#_156       
 2004	8.8	 8	2	0	1	30	30	      3	          0	   0	      0	          0	       0	       100	         0	        0	        0	        0	        0	        0	        0	         0	         0	         0	         0	         0	         0	         0	         0	         0	         0	         0	          0	          0	          0	          0	          0	          0	          0	          0	          0	      0	         0	          0	          0	      0	          0	   0	          0	          0	   0	      0	         0	          0	       100	         0	        0	        0	        0	        0	        0	         0	        0	        0	         0	         0	         0	         0	         0	         0	         0	         0	          0	          0	          0	          0	         0	      0	          0	          0	          0	         0	   0	   0	   0	   0	      0	   0	   0	      0	#_157       
 2004	8.8	 8	2	0	1	32	32	      6	          0	   0	      0	          0	       0	   83.3333	   16.6667	        0	        0	        0	        0	        0	        0	         0	         0	         0	         0	         0	         0	         0	         0	         0	         0	         0	          0	          0	          0	          0	          0	          0	          0	          0	          0	      0	         0	          0	          0	      0	          0	   0	          0	          0	   0	      0	         0	          0	   83.3333	   16.6667	        0	        0	        0	        0	        0	         0	        0	        0	         0	         0	         0	         0	         0	         0	         0	         0	          0	          0	          0	          0	         0	      0	          0	          0	          0	         0	   0	   0	   0	   0	      0	   0	   0	      0	#_158       
 2004	8.8	 8	2	0	1	34	34	      3	          0	   0	      0	          0	       0	   66.6667	   33.3333	        0	        0	        0	        0	        0	        0	         0	         0	         0	         0	         0	         0	         0	         0	         0	         0	         0	          0	          0	          0	          0	          0	          0	          0	          0	          0	      0	         0	          0	          0	      0	          0	   0	          0	          0	   0	      0	         0	          0	   66.6667	   33.3333	        0	        0	        0	        0	        0	         0	        0	        0	         0	         0	         0	         0	         0	         0	         0	         0	          0	          0	          0	          0	         0	      0	          0	          0	          0	         0	   0	   0	   0	   0	      0	   0	   0	      0	#_159       
 2004	8.8	 8	2	0	1	38	38	      3	          0	   0	      0	          0	       0	   33.3333	         0	  33.3333	  33.3333	        0	        0	        0	        0	         0	         0	         0	         0	         0	         0	         0	         0	         0	         0	         0	          0	          0	          0	          0	          0	          0	          0	          0	          0	      0	         0	          0	          0	      0	          0	   0	          0	          0	   0	      0	         0	          0	   33.3333	         0	  33.3333	  33.3333	        0	        0	        0	         0	        0	        0	         0	         0	         0	         0	         0	         0	         0	         0	          0	          0	          0	          0	         0	      0	          0	          0	          0	         0	   0	   0	   0	   0	      0	   0	   0	      0	#_160       
 2004	8.8	 8	2	0	1	40	40	      3	          0	   0	      0	          0	       0	         0	         0	        0	        0	        0	        0	  33.3333	        0	         0	         0	   33.3333	         0	         0	         0	   33.3333	         0	         0	         0	         0	          0	          0	          0	          0	          0	          0	          0	          0	          0	      0	         0	          0	          0	      0	          0	   0	          0	          0	   0	      0	         0	          0	         0	         0	        0	        0	        0	        0	  33.3333	         0	        0	        0	   33.3333	         0	         0	         0	   33.3333	         0	         0	         0	          0	          0	          0	          0	         0	      0	          0	          0	          0	         0	   0	   0	   0	   0	      0	   0	   0	      0	#_161       
 2004	8.8	 8	2	0	1	44	44	      1	          0	   0	      0	          0	       0	         0	         0	        0	        0	        0	      100	        0	        0	         0	         0	         0	         0	         0	         0	         0	         0	         0	         0	         0	          0	          0	          0	          0	          0	          0	          0	          0	          0	      0	         0	          0	          0	      0	          0	   0	          0	          0	   0	      0	         0	          0	         0	         0	        0	        0	        0	      100	        0	         0	        0	        0	         0	         0	         0	         0	         0	         0	         0	         0	          0	          0	          0	          0	         0	      0	          0	          0	          0	         0	   0	   0	   0	   0	      0	   0	   0	      0	#_162       
 2005	8.8	 8	1	0	1	28	28	      2	          0	   0	      0	          0	       0	        50	        50	        0	        0	        0	        0	        0	        0	         0	         0	         0	         0	         0	         0	         0	         0	         0	         0	         0	          0	          0	          0	          0	          0	          0	          0	          0	          0	      0	         0	          0	          0	      0	          0	   0	          0	          0	   0	      0	         0	          0	        50	        50	        0	        0	        0	        0	        0	         0	        0	        0	         0	         0	         0	         0	         0	         0	         0	         0	          0	          0	          0	          0	         0	      0	          0	          0	          0	         0	   0	   0	   0	   0	      0	   0	   0	      0	#_163       
 2005	8.8	 8	1	0	1	32	32	      2	          0	   0	      0	          0	       0	       100	         0	        0	        0	        0	        0	        0	        0	         0	         0	         0	         0	         0	         0	         0	         0	         0	         0	         0	          0	          0	          0	          0	          0	          0	          0	          0	          0	      0	         0	          0	          0	      0	          0	   0	          0	          0	   0	      0	         0	          0	       100	         0	        0	        0	        0	        0	        0	         0	        0	        0	         0	         0	         0	         0	         0	         0	         0	         0	          0	          0	          0	          0	         0	      0	          0	          0	          0	         0	   0	   0	   0	   0	      0	   0	   0	      0	#_164       
 2005	8.8	 8	1	0	1	34	34	      1	          0	   0	      0	          0	       0	         0	       100	        0	        0	        0	        0	        0	        0	         0	         0	         0	         0	         0	         0	         0	         0	         0	         0	         0	          0	          0	          0	          0	          0	          0	          0	          0	          0	      0	         0	          0	          0	      0	          0	   0	          0	          0	   0	      0	         0	          0	         0	       100	        0	        0	        0	        0	        0	         0	        0	        0	         0	         0	         0	         0	         0	         0	         0	         0	          0	          0	          0	          0	         0	      0	          0	          0	          0	         0	   0	   0	   0	   0	      0	   0	   0	      0	#_165       
 2005	8.8	 8	1	0	1	36	36	      1	          0	   0	      0	          0	       0	         0	         0	      100	        0	        0	        0	        0	        0	         0	         0	         0	         0	         0	         0	         0	         0	         0	         0	         0	          0	          0	          0	          0	          0	          0	          0	          0	          0	      0	         0	          0	          0	      0	          0	   0	          0	          0	   0	      0	         0	          0	         0	         0	      100	        0	        0	        0	        0	         0	        0	        0	         0	         0	         0	         0	         0	         0	         0	         0	          0	          0	          0	          0	         0	      0	          0	          0	          0	         0	   0	   0	   0	   0	      0	   0	   0	      0	#_166       
 2005	8.8	 8	1	0	1	40	40	      4	          0	   0	      0	          0	       0	         0	         0	        0	       25	        0	        0	       25	        0	        25	         0	        25	         0	         0	         0	         0	         0	         0	         0	         0	          0	          0	          0	          0	          0	          0	          0	          0	          0	      0	         0	          0	          0	      0	          0	   0	          0	          0	   0	      0	         0	          0	         0	         0	        0	       25	        0	        0	       25	         0	       25	        0	        25	         0	         0	         0	         0	         0	         0	         0	          0	          0	          0	          0	         0	      0	          0	          0	          0	         0	   0	   0	   0	   0	      0	   0	   0	      0	#_167       
 2005	8.8	 8	1	0	1	42	42	      2	          0	   0	      0	          0	       0	         0	         0	        0	        0	        0	       50	       50	        0	         0	         0	         0	         0	         0	         0	         0	         0	         0	         0	         0	          0	          0	          0	          0	          0	          0	          0	          0	          0	      0	         0	          0	          0	      0	          0	   0	          0	          0	   0	      0	         0	          0	         0	         0	        0	        0	        0	       50	       50	         0	        0	        0	         0	         0	         0	         0	         0	         0	         0	         0	          0	          0	          0	          0	         0	      0	          0	          0	          0	         0	   0	   0	   0	   0	      0	   0	   0	      0	#_168       
 2005	8.8	 8	1	0	1	44	44	      3	          0	   0	      0	          0	       0	         0	         0	        0	        0	  33.3333	        0	        0	        0	         0	         0	   66.6667	         0	         0	         0	         0	         0	         0	         0	         0	          0	          0	          0	          0	          0	          0	          0	          0	          0	      0	         0	          0	          0	      0	          0	   0	          0	          0	   0	      0	         0	          0	         0	         0	        0	        0	  33.3333	        0	        0	         0	        0	        0	   66.6667	         0	         0	         0	         0	         0	         0	         0	          0	          0	          0	          0	         0	      0	          0	          0	          0	         0	   0	   0	   0	   0	      0	   0	   0	      0	#_169       
 2005	8.8	 8	1	0	1	46	46	      8	          0	   0	      0	          0	       0	         0	         0	        0	        0	        0	     37.5	     12.5	       25	      12.5	         0	      12.5	         0	         0	         0	         0	         0	         0	         0	         0	          0	          0	          0	          0	          0	          0	          0	          0	          0	      0	         0	          0	          0	      0	          0	   0	          0	          0	   0	      0	         0	          0	         0	         0	        0	        0	        0	     37.5	     12.5	        25	     12.5	        0	      12.5	         0	         0	         0	         0	         0	         0	         0	          0	          0	          0	          0	         0	      0	          0	          0	          0	         0	   0	   0	   0	   0	      0	   0	   0	      0	#_170       
 2005	8.8	 8	1	0	1	48	48	      5	          0	   0	      0	          0	       0	         0	         0	        0	        0	        0	        0	        0	        0	         0	        40	         0	        40	         0	         0	         0	         0	        20	         0	         0	          0	          0	          0	          0	          0	          0	          0	          0	          0	      0	         0	          0	          0	      0	          0	   0	          0	          0	   0	      0	         0	          0	         0	         0	        0	        0	        0	        0	        0	         0	        0	       40	         0	        40	         0	         0	         0	         0	        20	         0	          0	          0	          0	          0	         0	      0	          0	          0	          0	         0	   0	   0	   0	   0	      0	   0	   0	      0	#_171       
 2005	8.8	 8	1	0	1	50	50	      5	          0	   0	      0	          0	       0	         0	         0	        0	        0	        0	        0	        0	        0	         0	         0	         0	         0	         0	         0	        40	         0	         0	        40	         0	          0	          0	          0	         20	          0	          0	          0	          0	          0	      0	         0	          0	          0	      0	          0	   0	          0	          0	   0	      0	         0	          0	         0	         0	        0	        0	        0	        0	        0	         0	        0	        0	         0	         0	         0	         0	        40	         0	         0	        40	          0	          0	          0	          0	        20	      0	          0	          0	          0	         0	   0	   0	   0	   0	      0	   0	   0	      0	#_172       
 2005	8.8	 8	2	0	1	30	30	      1	          0	   0	      0	          0	       0	       100	         0	        0	        0	        0	        0	        0	        0	         0	         0	         0	         0	         0	         0	         0	         0	         0	         0	         0	          0	          0	          0	          0	          0	          0	          0	          0	          0	      0	         0	          0	          0	      0	          0	   0	          0	          0	   0	      0	         0	          0	       100	         0	        0	        0	        0	        0	        0	         0	        0	        0	         0	         0	         0	         0	         0	         0	         0	         0	          0	          0	          0	          0	         0	      0	          0	          0	          0	         0	   0	   0	   0	   0	      0	   0	   0	      0	#_173       
 2005	8.8	 8	2	0	1	32	32	      1	          0	   0	      0	          0	       0	         0	       100	        0	        0	        0	        0	        0	        0	         0	         0	         0	         0	         0	         0	         0	         0	         0	         0	         0	          0	          0	          0	          0	          0	          0	          0	          0	          0	      0	         0	          0	          0	      0	          0	   0	          0	          0	   0	      0	         0	          0	         0	       100	        0	        0	        0	        0	        0	         0	        0	        0	         0	         0	         0	         0	         0	         0	         0	         0	          0	          0	          0	          0	         0	      0	          0	          0	          0	         0	   0	   0	   0	   0	      0	   0	   0	      0	#_174       
 2005	8.8	 8	2	0	1	34	34	      2	          0	   0	      0	          0	       0	         0	        50	       50	        0	        0	        0	        0	        0	         0	         0	         0	         0	         0	         0	         0	         0	         0	         0	         0	          0	          0	          0	          0	          0	          0	          0	          0	          0	      0	         0	          0	          0	      0	          0	   0	          0	          0	   0	      0	         0	          0	         0	        50	       50	        0	        0	        0	        0	         0	        0	        0	         0	         0	         0	         0	         0	         0	         0	         0	          0	          0	          0	          0	         0	      0	          0	          0	          0	         0	   0	   0	   0	   0	      0	   0	   0	      0	#_175       
 2005	8.8	 8	2	0	1	36	36	      7	          0	   0	      0	          0	       0	         0	   28.5714	  57.1429	  14.2857	        0	        0	        0	        0	         0	         0	         0	         0	         0	         0	         0	         0	         0	         0	         0	          0	          0	          0	          0	          0	          0	          0	          0	          0	      0	         0	          0	          0	      0	          0	   0	          0	          0	   0	      0	         0	          0	         0	   28.5714	  57.1429	  14.2857	        0	        0	        0	         0	        0	        0	         0	         0	         0	         0	         0	         0	         0	         0	          0	          0	          0	          0	         0	      0	          0	          0	          0	         0	   0	   0	   0	   0	      0	   0	   0	      0	#_176       
 2005	8.8	 8	2	0	1	38	38	      5	          0	   0	      0	          0	       0	         0	         0	       20	       40	        0	        0	       20	       20	         0	         0	         0	         0	         0	         0	         0	         0	         0	         0	         0	          0	          0	          0	          0	          0	          0	          0	          0	          0	      0	         0	          0	          0	      0	          0	   0	          0	          0	   0	      0	         0	          0	         0	         0	       20	       40	        0	        0	       20	        20	        0	        0	         0	         0	         0	         0	         0	         0	         0	         0	          0	          0	          0	          0	         0	      0	          0	          0	          0	         0	   0	   0	   0	   0	      0	   0	   0	      0	#_177       
 2005	8.8	 8	2	0	1	40	40	      3	          0	   0	      0	          0	       0	         0	         0	  33.3333	        0	        0	        0	  33.3333	        0	         0	   33.3333	         0	         0	         0	         0	         0	         0	         0	         0	         0	          0	          0	          0	          0	          0	          0	          0	          0	          0	      0	         0	          0	          0	      0	          0	   0	          0	          0	   0	      0	         0	          0	         0	         0	  33.3333	        0	        0	        0	  33.3333	         0	        0	  33.3333	         0	         0	         0	         0	         0	         0	         0	         0	          0	          0	          0	          0	         0	      0	          0	          0	          0	         0	   0	   0	   0	   0	      0	   0	   0	      0	#_178       
 2005	8.8	 8	2	0	1	42	42	      4	          0	   0	      0	          0	       0	         0	         0	        0	        0	        0	       25	       25	       25	         0	        25	         0	         0	         0	         0	         0	         0	         0	         0	         0	          0	          0	          0	          0	          0	          0	          0	          0	          0	      0	         0	          0	          0	      0	          0	   0	          0	          0	   0	      0	         0	          0	         0	         0	        0	        0	        0	       25	       25	        25	        0	       25	         0	         0	         0	         0	         0	         0	         0	         0	          0	          0	          0	          0	         0	      0	          0	          0	          0	         0	   0	   0	   0	   0	      0	   0	   0	      0	#_179       
 2005	8.8	 8	2	0	1	44	44	      7	          0	   0	      0	          0	       0	         0	         0	        0	        0	        0	  14.2857	        0	  14.2857	   14.2857	   14.2857	   28.5714	         0	   14.2857	         0	         0	         0	         0	         0	         0	          0	          0	          0	          0	          0	          0	          0	          0	          0	      0	         0	          0	          0	      0	          0	   0	          0	          0	   0	      0	         0	          0	         0	         0	        0	        0	        0	  14.2857	        0	   14.2857	  14.2857	  14.2857	   28.5714	         0	   14.2857	         0	         0	         0	         0	         0	          0	          0	          0	          0	         0	      0	          0	          0	          0	         0	   0	   0	   0	   0	      0	   0	   0	      0	#_180       
 2005	8.8	 8	2	0	1	46	46	      2	          0	   0	      0	          0	       0	         0	         0	        0	        0	        0	        0	        0	        0	        50	        50	         0	         0	         0	         0	         0	         0	         0	         0	         0	          0	          0	          0	          0	          0	          0	          0	          0	          0	      0	         0	          0	          0	      0	          0	   0	          0	          0	   0	      0	         0	          0	         0	         0	        0	        0	        0	        0	        0	         0	       50	       50	         0	         0	         0	         0	         0	         0	         0	         0	          0	          0	          0	          0	         0	      0	          0	          0	          0	         0	   0	   0	   0	   0	      0	   0	   0	      0	#_181       
 2006	8.8	 8	1	0	1	30	30	      3	          0	   0	      0	          0	       0	   33.3333	   66.6667	        0	        0	        0	        0	        0	        0	         0	         0	         0	         0	         0	         0	         0	         0	         0	         0	         0	          0	          0	          0	          0	          0	          0	          0	          0	          0	      0	         0	          0	          0	      0	          0	   0	          0	          0	   0	      0	         0	          0	   33.3333	   66.6667	        0	        0	        0	        0	        0	         0	        0	        0	         0	         0	         0	         0	         0	         0	         0	         0	          0	          0	          0	          0	         0	      0	          0	          0	          0	         0	   0	   0	   0	   0	      0	   0	   0	      0	#_182       
 2006	8.8	 8	1	0	1	32	32	      3	          0	   0	      0	          0	       0	   33.3333	   33.3333	  33.3333	        0	        0	        0	        0	        0	         0	         0	         0	         0	         0	         0	         0	         0	         0	         0	         0	          0	          0	          0	          0	          0	          0	          0	          0	          0	      0	         0	          0	          0	      0	          0	   0	          0	          0	   0	      0	         0	          0	   33.3333	   33.3333	  33.3333	        0	        0	        0	        0	         0	        0	        0	         0	         0	         0	         0	         0	         0	         0	         0	          0	          0	          0	          0	         0	      0	          0	          0	          0	         0	   0	   0	   0	   0	      0	   0	   0	      0	#_183       
 2006	8.8	 8	1	0	1	36	36	      4	          0	   0	      0	          0	       0	         0	        50	        0	       50	        0	        0	        0	        0	         0	         0	         0	         0	         0	         0	         0	         0	         0	         0	         0	          0	          0	          0	          0	          0	          0	          0	          0	          0	      0	         0	          0	          0	      0	          0	   0	          0	          0	   0	      0	         0	          0	         0	        50	        0	       50	        0	        0	        0	         0	        0	        0	         0	         0	         0	         0	         0	         0	         0	         0	          0	          0	          0	          0	         0	      0	          0	          0	          0	         0	   0	   0	   0	   0	      0	   0	   0	      0	#_184       
 2006	8.8	 8	1	0	1	38	38	      3	          0	   0	      0	          0	       0	         0	         0	  66.6667	  33.3333	        0	        0	        0	        0	         0	         0	         0	         0	         0	         0	         0	         0	         0	         0	         0	          0	          0	          0	          0	          0	          0	          0	          0	          0	      0	         0	          0	          0	      0	          0	   0	          0	          0	   0	      0	         0	          0	         0	         0	  66.6667	  33.3333	        0	        0	        0	         0	        0	        0	         0	         0	         0	         0	         0	         0	         0	         0	          0	          0	          0	          0	         0	      0	          0	          0	          0	         0	   0	   0	   0	   0	      0	   0	   0	      0	#_185       
 2006	8.8	 8	1	0	1	40	40	      4	          0	   0	      0	          0	       0	         0	        25	       25	       25	       25	        0	        0	        0	         0	         0	         0	         0	         0	         0	         0	         0	         0	         0	         0	          0	          0	          0	          0	          0	          0	          0	          0	          0	      0	         0	          0	          0	      0	          0	   0	          0	          0	   0	      0	         0	          0	         0	        25	       25	       25	       25	        0	        0	         0	        0	        0	         0	         0	         0	         0	         0	         0	         0	         0	          0	          0	          0	          0	         0	      0	          0	          0	          0	         0	   0	   0	   0	   0	      0	   0	   0	      0	#_186       
 2006	8.8	 8	1	0	1	42	42	      4	          0	   0	      0	          0	       0	         0	         0	       25	       25	        0	       25	        0	        0	         0	         0	         0	        25	         0	         0	         0	         0	         0	         0	         0	          0	          0	          0	          0	          0	          0	          0	          0	          0	      0	         0	          0	          0	      0	          0	   0	          0	          0	   0	      0	         0	          0	         0	         0	       25	       25	        0	       25	        0	         0	        0	        0	         0	        25	         0	         0	         0	         0	         0	         0	          0	          0	          0	          0	         0	      0	          0	          0	          0	         0	   0	   0	   0	   0	      0	   0	   0	      0	#_187       
 2006	8.8	 8	1	0	1	44	44	      3	          0	   0	      0	          0	       0	         0	         0	        0	        0	  33.3333	        0	        0	        0	         0	         0	   33.3333	   33.3333	         0	         0	         0	         0	         0	         0	         0	          0	          0	          0	          0	          0	          0	          0	          0	          0	      0	         0	          0	          0	      0	          0	   0	          0	          0	   0	      0	         0	          0	         0	         0	        0	        0	  33.3333	        0	        0	         0	        0	        0	   33.3333	   33.3333	         0	         0	         0	         0	         0	         0	          0	          0	          0	          0	         0	      0	          0	          0	          0	         0	   0	   0	   0	   0	      0	   0	   0	      0	#_188       
 2006	8.8	 8	1	0	1	46	46	      6	          0	   0	      0	          0	       0	         0	         0	        0	        0	        0	        0	  16.6667	  33.3333	         0	         0	   16.6667	         0	         0	         0	   16.6667	         0	         0	         0	   16.6667	          0	          0	          0	          0	          0	          0	          0	          0	          0	      0	         0	          0	          0	      0	          0	   0	          0	          0	   0	      0	         0	          0	         0	         0	        0	        0	        0	        0	  16.6667	   33.3333	        0	        0	   16.6667	         0	         0	         0	   16.6667	         0	         0	         0	    16.6667	          0	          0	          0	         0	      0	          0	          0	          0	         0	   0	   0	   0	   0	      0	   0	   0	      0	#_189       
 2006	8.8	 8	1	0	1	48	48	     10	          0	   0	      0	          0	       0	         0	         0	        0	        0	        0	        0	       10	        0	        20	         0	        10	        10	        10	        10	        20	         0	         0	         0	         0	          0	          0	          0	          0	          0	         10	          0	          0	          0	      0	         0	          0	          0	      0	          0	   0	          0	          0	   0	      0	         0	          0	         0	         0	        0	        0	        0	        0	       10	         0	       20	        0	        10	        10	        10	        10	        20	         0	         0	         0	          0	          0	          0	          0	         0	      0	         10	          0	          0	         0	   0	   0	   0	   0	      0	   0	   0	      0	#_190       
 2006	8.8	 8	1	0	1	50	50	      9	          0	   0	      0	          0	       0	         0	         0	        0	        0	        0	        0	        0	        0	         0	         0	   11.1111	   11.1111	         0	         0	         0	   11.1111	         0	         0	         0	    11.1111	    22.2222	          0	    22.2222	          0	          0	    11.1111	          0	          0	      0	         0	          0	          0	      0	          0	   0	          0	          0	   0	      0	         0	          0	         0	         0	        0	        0	        0	        0	        0	         0	        0	        0	   11.1111	   11.1111	         0	         0	         0	   11.1111	         0	         0	          0	    11.1111	    22.2222	          0	   22.2222	      0	          0	    11.1111	          0	         0	   0	   0	   0	   0	      0	   0	   0	      0	#_191       
 2006	8.8	 8	2	0	1	16	16	      1	          0	   0	    100	          0	       0	         0	         0	        0	        0	        0	        0	        0	        0	         0	         0	         0	         0	         0	         0	         0	         0	         0	         0	         0	          0	          0	          0	          0	          0	          0	          0	          0	          0	      0	         0	          0	          0	      0	          0	   0	          0	          0	   0	    100	         0	          0	         0	         0	        0	        0	        0	        0	        0	         0	        0	        0	         0	         0	         0	         0	         0	         0	         0	         0	          0	          0	          0	          0	         0	      0	          0	          0	          0	         0	   0	   0	   0	   0	      0	   0	   0	      0	#_192       
 2006	8.8	 8	2	0	1	30	30	      3	          0	   0	      0	          0	 33.3333	         0	   33.3333	  33.3333	        0	        0	        0	        0	        0	         0	         0	         0	         0	         0	         0	         0	         0	         0	         0	         0	          0	          0	          0	          0	          0	          0	          0	          0	          0	      0	         0	          0	          0	      0	          0	   0	          0	          0	   0	      0	         0	    33.3333	         0	   33.3333	  33.3333	        0	        0	        0	        0	         0	        0	        0	         0	         0	         0	         0	         0	         0	         0	         0	          0	          0	          0	          0	         0	      0	          0	          0	          0	         0	   0	   0	   0	   0	      0	   0	   0	      0	#_193       
 2006	8.8	 8	2	0	1	32	32	      1	          0	   0	      0	          0	       0	       100	         0	        0	        0	        0	        0	        0	        0	         0	         0	         0	         0	         0	         0	         0	         0	         0	         0	         0	          0	          0	          0	          0	          0	          0	          0	          0	          0	      0	         0	          0	          0	      0	          0	   0	          0	          0	   0	      0	         0	          0	       100	         0	        0	        0	        0	        0	        0	         0	        0	        0	         0	         0	         0	         0	         0	         0	         0	         0	          0	          0	          0	          0	         0	      0	          0	          0	          0	         0	   0	   0	   0	   0	      0	   0	   0	      0	#_194       
 2006	8.8	 8	2	0	1	34	34	      7	          0	   0	      0	          0	 14.2857	   28.5714	   14.2857	  14.2857	  28.5714	        0	        0	        0	        0	         0	         0	         0	         0	         0	         0	         0	         0	         0	         0	         0	          0	          0	          0	          0	          0	          0	          0	          0	          0	      0	         0	          0	          0	      0	          0	   0	          0	          0	   0	      0	         0	    14.2857	   28.5714	   14.2857	  14.2857	  28.5714	        0	        0	        0	         0	        0	        0	         0	         0	         0	         0	         0	         0	         0	         0	          0	          0	          0	          0	         0	      0	          0	          0	          0	         0	   0	   0	   0	   0	      0	   0	   0	      0	#_195       
 2006	8.8	 8	2	0	1	36	36	      3	          0	   0	      0	          0	       0	         0	   33.3333	  66.6667	        0	        0	        0	        0	        0	         0	         0	         0	         0	         0	         0	         0	         0	         0	         0	         0	          0	          0	          0	          0	          0	          0	          0	          0	          0	      0	         0	          0	          0	      0	          0	   0	          0	          0	   0	      0	         0	          0	         0	   33.3333	  66.6667	        0	        0	        0	        0	         0	        0	        0	         0	         0	         0	         0	         0	         0	         0	         0	          0	          0	          0	          0	         0	      0	          0	          0	          0	         0	   0	   0	   0	   0	      0	   0	   0	      0	#_196       
 2006	8.8	 8	2	0	1	38	38	      6	          0	   0	      0	          0	       0	         0	         0	  33.3333	       50	        0	        0	        0	        0	         0	   16.6667	         0	         0	         0	         0	         0	         0	         0	         0	         0	          0	          0	          0	          0	          0	          0	          0	          0	          0	      0	         0	          0	          0	      0	          0	   0	          0	          0	   0	      0	         0	          0	         0	         0	  33.3333	       50	        0	        0	        0	         0	        0	  16.6667	         0	         0	         0	         0	         0	         0	         0	         0	          0	          0	          0	          0	         0	      0	          0	          0	          0	         0	   0	   0	   0	   0	      0	   0	   0	      0	#_197       
 2006	8.8	 8	2	0	1	40	40	      6	          0	   0	      0	          0	       0	         0	         0	  16.6667	        0	       50	  16.6667	        0	        0	   16.6667	         0	         0	         0	         0	         0	         0	         0	         0	         0	         0	          0	          0	          0	          0	          0	          0	          0	          0	          0	      0	         0	          0	          0	      0	          0	   0	          0	          0	   0	      0	         0	          0	         0	         0	  16.6667	        0	       50	  16.6667	        0	         0	  16.6667	        0	         0	         0	         0	         0	         0	         0	         0	         0	          0	          0	          0	          0	         0	      0	          0	          0	          0	         0	   0	   0	   0	   0	      0	   0	   0	      0	#_198       
 2006	8.8	 8	2	0	1	42	42	      5	          0	   0	      0	          0	       0	         0	         0	        0	       20	       20	        0	        0	       20	         0	         0	        40	         0	         0	         0	         0	         0	         0	         0	         0	          0	          0	          0	          0	          0	          0	          0	          0	          0	      0	         0	          0	          0	      0	          0	   0	          0	          0	   0	      0	         0	          0	         0	         0	        0	       20	       20	        0	        0	        20	        0	        0	        40	         0	         0	         0	         0	         0	         0	         0	          0	          0	          0	          0	         0	      0	          0	          0	          0	         0	   0	   0	   0	   0	      0	   0	   0	      0	#_199       
 2006	8.8	 8	2	0	1	44	44	      5	          0	   0	      0	          0	       0	         0	         0	        0	        0	        0	        0	       20	        0	        20	        20	         0	        20	         0	         0	         0	        20	         0	         0	         0	          0	          0	          0	          0	          0	          0	          0	          0	          0	      0	         0	          0	          0	      0	          0	   0	          0	          0	   0	      0	         0	          0	         0	         0	        0	        0	        0	        0	       20	         0	       20	       20	         0	        20	         0	         0	         0	        20	         0	         0	          0	          0	          0	          0	         0	      0	          0	          0	          0	         0	   0	   0	   0	   0	      0	   0	   0	      0	#_200       
 2006	8.8	 8	2	0	1	46	46	      1	          0	   0	      0	          0	       0	         0	         0	        0	        0	        0	        0	        0	        0	         0	         0	         0	       100	         0	         0	         0	         0	         0	         0	         0	          0	          0	          0	          0	          0	          0	          0	          0	          0	      0	         0	          0	          0	      0	          0	   0	          0	          0	   0	      0	         0	          0	         0	         0	        0	        0	        0	        0	        0	         0	        0	        0	         0	       100	         0	         0	         0	         0	         0	         0	          0	          0	          0	          0	         0	      0	          0	          0	          0	         0	   0	   0	   0	   0	      0	   0	   0	      0	#_201       
 2006	8.8	 8	2	0	1	48	48	      1	          0	   0	      0	          0	       0	         0	         0	        0	        0	        0	        0	        0	        0	         0	         0	         0	         0	         0	         0	         0	       100	         0	         0	         0	          0	          0	          0	          0	          0	          0	          0	          0	          0	      0	         0	          0	          0	      0	          0	   0	          0	          0	   0	      0	         0	          0	         0	         0	        0	        0	        0	        0	        0	         0	        0	        0	         0	         0	         0	         0	         0	       100	         0	         0	          0	          0	          0	          0	         0	      0	          0	          0	          0	         0	   0	   0	   0	   0	      0	   0	   0	      0	#_202       
 2006	8.8	 8	2	0	1	52	52	      1	          0	   0	      0	          0	       0	         0	         0	        0	        0	        0	        0	        0	        0	         0	         0	         0	         0	         0	         0	         0	         0	         0	         0	       100	          0	          0	          0	          0	          0	          0	          0	          0	          0	      0	         0	          0	          0	      0	          0	   0	          0	          0	   0	      0	         0	          0	         0	         0	        0	        0	        0	        0	        0	         0	        0	        0	         0	         0	         0	         0	         0	         0	         0	         0	        100	          0	          0	          0	         0	      0	          0	          0	          0	         0	   0	   0	   0	   0	      0	   0	   0	      0	#_203       
 2007	8.8	 8	1	0	1	34	34	      1	          0	   0	      0	          0	       0	         0	       100	        0	        0	        0	        0	        0	        0	         0	         0	         0	         0	         0	         0	         0	         0	         0	         0	         0	          0	          0	          0	          0	          0	          0	          0	          0	          0	      0	         0	          0	          0	      0	          0	   0	          0	          0	   0	      0	         0	          0	         0	       100	        0	        0	        0	        0	        0	         0	        0	        0	         0	         0	         0	         0	         0	         0	         0	         0	          0	          0	          0	          0	         0	      0	          0	          0	          0	         0	   0	   0	   0	   0	      0	   0	   0	      0	#_204       
 2007	8.8	 8	1	0	1	38	38	      3	          0	   0	      0	          0	       0	   66.6667	         0	        0	  33.3333	        0	        0	        0	        0	         0	         0	         0	         0	         0	         0	         0	         0	         0	         0	         0	          0	          0	          0	          0	          0	          0	          0	          0	          0	      0	         0	          0	          0	      0	          0	   0	          0	          0	   0	      0	         0	          0	   66.6667	         0	        0	  33.3333	        0	        0	        0	         0	        0	        0	         0	         0	         0	         0	         0	         0	         0	         0	          0	          0	          0	          0	         0	      0	          0	          0	          0	         0	   0	   0	   0	   0	      0	   0	   0	      0	#_205       
 2007	8.8	 8	1	0	1	40	40	      8	          0	   0	      0	          0	       0	         0	         0	       25	     37.5	     12.5	     12.5	        0	        0	         0	         0	         0	      12.5	         0	         0	         0	         0	         0	         0	         0	          0	          0	          0	          0	          0	          0	          0	          0	          0	      0	         0	          0	          0	      0	          0	   0	          0	          0	   0	      0	         0	          0	         0	         0	       25	     37.5	     12.5	     12.5	        0	         0	        0	        0	         0	      12.5	         0	         0	         0	         0	         0	         0	          0	          0	          0	          0	         0	      0	          0	          0	          0	         0	   0	   0	   0	   0	      0	   0	   0	      0	#_206       
 2007	8.8	 8	1	0	1	42	42	     11	          0	   0	      0	          0	       0	         0	         0	   9.0909	  18.1818	  36.3636	  36.3636	        0	        0	         0	         0	         0	         0	         0	         0	         0	         0	         0	         0	         0	          0	          0	          0	          0	          0	          0	          0	          0	          0	      0	         0	          0	          0	      0	          0	   0	          0	          0	   0	      0	         0	          0	         0	         0	   9.0909	  18.1818	  36.3636	  36.3636	        0	         0	        0	        0	         0	         0	         0	         0	         0	         0	         0	         0	          0	          0	          0	          0	         0	      0	          0	          0	          0	         0	   0	   0	   0	   0	      0	   0	   0	      0	#_207       
 2007	8.8	 8	1	0	1	44	44	      9	          0	   0	      0	          0	       0	         0	         0	        0	  33.3333	        0	  33.3333	  22.2222	  11.1111	         0	         0	         0	         0	         0	         0	         0	         0	         0	         0	         0	          0	          0	          0	          0	          0	          0	          0	          0	          0	      0	         0	          0	          0	      0	          0	   0	          0	          0	   0	      0	         0	          0	         0	         0	        0	  33.3333	        0	  33.3333	  22.2222	   11.1111	        0	        0	         0	         0	         0	         0	         0	         0	         0	         0	          0	          0	          0	          0	         0	      0	          0	          0	          0	         0	   0	   0	   0	   0	      0	   0	   0	      0	#_208       
 2007	8.8	 8	1	0	1	46	46	      2	          0	   0	      0	          0	       0	         0	         0	        0	        0	        0	        0	        0	       50	         0	        50	         0	         0	         0	         0	         0	         0	         0	         0	         0	          0	          0	          0	          0	          0	          0	          0	          0	          0	      0	         0	          0	          0	      0	          0	   0	          0	          0	   0	      0	         0	          0	         0	         0	        0	        0	        0	        0	        0	        50	        0	       50	         0	         0	         0	         0	         0	         0	         0	         0	          0	          0	          0	          0	         0	      0	          0	          0	          0	         0	   0	   0	   0	   0	      0	   0	   0	      0	#_209       
 2007	8.8	 8	1	0	1	48	48	      7	          0	   0	      0	          0	       0	         0	         0	        0	        0	        0	        0	  14.2857	  14.2857	   14.2857	   14.2857	   28.5714	         0	         0	         0	         0	         0	   14.2857	         0	         0	          0	          0	          0	          0	          0	          0	          0	          0	          0	      0	         0	          0	          0	      0	          0	   0	          0	          0	   0	      0	         0	          0	         0	         0	        0	        0	        0	        0	  14.2857	   14.2857	  14.2857	  14.2857	   28.5714	         0	         0	         0	         0	         0	   14.2857	         0	          0	          0	          0	          0	         0	      0	          0	          0	          0	         0	   0	   0	   0	   0	      0	   0	   0	      0	#_210       
 2007	8.8	 8	2	0	1	38	38	      7	          0	   0	      0	          0	       0	   14.2857	         0	  14.2857	  57.1429	  14.2857	        0	        0	        0	         0	         0	         0	         0	         0	         0	         0	         0	         0	         0	         0	          0	          0	          0	          0	          0	          0	          0	          0	          0	      0	         0	          0	          0	      0	          0	   0	          0	          0	   0	      0	         0	          0	   14.2857	         0	  14.2857	  57.1429	  14.2857	        0	        0	         0	        0	        0	         0	         0	         0	         0	         0	         0	         0	         0	          0	          0	          0	          0	         0	      0	          0	          0	          0	         0	   0	   0	   0	   0	      0	   0	   0	      0	#_211       
 2007	8.8	 8	2	0	1	40	40	     10	          0	   0	      0	          0	       0	         0	        10	       20	       30	       20	        0	       20	        0	         0	         0	         0	         0	         0	         0	         0	         0	         0	         0	         0	          0	          0	          0	          0	          0	          0	          0	          0	          0	      0	         0	          0	          0	      0	          0	   0	          0	          0	   0	      0	         0	          0	         0	        10	       20	       30	       20	        0	       20	         0	        0	        0	         0	         0	         0	         0	         0	         0	         0	         0	          0	          0	          0	          0	         0	      0	          0	          0	          0	         0	   0	   0	   0	   0	      0	   0	   0	      0	#_212       
 2007	8.8	 8	2	0	1	42	42	     11	          0	   0	      0	          0	       0	         0	         0	        0	  27.2727	  18.1818	  18.1818	  18.1818	   9.0909	         0	    9.0909	         0	         0	         0	         0	         0	         0	         0	         0	         0	          0	          0	          0	          0	          0	          0	          0	          0	          0	      0	         0	          0	          0	      0	          0	   0	          0	          0	   0	      0	         0	          0	         0	         0	        0	  27.2727	  18.1818	  18.1818	  18.1818	    9.0909	        0	   9.0909	         0	         0	         0	         0	         0	         0	         0	         0	          0	          0	          0	          0	         0	      0	          0	          0	          0	         0	   0	   0	   0	   0	      0	   0	   0	      0	#_213       
 2007	8.8	 8	2	0	1	44	44	      7	          0	   0	      0	          0	       0	         0	         0	        0	  14.2857	        0	        0	  28.5714	        0	   14.2857	   14.2857	         0	   14.2857	   14.2857	         0	         0	         0	         0	         0	         0	          0	          0	          0	          0	          0	          0	          0	          0	          0	      0	         0	          0	          0	      0	          0	   0	          0	          0	   0	      0	         0	          0	         0	         0	        0	  14.2857	        0	        0	  28.5714	         0	  14.2857	  14.2857	         0	   14.2857	   14.2857	         0	         0	         0	         0	         0	          0	          0	          0	          0	         0	      0	          0	          0	          0	         0	   0	   0	   0	   0	      0	   0	   0	      0	#_214       
 2007	8.8	 8	2	0	1	46	46	      6	          0	   0	      0	          0	       0	         0	         0	        0	        0	        0	  16.6667	  16.6667	        0	         0	         0	         0	   33.3333	         0	         0	   16.6667	         0	   16.6667	         0	         0	          0	          0	          0	          0	          0	          0	          0	          0	          0	      0	         0	          0	          0	      0	          0	   0	          0	          0	   0	      0	         0	          0	         0	         0	        0	        0	        0	  16.6667	  16.6667	         0	        0	        0	         0	   33.3333	         0	         0	   16.6667	         0	   16.6667	         0	          0	          0	          0	          0	         0	      0	          0	          0	          0	         0	   0	   0	   0	   0	      0	   0	   0	      0	#_215       
 2008	8.8	 8	1	0	1	38	38	      2	          0	   0	      0	          0	       0	         0	         0	        0	       50	       50	        0	        0	        0	         0	         0	         0	         0	         0	         0	         0	         0	         0	         0	         0	          0	          0	          0	          0	          0	          0	          0	          0	          0	      0	         0	          0	          0	      0	          0	   0	          0	          0	   0	      0	         0	          0	         0	         0	        0	       50	       50	        0	        0	         0	        0	        0	         0	         0	         0	         0	         0	         0	         0	         0	          0	          0	          0	          0	         0	      0	          0	          0	          0	         0	   0	   0	   0	   0	      0	   0	   0	      0	#_216       
 2008	8.8	 8	1	0	1	42	42	      2	          0	   0	      0	          0	       0	         0	         0	        0	        0	       50	        0	        0	        0	         0	         0	        50	         0	         0	         0	         0	         0	         0	         0	         0	          0	          0	          0	          0	          0	          0	          0	          0	          0	      0	         0	          0	          0	      0	          0	   0	          0	          0	   0	      0	         0	          0	         0	         0	        0	        0	       50	        0	        0	         0	        0	        0	        50	         0	         0	         0	         0	         0	         0	         0	          0	          0	          0	          0	         0	      0	          0	          0	          0	         0	   0	   0	   0	   0	      0	   0	   0	      0	#_217       
 2008	8.8	 8	1	0	1	46	46	      3	          0	   0	      0	          0	       0	         0	         0	        0	        0	        0	        0	        0	        0	   33.3333	         0	         0	         0	   33.3333	         0	         0	         0	         0	   33.3333	         0	          0	          0	          0	          0	          0	          0	          0	          0	          0	      0	         0	          0	          0	      0	          0	   0	          0	          0	   0	      0	         0	          0	         0	         0	        0	        0	        0	        0	        0	         0	  33.3333	        0	         0	         0	   33.3333	         0	         0	         0	         0	   33.3333	          0	          0	          0	          0	         0	      0	          0	          0	          0	         0	   0	   0	   0	   0	      0	   0	   0	      0	#_218       
 2008	8.8	 8	2	0	1	26	26	      2	          0	   0	      0	          0	      50	        50	         0	        0	        0	        0	        0	        0	        0	         0	         0	         0	         0	         0	         0	         0	         0	         0	         0	         0	          0	          0	          0	          0	          0	          0	          0	          0	          0	      0	         0	          0	          0	      0	          0	   0	          0	          0	   0	      0	         0	         50	        50	         0	        0	        0	        0	        0	        0	         0	        0	        0	         0	         0	         0	         0	         0	         0	         0	         0	          0	          0	          0	          0	         0	      0	          0	          0	          0	         0	   0	   0	   0	   0	      0	   0	   0	      0	#_219       
 2008	8.8	 8	2	0	1	28	28	      1	          0	   0	      0	          0	       0	       100	         0	        0	        0	        0	        0	        0	        0	         0	         0	         0	         0	         0	         0	         0	         0	         0	         0	         0	          0	          0	          0	          0	          0	          0	          0	          0	          0	      0	         0	          0	          0	      0	          0	   0	          0	          0	   0	      0	         0	          0	       100	         0	        0	        0	        0	        0	        0	         0	        0	        0	         0	         0	         0	         0	         0	         0	         0	         0	          0	          0	          0	          0	         0	      0	          0	          0	          0	         0	   0	   0	   0	   0	      0	   0	   0	      0	#_220       
 2008	8.8	 8	2	0	1	32	32	      1	          0	   0	      0	          0	       0	         0	       100	        0	        0	        0	        0	        0	        0	         0	         0	         0	         0	         0	         0	         0	         0	         0	         0	         0	          0	          0	          0	          0	          0	          0	          0	          0	          0	      0	         0	          0	          0	      0	          0	   0	          0	          0	   0	      0	         0	          0	         0	       100	        0	        0	        0	        0	        0	         0	        0	        0	         0	         0	         0	         0	         0	         0	         0	         0	          0	          0	          0	          0	         0	      0	          0	          0	          0	         0	   0	   0	   0	   0	      0	   0	   0	      0	#_221       
 2008	8.8	 8	2	0	1	40	40	      3	          0	   0	      0	          0	       0	         0	         0	        0	        0	  33.3333	  33.3333	  33.3333	        0	         0	         0	         0	         0	         0	         0	         0	         0	         0	         0	         0	          0	          0	          0	          0	          0	          0	          0	          0	          0	      0	         0	          0	          0	      0	          0	   0	          0	          0	   0	      0	         0	          0	         0	         0	        0	        0	  33.3333	  33.3333	  33.3333	         0	        0	        0	         0	         0	         0	         0	         0	         0	         0	         0	          0	          0	          0	          0	         0	      0	          0	          0	          0	         0	   0	   0	   0	   0	      0	   0	   0	      0	#_222       
 2008	8.8	 8	2	0	1	42	42	      1	          0	   0	      0	          0	       0	         0	         0	        0	        0	        0	        0	      100	        0	         0	         0	         0	         0	         0	         0	         0	         0	         0	         0	         0	          0	          0	          0	          0	          0	          0	          0	          0	          0	      0	         0	          0	          0	      0	          0	   0	          0	          0	   0	      0	         0	          0	         0	         0	        0	        0	        0	        0	      100	         0	        0	        0	         0	         0	         0	         0	         0	         0	         0	         0	          0	          0	          0	          0	         0	      0	          0	          0	          0	         0	   0	   0	   0	   0	      0	   0	   0	      0	#_223       
 2008	8.8	 8	2	0	1	44	44	      3	          0	   0	      0	          0	       0	         0	         0	        0	        0	        0	  33.3333	        0	        0	   33.3333	   33.3333	         0	         0	         0	         0	         0	         0	         0	         0	         0	          0	          0	          0	          0	          0	          0	          0	          0	          0	      0	         0	          0	          0	      0	          0	   0	          0	          0	   0	      0	         0	          0	         0	         0	        0	        0	        0	  33.3333	        0	         0	  33.3333	  33.3333	         0	         0	         0	         0	         0	         0	         0	         0	          0	          0	          0	          0	         0	      0	          0	          0	          0	         0	   0	   0	   0	   0	      0	   0	   0	      0	#_224       
 2008	8.8	 8	2	0	1	46	46	      2	          0	   0	      0	          0	       0	         0	         0	        0	        0	        0	        0	       50	        0	         0	         0	         0	        50	         0	         0	         0	         0	         0	         0	         0	          0	          0	          0	          0	          0	          0	          0	          0	          0	      0	         0	          0	          0	      0	          0	   0	          0	          0	   0	      0	         0	          0	         0	         0	        0	        0	        0	        0	       50	         0	        0	        0	         0	        50	         0	         0	         0	         0	         0	         0	          0	          0	          0	          0	         0	      0	          0	          0	          0	         0	   0	   0	   0	   0	      0	   0	   0	      0	#_225       
 2009	8.8	 8	1	0	1	24	24	      1	          0	   0	      0	          0	       0	       100	         0	        0	        0	        0	        0	        0	        0	         0	         0	         0	         0	         0	         0	         0	         0	         0	         0	         0	          0	          0	          0	          0	          0	          0	          0	          0	          0	      0	         0	          0	          0	      0	          0	   0	          0	          0	   0	      0	         0	          0	       100	         0	        0	        0	        0	        0	        0	         0	        0	        0	         0	         0	         0	         0	         0	         0	         0	         0	          0	          0	          0	          0	         0	      0	          0	          0	          0	         0	   0	   0	   0	   0	      0	   0	   0	      0	#_226       
 2009	8.8	 8	1	0	1	26	26	      2	          0	   0	      0	          0	       0	         0	        50	       50	        0	        0	        0	        0	        0	         0	         0	         0	         0	         0	         0	         0	         0	         0	         0	         0	          0	          0	          0	          0	          0	          0	          0	          0	          0	      0	         0	          0	          0	      0	          0	   0	          0	          0	   0	      0	         0	          0	         0	        50	       50	        0	        0	        0	        0	         0	        0	        0	         0	         0	         0	         0	         0	         0	         0	         0	          0	          0	          0	          0	         0	      0	          0	          0	          0	         0	   0	   0	   0	   0	      0	   0	   0	      0	#_227       
 2009	8.8	 8	1	0	1	28	28	      4	          0	   0	      0	          0	       0	        75	         0	        0	       25	        0	        0	        0	        0	         0	         0	         0	         0	         0	         0	         0	         0	         0	         0	         0	          0	          0	          0	          0	          0	          0	          0	          0	          0	      0	         0	          0	          0	      0	          0	   0	          0	          0	   0	      0	         0	          0	        75	         0	        0	       25	        0	        0	        0	         0	        0	        0	         0	         0	         0	         0	         0	         0	         0	         0	          0	          0	          0	          0	         0	      0	          0	          0	          0	         0	   0	   0	   0	   0	      0	   0	   0	      0	#_228       
 2009	8.8	 8	1	0	1	30	30	      5	          0	   0	      0	          0	       0	        60	         0	       20	        0	        0	       20	        0	        0	         0	         0	         0	         0	         0	         0	         0	         0	         0	         0	         0	          0	          0	          0	          0	          0	          0	          0	          0	          0	      0	         0	          0	          0	      0	          0	   0	          0	          0	   0	      0	         0	          0	        60	         0	       20	        0	        0	       20	        0	         0	        0	        0	         0	         0	         0	         0	         0	         0	         0	         0	          0	          0	          0	          0	         0	      0	          0	          0	          0	         0	   0	   0	   0	   0	      0	   0	   0	      0	#_229       
 2009	8.8	 8	1	0	1	32	32	      2	          0	   0	      0	          0	       0	         0	        50	       50	        0	        0	        0	        0	        0	         0	         0	         0	         0	         0	         0	         0	         0	         0	         0	         0	          0	          0	          0	          0	          0	          0	          0	          0	          0	      0	         0	          0	          0	      0	          0	   0	          0	          0	   0	      0	         0	          0	         0	        50	       50	        0	        0	        0	        0	         0	        0	        0	         0	         0	         0	         0	         0	         0	         0	         0	          0	          0	          0	          0	         0	      0	          0	          0	          0	         0	   0	   0	   0	   0	      0	   0	   0	      0	#_230       
 2009	8.8	 8	1	0	1	34	34	      6	          0	   0	      0	          0	       0	   33.3333	         0	  16.6667	  33.3333	        0	  16.6667	        0	        0	         0	         0	         0	         0	         0	         0	         0	         0	         0	         0	         0	          0	          0	          0	          0	          0	          0	          0	          0	          0	      0	         0	          0	          0	      0	          0	   0	          0	          0	   0	      0	         0	          0	   33.3333	         0	  16.6667	  33.3333	        0	  16.6667	        0	         0	        0	        0	         0	         0	         0	         0	         0	         0	         0	         0	          0	          0	          0	          0	         0	      0	          0	          0	          0	         0	   0	   0	   0	   0	      0	   0	   0	      0	#_231       
 2009	8.8	 8	1	0	1	36	36	      2	          0	   0	      0	          0	       0	        50	         0	        0	       50	        0	        0	        0	        0	         0	         0	         0	         0	         0	         0	         0	         0	         0	         0	         0	          0	          0	          0	          0	          0	          0	          0	          0	          0	      0	         0	          0	          0	      0	          0	   0	          0	          0	   0	      0	         0	          0	        50	         0	        0	       50	        0	        0	        0	         0	        0	        0	         0	         0	         0	         0	         0	         0	         0	         0	          0	          0	          0	          0	         0	      0	          0	          0	          0	         0	   0	   0	   0	   0	      0	   0	   0	      0	#_232       
 2009	8.8	 8	1	0	1	38	38	      6	          0	   0	      0	          0	       0	         0	         0	  16.6667	        0	       50	  33.3333	        0	        0	         0	         0	         0	         0	         0	         0	         0	         0	         0	         0	         0	          0	          0	          0	          0	          0	          0	          0	          0	          0	      0	         0	          0	          0	      0	          0	   0	          0	          0	   0	      0	         0	          0	         0	         0	  16.6667	        0	       50	  33.3333	        0	         0	        0	        0	         0	         0	         0	         0	         0	         0	         0	         0	          0	          0	          0	          0	         0	      0	          0	          0	          0	         0	   0	   0	   0	   0	      0	   0	   0	      0	#_233       
 2009	8.8	 8	1	0	1	40	40	      4	          0	   0	      0	          0	       0	         0	         0	        0	       25	       25	        0	       25	       25	         0	         0	         0	         0	         0	         0	         0	         0	         0	         0	         0	          0	          0	          0	          0	          0	          0	          0	          0	          0	      0	         0	          0	          0	      0	          0	   0	          0	          0	   0	      0	         0	          0	         0	         0	        0	       25	       25	        0	       25	        25	        0	        0	         0	         0	         0	         0	         0	         0	         0	         0	          0	          0	          0	          0	         0	      0	          0	          0	          0	         0	   0	   0	   0	   0	      0	   0	   0	      0	#_234       
 2009	8.8	 8	1	0	1	42	42	      8	          0	   0	      0	          0	       0	         0	         0	        0	        0	     37.5	     12.5	     12.5	       25	         0	         0	         0	      12.5	         0	         0	         0	         0	         0	         0	         0	          0	          0	          0	          0	          0	          0	          0	          0	          0	      0	         0	          0	          0	      0	          0	   0	          0	          0	   0	      0	         0	          0	         0	         0	        0	        0	     37.5	     12.5	     12.5	        25	        0	        0	         0	      12.5	         0	         0	         0	         0	         0	         0	          0	          0	          0	          0	         0	      0	          0	          0	          0	         0	   0	   0	   0	   0	      0	   0	   0	      0	#_235       
 2009	8.8	 8	1	0	1	44	44	     11	          0	   0	      0	          0	       0	         0	         0	        0	        0	        0	   9.0909	  27.2727	  27.2727	    9.0909	    9.0909	         0	         0	         0	         0	         0	         0	    9.0909	         0	         0	     9.0909	          0	          0	          0	          0	          0	          0	          0	          0	      0	         0	          0	          0	      0	          0	   0	          0	          0	   0	      0	         0	          0	         0	         0	        0	        0	        0	   9.0909	  27.2727	   27.2727	   9.0909	   9.0909	         0	         0	         0	         0	         0	         0	    9.0909	         0	          0	     9.0909	          0	          0	         0	      0	          0	          0	          0	         0	   0	   0	   0	   0	      0	   0	   0	      0	#_236       
 2009	8.8	 8	1	0	1	46	46	     10	          0	   0	      0	          0	       0	         0	         0	        0	        0	        0	        0	        0	        0	         0	        20	        20	        10	        10	         0	        10	        20	         0	        10	         0	          0	          0	          0	          0	          0	          0	          0	          0	          0	      0	         0	          0	          0	      0	          0	   0	          0	          0	   0	      0	         0	          0	         0	         0	        0	        0	        0	        0	        0	         0	        0	       20	        20	        10	        10	         0	        10	        20	         0	        10	          0	          0	          0	          0	         0	      0	          0	          0	          0	         0	   0	   0	   0	   0	      0	   0	   0	      0	#_237       
 2009	8.8	 8	1	0	1	48	48	      9	          0	   0	      0	          0	       0	         0	         0	        0	        0	        0	        0	        0	        0	   11.1111	   11.1111	         0	   11.1111	   11.1111	   33.3333	   11.1111	         0	         0	         0	         0	          0	          0	          0	    11.1111	          0	          0	          0	          0	          0	      0	         0	          0	          0	      0	          0	   0	          0	          0	   0	      0	         0	          0	         0	         0	        0	        0	        0	        0	        0	         0	  11.1111	  11.1111	         0	   11.1111	   11.1111	   33.3333	   11.1111	         0	         0	         0	          0	          0	          0	          0	   11.1111	      0	          0	          0	          0	         0	   0	   0	   0	   0	      0	   0	   0	      0	#_238       
 2009	8.8	 8	1	0	1	50	50	      5	          0	   0	      0	          0	       0	         0	         0	        0	        0	        0	        0	        0	        0	         0	         0	         0	         0	        40	         0	        20	         0	         0	         0	        20	          0	         20	          0	          0	          0	          0	          0	          0	          0	      0	         0	          0	          0	      0	          0	   0	          0	          0	   0	      0	         0	          0	         0	         0	        0	        0	        0	        0	        0	         0	        0	        0	         0	         0	        40	         0	        20	         0	         0	         0	         20	          0	         20	          0	         0	      0	          0	          0	          0	         0	   0	   0	   0	   0	      0	   0	   0	      0	#_239       
 2009	8.8	 8	2	0	1	26	26	      3	          0	   0	      0	          0	       0	   33.3333	         0	  66.6667	        0	        0	        0	        0	        0	         0	         0	         0	         0	         0	         0	         0	         0	         0	         0	         0	          0	          0	          0	          0	          0	          0	          0	          0	          0	      0	         0	          0	          0	      0	          0	   0	          0	          0	   0	      0	         0	          0	   33.3333	         0	  66.6667	        0	        0	        0	        0	         0	        0	        0	         0	         0	         0	         0	         0	         0	         0	         0	          0	          0	          0	          0	         0	      0	          0	          0	          0	         0	   0	   0	   0	   0	      0	   0	   0	      0	#_240       
 2009	8.8	 8	2	0	1	28	28	      4	          0	   0	      0	          0	       0	        50	        25	        0	       25	        0	        0	        0	        0	         0	         0	         0	         0	         0	         0	         0	         0	         0	         0	         0	          0	          0	          0	          0	          0	          0	          0	          0	          0	      0	         0	          0	          0	      0	          0	   0	          0	          0	   0	      0	         0	          0	        50	        25	        0	       25	        0	        0	        0	         0	        0	        0	         0	         0	         0	         0	         0	         0	         0	         0	          0	          0	          0	          0	         0	      0	          0	          0	          0	         0	   0	   0	   0	   0	      0	   0	   0	      0	#_241       
 2009	8.8	 8	2	0	1	30	30	      4	          0	   0	      0	          0	       0	        50	         0	       25	       25	        0	        0	        0	        0	         0	         0	         0	         0	         0	         0	         0	         0	         0	         0	         0	          0	          0	          0	          0	          0	          0	          0	          0	          0	      0	         0	          0	          0	      0	          0	   0	          0	          0	   0	      0	         0	          0	        50	         0	       25	       25	        0	        0	        0	         0	        0	        0	         0	         0	         0	         0	         0	         0	         0	         0	          0	          0	          0	          0	         0	      0	          0	          0	          0	         0	   0	   0	   0	   0	      0	   0	   0	      0	#_242       
 2009	8.8	 8	2	0	1	32	32	      3	          0	   0	      0	          0	       0	         0	   66.6667	  33.3333	        0	        0	        0	        0	        0	         0	         0	         0	         0	         0	         0	         0	         0	         0	         0	         0	          0	          0	          0	          0	          0	          0	          0	          0	          0	      0	         0	          0	          0	      0	          0	   0	          0	          0	   0	      0	         0	          0	         0	   66.6667	  33.3333	        0	        0	        0	        0	         0	        0	        0	         0	         0	         0	         0	         0	         0	         0	         0	          0	          0	          0	          0	         0	      0	          0	          0	          0	         0	   0	   0	   0	   0	      0	   0	   0	      0	#_243       
 2009	8.8	 8	2	0	1	38	38	      5	          0	   0	      0	          0	       0	         0	         0	        0	        0	        0	       80	       20	        0	         0	         0	         0	         0	         0	         0	         0	         0	         0	         0	         0	          0	          0	          0	          0	          0	          0	          0	          0	          0	      0	         0	          0	          0	      0	          0	   0	          0	          0	   0	      0	         0	          0	         0	         0	        0	        0	        0	       80	       20	         0	        0	        0	         0	         0	         0	         0	         0	         0	         0	         0	          0	          0	          0	          0	         0	      0	          0	          0	          0	         0	   0	   0	   0	   0	      0	   0	   0	      0	#_244       
 2009	8.8	 8	2	0	1	40	40	      8	          0	   0	      0	          0	       0	         0	         0	        0	        0	       50	     37.5	        0	        0	         0	      12.5	         0	         0	         0	         0	         0	         0	         0	         0	         0	          0	          0	          0	          0	          0	          0	          0	          0	          0	      0	         0	          0	          0	      0	          0	   0	          0	          0	   0	      0	         0	          0	         0	         0	        0	        0	       50	     37.5	        0	         0	        0	     12.5	         0	         0	         0	         0	         0	         0	         0	         0	          0	          0	          0	          0	         0	      0	          0	          0	          0	         0	   0	   0	   0	   0	      0	   0	   0	      0	#_245       
 2009	8.8	 8	2	0	1	42	42	     12	          0	   0	      0	          0	       0	         0	         0	        0	        0	        0	  16.6667	  33.3333	        0	    8.3333	   16.6667	   16.6667	    8.3333	         0	         0	         0	         0	         0	         0	         0	          0	          0	          0	          0	          0	          0	          0	          0	          0	      0	         0	          0	          0	      0	          0	   0	          0	          0	   0	      0	         0	          0	         0	         0	        0	        0	        0	  16.6667	  33.3333	         0	   8.3333	  16.6667	   16.6667	    8.3333	         0	         0	         0	         0	         0	         0	          0	          0	          0	          0	         0	      0	          0	          0	          0	         0	   0	   0	   0	   0	      0	   0	   0	      0	#_246       
 2009	8.8	 8	2	0	1	44	44	      6	          0	   0	      0	          0	       0	         0	         0	        0	        0	        0	        0	        0	  33.3333	   16.6667	         0	   16.6667	   16.6667	         0	   16.6667	         0	         0	         0	         0	         0	          0	          0	          0	          0	          0	          0	          0	          0	          0	      0	         0	          0	          0	      0	          0	   0	          0	          0	   0	      0	         0	          0	         0	         0	        0	        0	        0	        0	        0	   33.3333	  16.6667	        0	   16.6667	   16.6667	         0	   16.6667	         0	         0	         0	         0	          0	          0	          0	          0	         0	      0	          0	          0	          0	         0	   0	   0	   0	   0	      0	   0	   0	      0	#_247       
 2009	8.8	 8	2	0	1	46	46	      3	          0	   0	      0	          0	       0	         0	         0	        0	        0	        0	        0	        0	        0	         0	         0	         0	   33.3333	         0	         0	         0	         0	         0	         0	         0	    33.3333	          0	    33.3333	          0	          0	          0	          0	          0	          0	      0	         0	          0	          0	      0	          0	   0	          0	          0	   0	      0	         0	          0	         0	         0	        0	        0	        0	        0	        0	         0	        0	        0	         0	   33.3333	         0	         0	         0	         0	         0	         0	          0	    33.3333	          0	    33.3333	         0	      0	          0	          0	          0	         0	   0	   0	   0	   0	      0	   0	   0	      0	#_248       
 2009	8.8	 8	2	0	1	52	52	      1	          0	   0	      0	          0	       0	         0	         0	        0	        0	        0	        0	        0	        0	         0	         0	         0	         0	         0	         0	         0	         0	         0	         0	         0	          0	          0	          0	        100	          0	          0	          0	          0	          0	      0	         0	          0	          0	      0	          0	   0	          0	          0	   0	      0	         0	          0	         0	         0	        0	        0	        0	        0	        0	         0	        0	        0	         0	         0	         0	         0	         0	         0	         0	         0	          0	          0	          0	          0	       100	      0	          0	          0	          0	         0	   0	   0	   0	   0	      0	   0	   0	      0	#_249       
 2010	8.8	 8	1	0	1	20	20	      1	          0	   0	    100	          0	       0	         0	         0	        0	        0	        0	        0	        0	        0	         0	         0	         0	         0	         0	         0	         0	         0	         0	         0	         0	          0	          0	          0	          0	          0	          0	          0	          0	          0	      0	         0	          0	          0	      0	          0	   0	          0	          0	   0	    100	         0	          0	         0	         0	        0	        0	        0	        0	        0	         0	        0	        0	         0	         0	         0	         0	         0	         0	         0	         0	          0	          0	          0	          0	         0	      0	          0	          0	          0	         0	   0	   0	   0	   0	      0	   0	   0	      0	#_250       
 2010	8.8	 8	1	0	1	22	22	      4	          0	   0	     75	          0	      25	         0	         0	        0	        0	        0	        0	        0	        0	         0	         0	         0	         0	         0	         0	         0	         0	         0	         0	         0	          0	          0	          0	          0	          0	          0	          0	          0	          0	      0	         0	          0	          0	      0	          0	   0	          0	          0	   0	     75	         0	         25	         0	         0	        0	        0	        0	        0	        0	         0	        0	        0	         0	         0	         0	         0	         0	         0	         0	         0	          0	          0	          0	          0	         0	      0	          0	          0	          0	         0	   0	   0	   0	   0	      0	   0	   0	      0	#_251       
 2010	8.8	 8	1	0	1	24	24	      1	          0	   0	      0	        100	       0	         0	         0	        0	        0	        0	        0	        0	        0	         0	         0	         0	         0	         0	         0	         0	         0	         0	         0	         0	          0	          0	          0	          0	          0	          0	          0	          0	          0	      0	         0	          0	          0	      0	          0	   0	          0	          0	   0	      0	       100	          0	         0	         0	        0	        0	        0	        0	        0	         0	        0	        0	         0	         0	         0	         0	         0	         0	         0	         0	          0	          0	          0	          0	         0	      0	          0	          0	          0	         0	   0	   0	   0	   0	      0	   0	   0	      0	#_252       
 2010	8.8	 8	1	0	1	36	36	      2	          0	   0	      0	          0	       0	         0	        50	       50	        0	        0	        0	        0	        0	         0	         0	         0	         0	         0	         0	         0	         0	         0	         0	         0	          0	          0	          0	          0	          0	          0	          0	          0	          0	      0	         0	          0	          0	      0	          0	   0	          0	          0	   0	      0	         0	          0	         0	        50	       50	        0	        0	        0	        0	         0	        0	        0	         0	         0	         0	         0	         0	         0	         0	         0	          0	          0	          0	          0	         0	      0	          0	          0	          0	         0	   0	   0	   0	   0	      0	   0	   0	      0	#_253       
 2010	8.8	 8	1	0	1	38	38	      3	          0	   0	      0	          0	       0	         0	         0	        0	        0	        0	      100	        0	        0	         0	         0	         0	         0	         0	         0	         0	         0	         0	         0	         0	          0	          0	          0	          0	          0	          0	          0	          0	          0	      0	         0	          0	          0	      0	          0	   0	          0	          0	   0	      0	         0	          0	         0	         0	        0	        0	        0	      100	        0	         0	        0	        0	         0	         0	         0	         0	         0	         0	         0	         0	          0	          0	          0	          0	         0	      0	          0	          0	          0	         0	   0	   0	   0	   0	      0	   0	   0	      0	#_254       
 2010	8.8	 8	1	0	1	40	40	     10	          0	   0	      0	          0	       0	         0	         0	        0	        0	       30	       10	       60	        0	         0	         0	         0	         0	         0	         0	         0	         0	         0	         0	         0	          0	          0	          0	          0	          0	          0	          0	          0	          0	      0	         0	          0	          0	      0	          0	   0	          0	          0	   0	      0	         0	          0	         0	         0	        0	        0	       30	       10	       60	         0	        0	        0	         0	         0	         0	         0	         0	         0	         0	         0	          0	          0	          0	          0	         0	      0	          0	          0	          0	         0	   0	   0	   0	   0	      0	   0	   0	      0	#_255       
 2010	8.8	 8	1	0	1	42	42	     13	          0	   0	      0	          0	       0	         0	         0	        0	        0	        0	  15.3846	  53.8462	   7.6923	   23.0769	         0	         0	         0	         0	         0	         0	         0	         0	         0	         0	          0	          0	          0	          0	          0	          0	          0	          0	          0	      0	         0	          0	          0	      0	          0	   0	          0	          0	   0	      0	         0	          0	         0	         0	        0	        0	        0	  15.3846	  53.8462	    7.6923	  23.0769	        0	         0	         0	         0	         0	         0	         0	         0	         0	          0	          0	          0	          0	         0	      0	          0	          0	          0	         0	   0	   0	   0	   0	      0	   0	   0	      0	#_256       
 2010	8.8	 8	1	0	1	44	44	     17	          0	   0	      0	          0	       0	         0	         0	        0	        0	        0	  17.6471	  17.6471	  17.6471	   29.4118	    5.8824	    5.8824	         0	         0	    5.8824	         0	         0	         0	         0	         0	          0	          0	          0	          0	          0	          0	          0	          0	          0	      0	         0	          0	          0	      0	          0	   0	          0	          0	   0	      0	         0	          0	         0	         0	        0	        0	        0	  17.6471	  17.6471	   17.6471	  29.4118	   5.8824	    5.8824	         0	         0	    5.8824	         0	         0	         0	         0	          0	          0	          0	          0	         0	      0	          0	          0	          0	         0	   0	   0	   0	   0	      0	   0	   0	      0	#_257       
 2010	8.8	 8	1	0	1	46	46	     10	          0	   0	      0	          0	       0	         0	         0	        0	        0	        0	       10	       20	       20	        30	        10	         0	         0	         0	         0	        10	         0	         0	         0	         0	          0	          0	          0	          0	          0	          0	          0	          0	          0	      0	         0	          0	          0	      0	          0	   0	          0	          0	   0	      0	         0	          0	         0	         0	        0	        0	        0	       10	       20	        20	       30	       10	         0	         0	         0	         0	        10	         0	         0	         0	          0	          0	          0	          0	         0	      0	          0	          0	          0	         0	   0	   0	   0	   0	      0	   0	   0	      0	#_258       
 2010	8.8	 8	1	0	1	48	48	      4	          0	   0	      0	          0	       0	         0	         0	        0	        0	        0	        0	        0	        0	         0	         0	        25	        25	         0	        25	         0	        25	         0	         0	         0	          0	          0	          0	          0	          0	          0	          0	          0	          0	      0	         0	          0	          0	      0	          0	   0	          0	          0	   0	      0	         0	          0	         0	         0	        0	        0	        0	        0	        0	         0	        0	        0	        25	        25	         0	        25	         0	        25	         0	         0	          0	          0	          0	          0	         0	      0	          0	          0	          0	         0	   0	   0	   0	   0	      0	   0	   0	      0	#_259       
 2010	8.8	 8	1	0	1	50	50	      5	          0	   0	      0	          0	       0	         0	         0	        0	        0	        0	        0	        0	        0	         0	         0	         0	        40	        20	         0	        20	        20	         0	         0	         0	          0	          0	          0	          0	          0	          0	          0	          0	          0	      0	         0	          0	          0	      0	          0	   0	          0	          0	   0	      0	         0	          0	         0	         0	        0	        0	        0	        0	        0	         0	        0	        0	         0	        40	        20	         0	        20	        20	         0	         0	          0	          0	          0	          0	         0	      0	          0	          0	          0	         0	   0	   0	   0	   0	      0	   0	   0	      0	#_260       
 2010	8.8	 8	2	0	1	18	18	      1	          0	   0	    100	          0	       0	         0	         0	        0	        0	        0	        0	        0	        0	         0	         0	         0	         0	         0	         0	         0	         0	         0	         0	         0	          0	          0	          0	          0	          0	          0	          0	          0	          0	      0	         0	          0	          0	      0	          0	   0	          0	          0	   0	    100	         0	          0	         0	         0	        0	        0	        0	        0	        0	         0	        0	        0	         0	         0	         0	         0	         0	         0	         0	         0	          0	          0	          0	          0	         0	      0	          0	          0	          0	         0	   0	   0	   0	   0	      0	   0	   0	      0	#_261       
 2010	8.8	 8	2	0	1	22	22	      5	          0	   0	     80	         20	       0	         0	         0	        0	        0	        0	        0	        0	        0	         0	         0	         0	         0	         0	         0	         0	         0	         0	         0	         0	          0	          0	          0	          0	          0	          0	          0	          0	          0	      0	         0	          0	          0	      0	          0	   0	          0	          0	   0	     80	        20	          0	         0	         0	        0	        0	        0	        0	        0	         0	        0	        0	         0	         0	         0	         0	         0	         0	         0	         0	          0	          0	          0	          0	         0	      0	          0	          0	          0	         0	   0	   0	   0	   0	      0	   0	   0	      0	#_262       
 2010	8.8	 8	2	0	1	24	24	      1	          0	   0	      0	          0	     100	         0	         0	        0	        0	        0	        0	        0	        0	         0	         0	         0	         0	         0	         0	         0	         0	         0	         0	         0	          0	          0	          0	          0	          0	          0	          0	          0	          0	      0	         0	          0	          0	      0	          0	   0	          0	          0	   0	      0	         0	        100	         0	         0	        0	        0	        0	        0	        0	         0	        0	        0	         0	         0	         0	         0	         0	         0	         0	         0	          0	          0	          0	          0	         0	      0	          0	          0	          0	         0	   0	   0	   0	   0	      0	   0	   0	      0	#_263       
 2010	8.8	 8	2	0	1	32	32	      1	          0	   0	      0	          0	       0	         0	         0	      100	        0	        0	        0	        0	        0	         0	         0	         0	         0	         0	         0	         0	         0	         0	         0	         0	          0	          0	          0	          0	          0	          0	          0	          0	          0	      0	         0	          0	          0	      0	          0	   0	          0	          0	   0	      0	         0	          0	         0	         0	      100	        0	        0	        0	        0	         0	        0	        0	         0	         0	         0	         0	         0	         0	         0	         0	          0	          0	          0	          0	         0	      0	          0	          0	          0	         0	   0	   0	   0	   0	      0	   0	   0	      0	#_264       
 2010	8.8	 8	2	0	1	34	34	      1	          0	   0	      0	          0	       0	         0	       100	        0	        0	        0	        0	        0	        0	         0	         0	         0	         0	         0	         0	         0	         0	         0	         0	         0	          0	          0	          0	          0	          0	          0	          0	          0	          0	      0	         0	          0	          0	      0	          0	   0	          0	          0	   0	      0	         0	          0	         0	       100	        0	        0	        0	        0	        0	         0	        0	        0	         0	         0	         0	         0	         0	         0	         0	         0	          0	          0	          0	          0	         0	      0	          0	          0	          0	         0	   0	   0	   0	   0	      0	   0	   0	      0	#_265       
 2010	8.8	 8	2	0	1	36	36	      1	          0	   0	      0	          0	       0	         0	         0	      100	        0	        0	        0	        0	        0	         0	         0	         0	         0	         0	         0	         0	         0	         0	         0	         0	          0	          0	          0	          0	          0	          0	          0	          0	          0	      0	         0	          0	          0	      0	          0	   0	          0	          0	   0	      0	         0	          0	         0	         0	      100	        0	        0	        0	        0	         0	        0	        0	         0	         0	         0	         0	         0	         0	         0	         0	          0	          0	          0	          0	         0	      0	          0	          0	          0	         0	   0	   0	   0	   0	      0	   0	   0	      0	#_266       
 2010	8.8	 8	2	0	1	38	38	      2	          0	   0	      0	          0	       0	         0	         0	        0	        0	       50	        0	       50	        0	         0	         0	         0	         0	         0	         0	         0	         0	         0	         0	         0	          0	          0	          0	          0	          0	          0	          0	          0	          0	      0	         0	          0	          0	      0	          0	   0	          0	          0	   0	      0	         0	          0	         0	         0	        0	        0	       50	        0	       50	         0	        0	        0	         0	         0	         0	         0	         0	         0	         0	         0	          0	          0	          0	          0	         0	      0	          0	          0	          0	         0	   0	   0	   0	   0	      0	   0	   0	      0	#_267       
 2010	8.8	 8	2	0	1	40	40	     11	          0	   0	      0	          0	       0	         0	         0	        0	        0	   9.0909	  27.2727	  45.4545	   9.0909	         0	    9.0909	         0	         0	         0	         0	         0	         0	         0	         0	         0	          0	          0	          0	          0	          0	          0	          0	          0	          0	      0	         0	          0	          0	      0	          0	   0	          0	          0	   0	      0	         0	          0	         0	         0	        0	        0	   9.0909	  27.2727	  45.4545	    9.0909	        0	   9.0909	         0	         0	         0	         0	         0	         0	         0	         0	          0	          0	          0	          0	         0	      0	          0	          0	          0	         0	   0	   0	   0	   0	      0	   0	   0	      0	#_268       
 2010	8.8	 8	2	0	1	42	42	     11	          0	   0	      0	          0	       0	         0	         0	        0	        0	  18.1818	  18.1818	   9.0909	   9.0909	   18.1818	         0	    9.0909	         0	    9.0909	         0	    9.0909	         0	         0	         0	         0	          0	          0	          0	          0	          0	          0	          0	          0	          0	      0	         0	          0	          0	      0	          0	   0	          0	          0	   0	      0	         0	          0	         0	         0	        0	        0	  18.1818	  18.1818	   9.0909	    9.0909	  18.1818	        0	    9.0909	         0	    9.0909	         0	    9.0909	         0	         0	         0	          0	          0	          0	          0	         0	      0	          0	          0	          0	         0	   0	   0	   0	   0	      0	   0	   0	      0	#_269       
 2010	8.8	 8	2	0	1	44	44	      8	          0	   0	      0	          0	       0	         0	         0	        0	        0	        0	        0	        0	     12.5	      37.5	      12.5	      12.5	      12.5	         0	         0	         0	         0	         0	         0	      12.5	          0	          0	          0	          0	          0	          0	          0	          0	          0	      0	         0	          0	          0	      0	          0	   0	          0	          0	   0	      0	         0	          0	         0	         0	        0	        0	        0	        0	        0	      12.5	     37.5	     12.5	      12.5	      12.5	         0	         0	         0	         0	         0	         0	       12.5	          0	          0	          0	         0	      0	          0	          0	          0	         0	   0	   0	   0	   0	      0	   0	   0	      0	#_270       
 2010	8.8	 8	2	0	1	46	46	      2	          0	   0	      0	          0	       0	         0	         0	        0	        0	        0	        0	        0	        0	         0	        50	        50	         0	         0	         0	         0	         0	         0	         0	         0	          0	          0	          0	          0	          0	          0	          0	          0	          0	      0	         0	          0	          0	      0	          0	   0	          0	          0	   0	      0	         0	          0	         0	         0	        0	        0	        0	        0	        0	         0	        0	       50	        50	         0	         0	         0	         0	         0	         0	         0	          0	          0	          0	          0	         0	      0	          0	          0	          0	         0	   0	   0	   0	   0	      0	   0	   0	      0	#_271       
 2010	8.8	 8	2	0	1	50	50	      1	          0	   0	      0	          0	       0	         0	         0	        0	        0	        0	        0	        0	        0	         0	         0	         0	         0	         0	       100	         0	         0	         0	         0	         0	          0	          0	          0	          0	          0	          0	          0	          0	          0	      0	         0	          0	          0	      0	          0	   0	          0	          0	   0	      0	         0	          0	         0	         0	        0	        0	        0	        0	        0	         0	        0	        0	         0	         0	         0	       100	         0	         0	         0	         0	          0	          0	          0	          0	         0	      0	          0	          0	          0	         0	   0	   0	   0	   0	      0	   0	   0	      0	#_272       
 2011	8.8	 8	1	0	1	22	22	      1	          0	   0	      0	        100	       0	         0	         0	        0	        0	        0	        0	        0	        0	         0	         0	         0	         0	         0	         0	         0	         0	         0	         0	         0	          0	          0	          0	          0	          0	          0	          0	          0	          0	      0	         0	          0	          0	      0	          0	   0	          0	          0	   0	      0	       100	          0	         0	         0	        0	        0	        0	        0	        0	         0	        0	        0	         0	         0	         0	         0	         0	         0	         0	         0	          0	          0	          0	          0	         0	      0	          0	          0	          0	         0	   0	   0	   0	   0	      0	   0	   0	      0	#_273       
 2011	8.8	 8	1	0	1	30	30	      1	          0	   0	      0	          0	       0	         0	         0	      100	        0	        0	        0	        0	        0	         0	         0	         0	         0	         0	         0	         0	         0	         0	         0	         0	          0	          0	          0	          0	          0	          0	          0	          0	          0	      0	         0	          0	          0	      0	          0	   0	          0	          0	   0	      0	         0	          0	         0	         0	      100	        0	        0	        0	        0	         0	        0	        0	         0	         0	         0	         0	         0	         0	         0	         0	          0	          0	          0	          0	         0	      0	          0	          0	          0	         0	   0	   0	   0	   0	      0	   0	   0	      0	#_274       
 2011	8.8	 8	1	0	1	32	32	      4	          0	   0	      0	          0	       0	         0	         0	      100	        0	        0	        0	        0	        0	         0	         0	         0	         0	         0	         0	         0	         0	         0	         0	         0	          0	          0	          0	          0	          0	          0	          0	          0	          0	      0	         0	          0	          0	      0	          0	   0	          0	          0	   0	      0	         0	          0	         0	         0	      100	        0	        0	        0	        0	         0	        0	        0	         0	         0	         0	         0	         0	         0	         0	         0	          0	          0	          0	          0	         0	      0	          0	          0	          0	         0	   0	   0	   0	   0	      0	   0	   0	      0	#_275       
 2011	8.8	 8	1	0	1	34	34	      6	          0	   0	      0	          0	       0	   33.3333	         0	       50	        0	  16.6667	        0	        0	        0	         0	         0	         0	         0	         0	         0	         0	         0	         0	         0	         0	          0	          0	          0	          0	          0	          0	          0	          0	          0	      0	         0	          0	          0	      0	          0	   0	          0	          0	   0	      0	         0	          0	   33.3333	         0	       50	        0	  16.6667	        0	        0	         0	        0	        0	         0	         0	         0	         0	         0	         0	         0	         0	          0	          0	          0	          0	         0	      0	          0	          0	          0	         0	   0	   0	   0	   0	      0	   0	   0	      0	#_276       
 2011	8.8	 8	1	0	1	36	36	      3	          0	   0	      0	          0	       0	         0	         0	  33.3333	  33.3333	  33.3333	        0	        0	        0	         0	         0	         0	         0	         0	         0	         0	         0	         0	         0	         0	          0	          0	          0	          0	          0	          0	          0	          0	          0	      0	         0	          0	          0	      0	          0	   0	          0	          0	   0	      0	         0	          0	         0	         0	  33.3333	  33.3333	  33.3333	        0	        0	         0	        0	        0	         0	         0	         0	         0	         0	         0	         0	         0	          0	          0	          0	          0	         0	      0	          0	          0	          0	         0	   0	   0	   0	   0	      0	   0	   0	      0	#_277       
 2011	8.8	 8	1	0	1	38	38	      2	          0	   0	      0	          0	       0	         0	         0	        0	        0	       50	        0	       50	        0	         0	         0	         0	         0	         0	         0	         0	         0	         0	         0	         0	          0	          0	          0	          0	          0	          0	          0	          0	          0	      0	         0	          0	          0	      0	          0	   0	          0	          0	   0	      0	         0	          0	         0	         0	        0	        0	       50	        0	       50	         0	        0	        0	         0	         0	         0	         0	         0	         0	         0	         0	          0	          0	          0	          0	         0	      0	          0	          0	          0	         0	   0	   0	   0	   0	      0	   0	   0	      0	#_278       
 2011	8.8	 8	1	0	1	40	40	      4	          0	   0	      0	          0	       0	         0	         0	        0	       50	        0	        0	       25	       25	         0	         0	         0	         0	         0	         0	         0	         0	         0	         0	         0	          0	          0	          0	          0	          0	          0	          0	          0	          0	      0	         0	          0	          0	      0	          0	   0	          0	          0	   0	      0	         0	          0	         0	         0	        0	       50	        0	        0	       25	        25	        0	        0	         0	         0	         0	         0	         0	         0	         0	         0	          0	          0	          0	          0	         0	      0	          0	          0	          0	         0	   0	   0	   0	   0	      0	   0	   0	      0	#_279       
 2011	8.8	 8	1	0	1	42	42	     12	          0	   0	      0	          0	       0	         0	         0	   8.3333	        0	        0	  33.3333	       25	       25	         0	    8.3333	         0	         0	         0	         0	         0	         0	         0	         0	         0	          0	          0	          0	          0	          0	          0	          0	          0	          0	      0	         0	          0	          0	      0	          0	   0	          0	          0	   0	      0	         0	          0	         0	         0	   8.3333	        0	        0	  33.3333	       25	        25	        0	   8.3333	         0	         0	         0	         0	         0	         0	         0	         0	          0	          0	          0	          0	         0	      0	          0	          0	          0	         0	   0	   0	   0	   0	      0	   0	   0	      0	#_280       
 2011	8.8	 8	1	0	1	44	44	     12	          0	   0	      0	          0	       0	         0	         0	        0	        0	   8.3333	  16.6667	       50	   8.3333	   16.6667	         0	         0	         0	         0	         0	         0	         0	         0	         0	         0	          0	          0	          0	          0	          0	          0	          0	          0	          0	      0	         0	          0	          0	      0	          0	   0	          0	          0	   0	      0	         0	          0	         0	         0	        0	        0	   8.3333	  16.6667	       50	    8.3333	  16.6667	        0	         0	         0	         0	         0	         0	         0	         0	         0	          0	          0	          0	          0	         0	      0	          0	          0	          0	         0	   0	   0	   0	   0	      0	   0	   0	      0	#_281       
 2011	8.8	 8	1	0	1	46	46	      7	          0	   0	      0	          0	       0	         0	         0	        0	        0	        0	        0	        0	  42.8571	   14.2857	   28.5714	         0	   14.2857	         0	         0	         0	         0	         0	         0	         0	          0	          0	          0	          0	          0	          0	          0	          0	          0	      0	         0	          0	          0	      0	          0	   0	          0	          0	   0	      0	         0	          0	         0	         0	        0	        0	        0	        0	        0	   42.8571	  14.2857	  28.5714	         0	   14.2857	         0	         0	         0	         0	         0	         0	          0	          0	          0	          0	         0	      0	          0	          0	          0	         0	   0	   0	   0	   0	      0	   0	   0	      0	#_282       
 2011	8.8	 8	1	0	1	48	48	     10	          0	   0	      0	          0	       0	         0	         0	        0	        0	        0	        0	        0	        0	        10	         0	        10	        10	        10	        20	        10	        10	         0	        10	         0	         10	          0	          0	          0	          0	          0	          0	          0	          0	      0	         0	          0	          0	      0	          0	   0	          0	          0	   0	      0	         0	          0	         0	         0	        0	        0	        0	        0	        0	         0	       10	        0	        10	        10	        10	        20	        10	        10	         0	        10	          0	         10	          0	          0	         0	      0	          0	          0	          0	         0	   0	   0	   0	   0	      0	   0	   0	      0	#_283       
 2011	8.8	 8	1	0	1	50	50	      6	          0	   0	      0	          0	       0	         0	         0	        0	        0	        0	        0	        0	        0	         0	         0	         0	   16.6667	   33.3333	   16.6667	         0	         0	         0	         0	         0	    16.6667	          0	          0	          0	          0	    16.6667	          0	          0	          0	      0	         0	          0	          0	      0	          0	   0	          0	          0	   0	      0	         0	          0	         0	         0	        0	        0	        0	        0	        0	         0	        0	        0	         0	   16.6667	   33.3333	   16.6667	         0	         0	         0	         0	          0	    16.6667	          0	          0	         0	      0	    16.6667	          0	          0	         0	   0	   0	   0	   0	      0	   0	   0	      0	#_284       
 2011	8.8	 8	2	0	1	26	26	      1	          0	   0	      0	        100	       0	         0	         0	        0	        0	        0	        0	        0	        0	         0	         0	         0	         0	         0	         0	         0	         0	         0	         0	         0	          0	          0	          0	          0	          0	          0	          0	          0	          0	      0	         0	          0	          0	      0	          0	   0	          0	          0	   0	      0	       100	          0	         0	         0	        0	        0	        0	        0	        0	         0	        0	        0	         0	         0	         0	         0	         0	         0	         0	         0	          0	          0	          0	          0	         0	      0	          0	          0	          0	         0	   0	   0	   0	   0	      0	   0	   0	      0	#_285       
 2011	8.8	 8	2	0	1	28	28	      1	          0	   0	      0	        100	       0	         0	         0	        0	        0	        0	        0	        0	        0	         0	         0	         0	         0	         0	         0	         0	         0	         0	         0	         0	          0	          0	          0	          0	          0	          0	          0	          0	          0	      0	         0	          0	          0	      0	          0	   0	          0	          0	   0	      0	       100	          0	         0	         0	        0	        0	        0	        0	        0	         0	        0	        0	         0	         0	         0	         0	         0	         0	         0	         0	          0	          0	          0	          0	         0	      0	          0	          0	          0	         0	   0	   0	   0	   0	      0	   0	   0	      0	#_286       
 2011	8.8	 8	2	0	1	30	30	      1	          0	   0	      0	          0	       0	       100	         0	        0	        0	        0	        0	        0	        0	         0	         0	         0	         0	         0	         0	         0	         0	         0	         0	         0	          0	          0	          0	          0	          0	          0	          0	          0	          0	      0	         0	          0	          0	      0	          0	   0	          0	          0	   0	      0	         0	          0	       100	         0	        0	        0	        0	        0	        0	         0	        0	        0	         0	         0	         0	         0	         0	         0	         0	         0	          0	          0	          0	          0	         0	      0	          0	          0	          0	         0	   0	   0	   0	   0	      0	   0	   0	      0	#_287       
 2011	8.8	 8	2	0	1	32	32	      5	          0	   0	      0	          0	       0	        20	         0	       40	       40	        0	        0	        0	        0	         0	         0	         0	         0	         0	         0	         0	         0	         0	         0	         0	          0	          0	          0	          0	          0	          0	          0	          0	          0	      0	         0	          0	          0	      0	          0	   0	          0	          0	   0	      0	         0	          0	        20	         0	       40	       40	        0	        0	        0	         0	        0	        0	         0	         0	         0	         0	         0	         0	         0	         0	          0	          0	          0	          0	         0	      0	          0	          0	          0	         0	   0	   0	   0	   0	      0	   0	   0	      0	#_288       
 2011	8.8	 8	2	0	1	34	34	     10	          0	   0	      0	          0	       0	         0	         0	       80	       10	       10	        0	        0	        0	         0	         0	         0	         0	         0	         0	         0	         0	         0	         0	         0	          0	          0	          0	          0	          0	          0	          0	          0	          0	      0	         0	          0	          0	      0	          0	   0	          0	          0	   0	      0	         0	          0	         0	         0	       80	       10	       10	        0	        0	         0	        0	        0	         0	         0	         0	         0	         0	         0	         0	         0	          0	          0	          0	          0	         0	      0	          0	          0	          0	         0	   0	   0	   0	   0	      0	   0	   0	      0	#_289       
 2011	8.8	 8	2	0	1	36	36	      5	          0	   0	      0	          0	       0	         0	        20	       40	        0	       20	       20	        0	        0	         0	         0	         0	         0	         0	         0	         0	         0	         0	         0	         0	          0	          0	          0	          0	          0	          0	          0	          0	          0	      0	         0	          0	          0	      0	          0	   0	          0	          0	   0	      0	         0	          0	         0	        20	       40	        0	       20	       20	        0	         0	        0	        0	         0	         0	         0	         0	         0	         0	         0	         0	          0	          0	          0	          0	         0	      0	          0	          0	          0	         0	   0	   0	   0	   0	      0	   0	   0	      0	#_290       
 2011	8.8	 8	2	0	1	38	38	      2	          0	   0	      0	          0	       0	         0	         0	        0	        0	        0	        0	      100	        0	         0	         0	         0	         0	         0	         0	         0	         0	         0	         0	         0	          0	          0	          0	          0	          0	          0	          0	          0	          0	      0	         0	          0	          0	      0	          0	   0	          0	          0	   0	      0	         0	          0	         0	         0	        0	        0	        0	        0	      100	         0	        0	        0	         0	         0	         0	         0	         0	         0	         0	         0	          0	          0	          0	          0	         0	      0	          0	          0	          0	         0	   0	   0	   0	   0	      0	   0	   0	      0	#_291       
 2011	8.8	 8	2	0	1	40	40	     10	          0	   0	      0	          0	       0	         0	         0	        0	        0	       20	       30	       20	       10	        20	         0	         0	         0	         0	         0	         0	         0	         0	         0	         0	          0	          0	          0	          0	          0	          0	          0	          0	          0	      0	         0	          0	          0	      0	          0	   0	          0	          0	   0	      0	         0	          0	         0	         0	        0	        0	       20	       30	       20	        10	       20	        0	         0	         0	         0	         0	         0	         0	         0	         0	          0	          0	          0	          0	         0	      0	          0	          0	          0	         0	   0	   0	   0	   0	      0	   0	   0	      0	#_292       
 2011	8.8	 8	2	0	1	42	42	     15	          0	   0	      0	          0	       0	         0	         0	        0	        0	   6.6667	        0	  26.6667	       40	         0	         0	   13.3333	   13.3333	         0	         0	         0	         0	         0	         0	         0	          0	          0	          0	          0	          0	          0	          0	          0	          0	      0	         0	          0	          0	      0	          0	   0	          0	          0	   0	      0	         0	          0	         0	         0	        0	        0	   6.6667	        0	  26.6667	        40	        0	        0	   13.3333	   13.3333	         0	         0	         0	         0	         0	         0	          0	          0	          0	          0	         0	      0	          0	          0	          0	         0	   0	   0	   0	   0	      0	   0	   0	      0	#_293       
 2011	8.8	 8	2	0	1	44	44	     22	          0	   0	      0	          0	       0	         0	         0	        0	        0	        0	  18.1818	  13.6364	   9.0909	    4.5455	    4.5455	    9.0909	   13.6364	    4.5455	         0	    4.5455	    4.5455	         0	         0	    4.5455	     4.5455	          0	          0	          0	          0	          0	          0	          0	     4.5455	      0	         0	          0	          0	      0	          0	   0	          0	          0	   0	      0	         0	          0	         0	         0	        0	        0	        0	  18.1818	  13.6364	    9.0909	   4.5455	   4.5455	    9.0909	   13.6364	    4.5455	         0	    4.5455	    4.5455	         0	         0	     4.5455	     4.5455	          0	          0	         0	      0	          0	          0	          0	    4.5455	   0	   0	   0	   0	      0	   0	   0	      0	#_294       
 2011	8.8	 8	2	0	1	46	46	     10	          0	   0	      0	          0	       0	         0	         0	        0	        0	        0	       10	       20	        0	         0	        10	        10	        30	         0	         0	         0	        10	        10	         0	         0	          0	          0	          0	          0	          0	          0	          0	          0	          0	      0	         0	          0	          0	      0	          0	   0	          0	          0	   0	      0	         0	          0	         0	         0	        0	        0	        0	       10	       20	         0	        0	       10	        10	        30	         0	         0	         0	        10	        10	         0	          0	          0	          0	          0	         0	      0	          0	          0	          0	         0	   0	   0	   0	   0	      0	   0	   0	      0	#_295       
 2011	8.8	 8	2	0	1	48	48	      1	          0	   0	      0	          0	       0	         0	         0	        0	        0	        0	        0	        0	        0	         0	         0	         0	         0	         0	         0	         0	         0	       100	         0	         0	          0	          0	          0	          0	          0	          0	          0	          0	          0	      0	         0	          0	          0	      0	          0	   0	          0	          0	   0	      0	         0	          0	         0	         0	        0	        0	        0	        0	        0	         0	        0	        0	         0	         0	         0	         0	         0	         0	       100	         0	          0	          0	          0	          0	         0	      0	          0	          0	          0	         0	   0	   0	   0	   0	      0	   0	   0	      0	#_296       
 2011	8.8	 8	2	0	1	50	50	      1	          0	   0	      0	          0	       0	         0	         0	        0	        0	        0	        0	        0	        0	         0	         0	         0	         0	         0	         0	         0	         0	         0	         0	         0	          0	          0	        100	          0	          0	          0	          0	          0	          0	      0	         0	          0	          0	      0	          0	   0	          0	          0	   0	      0	         0	          0	         0	         0	        0	        0	        0	        0	        0	         0	        0	        0	         0	         0	         0	         0	         0	         0	         0	         0	          0	          0	          0	        100	         0	      0	          0	          0	          0	         0	   0	   0	   0	   0	      0	   0	   0	      0	#_297       
 2012	8.8	 8	1	0	1	26	26	      3	          0	   0	      0	          0	     100	         0	         0	        0	        0	        0	        0	        0	        0	         0	         0	         0	         0	         0	         0	         0	         0	         0	         0	         0	          0	          0	          0	          0	          0	          0	          0	          0	          0	      0	         0	          0	          0	      0	          0	   0	          0	          0	   0	      0	         0	        100	         0	         0	        0	        0	        0	        0	        0	         0	        0	        0	         0	         0	         0	         0	         0	         0	         0	         0	          0	          0	          0	          0	         0	      0	          0	          0	          0	         0	   0	   0	   0	   0	      0	   0	   0	      0	#_298       
 2012	8.8	 8	1	0	1	28	28	      4	          0	   0	      0	          0	     100	         0	         0	        0	        0	        0	        0	        0	        0	         0	         0	         0	         0	         0	         0	         0	         0	         0	         0	         0	          0	          0	          0	          0	          0	          0	          0	          0	          0	      0	         0	          0	          0	      0	          0	   0	          0	          0	   0	      0	         0	        100	         0	         0	        0	        0	        0	        0	        0	         0	        0	        0	         0	         0	         0	         0	         0	         0	         0	         0	          0	          0	          0	          0	         0	      0	          0	          0	          0	         0	   0	   0	   0	   0	      0	   0	   0	      0	#_299       
 2012	8.8	 8	1	0	1	30	30	      1	          0	   0	      0	          0	       0	         0	       100	        0	        0	        0	        0	        0	        0	         0	         0	         0	         0	         0	         0	         0	         0	         0	         0	         0	          0	          0	          0	          0	          0	          0	          0	          0	          0	      0	         0	          0	          0	      0	          0	   0	          0	          0	   0	      0	         0	          0	         0	       100	        0	        0	        0	        0	        0	         0	        0	        0	         0	         0	         0	         0	         0	         0	         0	         0	          0	          0	          0	          0	         0	      0	          0	          0	          0	         0	   0	   0	   0	   0	      0	   0	   0	      0	#_300       
 2012	8.8	 8	1	0	1	32	32	      1	          0	   0	      0	          0	       0	         0	         0	        0	      100	        0	        0	        0	        0	         0	         0	         0	         0	         0	         0	         0	         0	         0	         0	         0	          0	          0	          0	          0	          0	          0	          0	          0	          0	      0	         0	          0	          0	      0	          0	   0	          0	          0	   0	      0	         0	          0	         0	         0	        0	      100	        0	        0	        0	         0	        0	        0	         0	         0	         0	         0	         0	         0	         0	         0	          0	          0	          0	          0	         0	      0	          0	          0	          0	         0	   0	   0	   0	   0	      0	   0	   0	      0	#_301       
 2012	8.8	 8	1	0	1	38	38	      1	          0	   0	      0	          0	       0	         0	         0	        0	      100	        0	        0	        0	        0	         0	         0	         0	         0	         0	         0	         0	         0	         0	         0	         0	          0	          0	          0	          0	          0	          0	          0	          0	          0	      0	         0	          0	          0	      0	          0	   0	          0	          0	   0	      0	         0	          0	         0	         0	        0	      100	        0	        0	        0	         0	        0	        0	         0	         0	         0	         0	         0	         0	         0	         0	          0	          0	          0	          0	         0	      0	          0	          0	          0	         0	   0	   0	   0	   0	      0	   0	   0	      0	#_302       
 2012	8.8	 8	1	0	1	40	40	      6	          0	   0	      0	          0	       0	         0	         0	       50	  16.6667	        0	  33.3333	        0	        0	         0	         0	         0	         0	         0	         0	         0	         0	         0	         0	         0	          0	          0	          0	          0	          0	          0	          0	          0	          0	      0	         0	          0	          0	      0	          0	   0	          0	          0	   0	      0	         0	          0	         0	         0	       50	  16.6667	        0	  33.3333	        0	         0	        0	        0	         0	         0	         0	         0	         0	         0	         0	         0	          0	          0	          0	          0	         0	      0	          0	          0	          0	         0	   0	   0	   0	   0	      0	   0	   0	      0	#_303       
 2012	8.8	 8	1	0	1	42	42	      2	          0	   0	      0	          0	       0	         0	         0	        0	        0	        0	       50	        0	       50	         0	         0	         0	         0	         0	         0	         0	         0	         0	         0	         0	          0	          0	          0	          0	          0	          0	          0	          0	          0	      0	         0	          0	          0	      0	          0	   0	          0	          0	   0	      0	         0	          0	         0	         0	        0	        0	        0	       50	        0	        50	        0	        0	         0	         0	         0	         0	         0	         0	         0	         0	          0	          0	          0	          0	         0	      0	          0	          0	          0	         0	   0	   0	   0	   0	      0	   0	   0	      0	#_304       
 2012	8.8	 8	1	0	1	44	44	      8	          0	   0	      0	          0	       0	         0	         0	        0	        0	     12.5	     12.5	       25	     37.5	      12.5	         0	         0	         0	         0	         0	         0	         0	         0	         0	         0	          0	          0	          0	          0	          0	          0	          0	          0	          0	      0	         0	          0	          0	      0	          0	   0	          0	          0	   0	      0	         0	          0	         0	         0	        0	        0	     12.5	     12.5	       25	      37.5	     12.5	        0	         0	         0	         0	         0	         0	         0	         0	         0	          0	          0	          0	          0	         0	      0	          0	          0	          0	         0	   0	   0	   0	   0	      0	   0	   0	      0	#_305       
 2012	8.8	 8	1	0	1	46	46	      4	          0	   0	      0	          0	       0	         0	         0	        0	        0	        0	        0	        0	        0	        25	         0	        25	        25	         0	         0	         0	         0	         0	        25	         0	          0	          0	          0	          0	          0	          0	          0	          0	          0	      0	         0	          0	          0	      0	          0	   0	          0	          0	   0	      0	         0	          0	         0	         0	        0	        0	        0	        0	        0	         0	       25	        0	        25	        25	         0	         0	         0	         0	         0	        25	          0	          0	          0	          0	         0	      0	          0	          0	          0	         0	   0	   0	   0	   0	      0	   0	   0	      0	#_306       
 2012	8.8	 8	1	0	1	48	48	      9	          0	   0	      0	          0	       0	         0	         0	        0	        0	        0	        0	        0	  11.1111	         0	         0	   11.1111	   22.2222	   22.2222	         0	         0	   22.2222	         0	   11.1111	         0	          0	          0	          0	          0	          0	          0	          0	          0	          0	      0	         0	          0	          0	      0	          0	   0	          0	          0	   0	      0	         0	          0	         0	         0	        0	        0	        0	        0	        0	   11.1111	        0	        0	   11.1111	   22.2222	   22.2222	         0	         0	   22.2222	         0	   11.1111	          0	          0	          0	          0	         0	      0	          0	          0	          0	         0	   0	   0	   0	   0	      0	   0	   0	      0	#_307       
 2012	8.8	 8	1	0	1	50	50	      2	          0	   0	      0	          0	       0	         0	         0	        0	        0	        0	        0	        0	        0	         0	         0	         0	         0	         0	         0	         0	         0	        50	         0	         0	          0	          0	          0	          0	          0	          0	         50	          0	          0	      0	         0	          0	          0	      0	          0	   0	          0	          0	   0	      0	         0	          0	         0	         0	        0	        0	        0	        0	        0	         0	        0	        0	         0	         0	         0	         0	         0	         0	        50	         0	          0	          0	          0	          0	         0	      0	          0	         50	          0	         0	   0	   0	   0	   0	      0	   0	   0	      0	#_308       
 2012	8.8	 8	1	0	1	52	52	      1	          0	   0	      0	          0	       0	         0	         0	        0	        0	        0	        0	        0	        0	         0	         0	         0	         0	         0	         0	         0	         0	       100	         0	         0	          0	          0	          0	          0	          0	          0	          0	          0	          0	      0	         0	          0	          0	      0	          0	   0	          0	          0	   0	      0	         0	          0	         0	         0	        0	        0	        0	        0	        0	         0	        0	        0	         0	         0	         0	         0	         0	         0	       100	         0	          0	          0	          0	          0	         0	      0	          0	          0	          0	         0	   0	   0	   0	   0	      0	   0	   0	      0	#_309       
 2012	8.8	 8	2	0	1	22	22	      1	          0	   0	      0	          0	     100	         0	         0	        0	        0	        0	        0	        0	        0	         0	         0	         0	         0	         0	         0	         0	         0	         0	         0	         0	          0	          0	          0	          0	          0	          0	          0	          0	          0	      0	         0	          0	          0	      0	          0	   0	          0	          0	   0	      0	         0	        100	         0	         0	        0	        0	        0	        0	        0	         0	        0	        0	         0	         0	         0	         0	         0	         0	         0	         0	          0	          0	          0	          0	         0	      0	          0	          0	          0	         0	   0	   0	   0	   0	      0	   0	   0	      0	#_310       
 2012	8.8	 8	2	0	1	24	24	      3	          0	   0	      0	    33.3333	 66.6667	         0	         0	        0	        0	        0	        0	        0	        0	         0	         0	         0	         0	         0	         0	         0	         0	         0	         0	         0	          0	          0	          0	          0	          0	          0	          0	          0	          0	      0	         0	          0	          0	      0	          0	   0	          0	          0	   0	      0	   33.3333	    66.6667	         0	         0	        0	        0	        0	        0	        0	         0	        0	        0	         0	         0	         0	         0	         0	         0	         0	         0	          0	          0	          0	          0	         0	      0	          0	          0	          0	         0	   0	   0	   0	   0	      0	   0	   0	      0	#_311       
 2012	8.8	 8	2	0	1	26	26	      1	          0	   0	      0	        100	       0	         0	         0	        0	        0	        0	        0	        0	        0	         0	         0	         0	         0	         0	         0	         0	         0	         0	         0	         0	          0	          0	          0	          0	          0	          0	          0	          0	          0	      0	         0	          0	          0	      0	          0	   0	          0	          0	   0	      0	       100	          0	         0	         0	        0	        0	        0	        0	        0	         0	        0	        0	         0	         0	         0	         0	         0	         0	         0	         0	          0	          0	          0	          0	         0	      0	          0	          0	          0	         0	   0	   0	   0	   0	      0	   0	   0	      0	#_312       
 2012	8.8	 8	2	0	1	28	28	      3	          0	   0	      0	          0	 66.6667	   33.3333	         0	        0	        0	        0	        0	        0	        0	         0	         0	         0	         0	         0	         0	         0	         0	         0	         0	         0	          0	          0	          0	          0	          0	          0	          0	          0	          0	      0	         0	          0	          0	      0	          0	   0	          0	          0	   0	      0	         0	    66.6667	   33.3333	         0	        0	        0	        0	        0	        0	         0	        0	        0	         0	         0	         0	         0	         0	         0	         0	         0	          0	          0	          0	          0	         0	      0	          0	          0	          0	         0	   0	   0	   0	   0	      0	   0	   0	      0	#_313       
 2012	8.8	 8	2	0	1	30	30	      3	          0	   0	      0	          0	 33.3333	   66.6667	         0	        0	        0	        0	        0	        0	        0	         0	         0	         0	         0	         0	         0	         0	         0	         0	         0	         0	          0	          0	          0	          0	          0	          0	          0	          0	          0	      0	         0	          0	          0	      0	          0	   0	          0	          0	   0	      0	         0	    33.3333	   66.6667	         0	        0	        0	        0	        0	        0	         0	        0	        0	         0	         0	         0	         0	         0	         0	         0	         0	          0	          0	          0	          0	         0	      0	          0	          0	          0	         0	   0	   0	   0	   0	      0	   0	   0	      0	#_314       
 2012	8.8	 8	2	0	1	32	32	      1	          0	   0	      0	          0	       0	         0	       100	        0	        0	        0	        0	        0	        0	         0	         0	         0	         0	         0	         0	         0	         0	         0	         0	         0	          0	          0	          0	          0	          0	          0	          0	          0	          0	      0	         0	          0	          0	      0	          0	   0	          0	          0	   0	      0	         0	          0	         0	       100	        0	        0	        0	        0	        0	         0	        0	        0	         0	         0	         0	         0	         0	         0	         0	         0	          0	          0	          0	          0	         0	      0	          0	          0	          0	         0	   0	   0	   0	   0	      0	   0	   0	      0	#_315       
 2012	8.8	 8	2	0	1	36	36	      5	          0	   0	      0	          0	       0	         0	         0	       60	       40	        0	        0	        0	        0	         0	         0	         0	         0	         0	         0	         0	         0	         0	         0	         0	          0	          0	          0	          0	          0	          0	          0	          0	          0	      0	         0	          0	          0	      0	          0	   0	          0	          0	   0	      0	         0	          0	         0	         0	       60	       40	        0	        0	        0	         0	        0	        0	         0	         0	         0	         0	         0	         0	         0	         0	          0	          0	          0	          0	         0	      0	          0	          0	          0	         0	   0	   0	   0	   0	      0	   0	   0	      0	#_316       
 2012	8.8	 8	2	0	1	38	38	      1	          0	   0	      0	          0	       0	         0	         0	        0	      100	        0	        0	        0	        0	         0	         0	         0	         0	         0	         0	         0	         0	         0	         0	         0	          0	          0	          0	          0	          0	          0	          0	          0	          0	      0	         0	          0	          0	      0	          0	   0	          0	          0	   0	      0	         0	          0	         0	         0	        0	      100	        0	        0	        0	         0	        0	        0	         0	         0	         0	         0	         0	         0	         0	         0	          0	          0	          0	          0	         0	      0	          0	          0	          0	         0	   0	   0	   0	   0	      0	   0	   0	      0	#_317       
 2012	8.8	 8	2	0	1	40	40	      4	          0	   0	      0	          0	       0	         0	         0	       50	        0	        0	        0	        0	       25	        25	         0	         0	         0	         0	         0	         0	         0	         0	         0	         0	          0	          0	          0	          0	          0	          0	          0	          0	          0	      0	         0	          0	          0	      0	          0	   0	          0	          0	   0	      0	         0	          0	         0	         0	       50	        0	        0	        0	        0	        25	       25	        0	         0	         0	         0	         0	         0	         0	         0	         0	          0	          0	          0	          0	         0	      0	          0	          0	          0	         0	   0	   0	   0	   0	      0	   0	   0	      0	#_318       
 2012	8.8	 8	2	0	1	42	42	      4	          0	   0	      0	          0	       0	         0	         0	        0	        0	        0	       50	        0	       25	         0	         0	         0	        25	         0	         0	         0	         0	         0	         0	         0	          0	          0	          0	          0	          0	          0	          0	          0	          0	      0	         0	          0	          0	      0	          0	   0	          0	          0	   0	      0	         0	          0	         0	         0	        0	        0	        0	       50	        0	        25	        0	        0	         0	        25	         0	         0	         0	         0	         0	         0	          0	          0	          0	          0	         0	      0	          0	          0	          0	         0	   0	   0	   0	   0	      0	   0	   0	      0	#_319       
 2012	8.8	 8	2	0	1	44	44	      5	          0	   0	      0	          0	       0	         0	         0	        0	        0	        0	        0	        0	        0	         0	         0	         0	        40	        20	         0	         0	         0	         0	         0	         0	          0	          0	          0	          0	          0	          0	          0	          0	         20	      0	        20	          0	          0	      0	          0	   0	          0	          0	   0	      0	         0	          0	         0	         0	        0	        0	        0	        0	        0	         0	        0	        0	         0	        40	        20	         0	         0	         0	         0	         0	          0	          0	          0	          0	         0	      0	          0	          0	          0	        20	   0	  20	   0	   0	      0	   0	   0	      0	#_320       
 2012	8.8	 8	2	0	1	46	46	      4	          0	   0	      0	          0	       0	         0	         0	        0	        0	        0	        0	        0	        0	        25	         0	        25	         0	         0	         0	         0	        25	         0	         0	        25	          0	          0	          0	          0	          0	          0	          0	          0	          0	      0	         0	          0	          0	      0	          0	   0	          0	          0	   0	      0	         0	          0	         0	         0	        0	        0	        0	        0	        0	         0	       25	        0	        25	         0	         0	         0	         0	        25	         0	         0	         25	          0	          0	          0	         0	      0	          0	          0	          0	         0	   0	   0	   0	   0	      0	   0	   0	      0	#_321       
 2012	8.8	 8	2	0	1	48	48	      1	          0	   0	      0	          0	       0	         0	         0	        0	        0	        0	        0	        0	        0	       100	         0	         0	         0	         0	         0	         0	         0	         0	         0	         0	          0	          0	          0	          0	          0	          0	          0	          0	          0	      0	         0	          0	          0	      0	          0	   0	          0	          0	   0	      0	         0	          0	         0	         0	        0	        0	        0	        0	        0	         0	      100	        0	         0	         0	         0	         0	         0	         0	         0	         0	          0	          0	          0	          0	         0	      0	          0	          0	          0	         0	   0	   0	   0	   0	      0	   0	   0	      0	#_322       
 2013	8.8	 8	1	0	1	18	18	      1	          0	   0	      0	        100	       0	         0	         0	        0	        0	        0	        0	        0	        0	         0	         0	         0	         0	         0	         0	         0	         0	         0	         0	         0	          0	          0	          0	          0	          0	          0	          0	          0	          0	      0	         0	          0	          0	      0	          0	   0	          0	          0	   0	      0	       100	          0	         0	         0	        0	        0	        0	        0	        0	         0	        0	        0	         0	         0	         0	         0	         0	         0	         0	         0	          0	          0	          0	          0	         0	      0	          0	          0	          0	         0	   0	   0	   0	   0	      0	   0	   0	      0	#_323       
 2013	8.8	 8	1	0	1	20	20	      3	          0	   0	      0	        100	       0	         0	         0	        0	        0	        0	        0	        0	        0	         0	         0	         0	         0	         0	         0	         0	         0	         0	         0	         0	          0	          0	          0	          0	          0	          0	          0	          0	          0	      0	         0	          0	          0	      0	          0	   0	          0	          0	   0	      0	       100	          0	         0	         0	        0	        0	        0	        0	        0	         0	        0	        0	         0	         0	         0	         0	         0	         0	         0	         0	          0	          0	          0	          0	         0	      0	          0	          0	          0	         0	   0	   0	   0	   0	      0	   0	   0	      0	#_324       
 2013	8.8	 8	1	0	1	22	22	      3	          0	   0	      0	    66.6667	 33.3333	         0	         0	        0	        0	        0	        0	        0	        0	         0	         0	         0	         0	         0	         0	         0	         0	         0	         0	         0	          0	          0	          0	          0	          0	          0	          0	          0	          0	      0	         0	          0	          0	      0	          0	   0	          0	          0	   0	      0	   66.6667	    33.3333	         0	         0	        0	        0	        0	        0	        0	         0	        0	        0	         0	         0	         0	         0	         0	         0	         0	         0	          0	          0	          0	          0	         0	      0	          0	          0	          0	         0	   0	   0	   0	   0	      0	   0	   0	      0	#_325       
 2013	8.8	 8	1	0	1	24	24	     10	          0	   0	      0	         70	      20	        10	         0	        0	        0	        0	        0	        0	        0	         0	         0	         0	         0	         0	         0	         0	         0	         0	         0	         0	          0	          0	          0	          0	          0	          0	          0	          0	          0	      0	         0	          0	          0	      0	          0	   0	          0	          0	   0	      0	        70	         20	        10	         0	        0	        0	        0	        0	        0	         0	        0	        0	         0	         0	         0	         0	         0	         0	         0	         0	          0	          0	          0	          0	         0	      0	          0	          0	          0	         0	   0	   0	   0	   0	      0	   0	   0	      0	#_326       
 2013	8.8	 8	1	0	1	26	26	     17	          0	   0	      0	    64.7059	 17.6471	   17.6471	         0	        0	        0	        0	        0	        0	        0	         0	         0	         0	         0	         0	         0	         0	         0	         0	         0	         0	          0	          0	          0	          0	          0	          0	          0	          0	          0	      0	         0	          0	          0	      0	          0	   0	          0	          0	   0	      0	   64.7059	    17.6471	   17.6471	         0	        0	        0	        0	        0	        0	         0	        0	        0	         0	         0	         0	         0	         0	         0	         0	         0	          0	          0	          0	          0	         0	      0	          0	          0	          0	         0	   0	   0	   0	   0	      0	   0	   0	      0	#_327       
 2013	8.8	 8	1	0	1	28	28	     11	          0	   0	      0	    36.3636	 54.5455	    9.0909	         0	        0	        0	        0	        0	        0	        0	         0	         0	         0	         0	         0	         0	         0	         0	         0	         0	         0	          0	          0	          0	          0	          0	          0	          0	          0	          0	      0	         0	          0	          0	      0	          0	   0	          0	          0	   0	      0	   36.3636	    54.5455	    9.0909	         0	        0	        0	        0	        0	        0	         0	        0	        0	         0	         0	         0	         0	         0	         0	         0	         0	          0	          0	          0	          0	         0	      0	          0	          0	          0	         0	   0	   0	   0	   0	      0	   0	   0	      0	#_328       
 2013	8.8	 8	1	0	1	30	30	      7	          0	   0	      0	    14.2857	 28.5714	   57.1429	         0	        0	        0	        0	        0	        0	        0	         0	         0	         0	         0	         0	         0	         0	         0	         0	         0	         0	          0	          0	          0	          0	          0	          0	          0	          0	          0	      0	         0	          0	          0	      0	          0	   0	          0	          0	   0	      0	   14.2857	    28.5714	   57.1429	         0	        0	        0	        0	        0	        0	         0	        0	        0	         0	         0	         0	         0	         0	         0	         0	         0	          0	          0	          0	          0	         0	      0	          0	          0	          0	         0	   0	   0	   0	   0	      0	   0	   0	      0	#_329       
 2013	8.8	 8	1	0	1	32	32	      5	          0	   0	      0	          0	       0	        80	         0	       20	        0	        0	        0	        0	        0	         0	         0	         0	         0	         0	         0	         0	         0	         0	         0	         0	          0	          0	          0	          0	          0	          0	          0	          0	          0	      0	         0	          0	          0	      0	          0	   0	          0	          0	   0	      0	         0	          0	        80	         0	       20	        0	        0	        0	        0	         0	        0	        0	         0	         0	         0	         0	         0	         0	         0	         0	          0	          0	          0	          0	         0	      0	          0	          0	          0	         0	   0	   0	   0	   0	      0	   0	   0	      0	#_330       
 2013	8.8	 8	1	0	1	34	34	      4	          0	   0	      0	          0	       0	        75	        25	        0	        0	        0	        0	        0	        0	         0	         0	         0	         0	         0	         0	         0	         0	         0	         0	         0	          0	          0	          0	          0	          0	          0	          0	          0	          0	      0	         0	          0	          0	      0	          0	   0	          0	          0	   0	      0	         0	          0	        75	        25	        0	        0	        0	        0	        0	         0	        0	        0	         0	         0	         0	         0	         0	         0	         0	         0	          0	          0	          0	          0	         0	      0	          0	          0	          0	         0	   0	   0	   0	   0	      0	   0	   0	      0	#_331       
 2013	8.8	 8	1	0	1	36	36	      5	          0	   0	      0	          0	       0	         0	        40	       60	        0	        0	        0	        0	        0	         0	         0	         0	         0	         0	         0	         0	         0	         0	         0	         0	          0	          0	          0	          0	          0	          0	          0	          0	          0	      0	         0	          0	          0	      0	          0	   0	          0	          0	   0	      0	         0	          0	         0	        40	       60	        0	        0	        0	        0	         0	        0	        0	         0	         0	         0	         0	         0	         0	         0	         0	          0	          0	          0	          0	         0	      0	          0	          0	          0	         0	   0	   0	   0	   0	      0	   0	   0	      0	#_332       
 2013	8.8	 8	1	0	1	38	38	      2	          0	   0	      0	          0	       0	         0	         0	       50	        0	       50	        0	        0	        0	         0	         0	         0	         0	         0	         0	         0	         0	         0	         0	         0	          0	          0	          0	          0	          0	          0	          0	          0	          0	      0	         0	          0	          0	      0	          0	   0	          0	          0	   0	      0	         0	          0	         0	         0	       50	        0	       50	        0	        0	         0	        0	        0	         0	         0	         0	         0	         0	         0	         0	         0	          0	          0	          0	          0	         0	      0	          0	          0	          0	         0	   0	   0	   0	   0	      0	   0	   0	      0	#_333       
 2013	8.8	 8	1	0	1	40	40	      3	          0	   0	      0	          0	       0	   33.3333	         0	        0	        0	        0	  33.3333	  33.3333	        0	         0	         0	         0	         0	         0	         0	         0	         0	         0	         0	         0	          0	          0	          0	          0	          0	          0	          0	          0	          0	      0	         0	          0	          0	      0	          0	   0	          0	          0	   0	      0	         0	          0	   33.3333	         0	        0	        0	        0	  33.3333	  33.3333	         0	        0	        0	         0	         0	         0	         0	         0	         0	         0	         0	          0	          0	          0	          0	         0	      0	          0	          0	          0	         0	   0	   0	   0	   0	      0	   0	   0	      0	#_334       
 2013	8.8	 8	1	0	1	42	42	      6	          0	   0	      0	          0	       0	         0	         0	        0	        0	        0	  33.3333	        0	        0	   33.3333	   16.6667	         0	         0	         0	         0	         0	         0	   16.6667	         0	         0	          0	          0	          0	          0	          0	          0	          0	          0	          0	      0	         0	          0	          0	      0	          0	   0	          0	          0	   0	      0	         0	          0	         0	         0	        0	        0	        0	  33.3333	        0	         0	  33.3333	  16.6667	         0	         0	         0	         0	         0	         0	   16.6667	         0	          0	          0	          0	          0	         0	      0	          0	          0	          0	         0	   0	   0	   0	   0	      0	   0	   0	      0	#_335       
 2013	8.8	 8	1	0	1	44	44	      9	          0	   0	      0	          0	       0	         0	         0	        0	        0	        0	        0	        0	  22.2222	   33.3333	         0	   33.3333	   11.1111	         0	         0	         0	         0	         0	         0	         0	          0	          0	          0	          0	          0	          0	          0	          0	          0	      0	         0	          0	          0	      0	          0	   0	          0	          0	   0	      0	         0	          0	         0	         0	        0	        0	        0	        0	        0	   22.2222	  33.3333	        0	   33.3333	   11.1111	         0	         0	         0	         0	         0	         0	          0	          0	          0	          0	         0	      0	          0	          0	          0	         0	   0	   0	   0	   0	      0	   0	   0	      0	#_336       
 2013	8.8	 8	1	0	1	46	46	      7	          0	   0	      0	          0	       0	         0	         0	        0	        0	        0	        0	        0	  14.2857	         0	   42.8571	   14.2857	         0	   14.2857	         0	         0	         0	         0	         0	   14.2857	          0	          0	          0	          0	          0	          0	          0	          0	          0	      0	         0	          0	          0	      0	          0	   0	          0	          0	   0	      0	         0	          0	         0	         0	        0	        0	        0	        0	        0	   14.2857	        0	  42.8571	   14.2857	         0	   14.2857	         0	         0	         0	         0	         0	    14.2857	          0	          0	          0	         0	      0	          0	          0	          0	         0	   0	   0	   0	   0	      0	   0	   0	      0	#_337       
 2013	8.8	 8	1	0	1	48	48	      7	          0	   0	      0	          0	       0	         0	         0	        0	        0	        0	        0	        0	        0	         0	         0	         0	         0	         0	         0	   14.2857	   14.2857	   28.5714	         0	   14.2857	          0	          0	          0	    14.2857	          0	          0	          0	    14.2857	          0	      0	         0	          0	          0	      0	          0	   0	          0	          0	   0	      0	         0	          0	         0	         0	        0	        0	        0	        0	        0	         0	        0	        0	         0	         0	         0	         0	   14.2857	   14.2857	   28.5714	         0	    14.2857	          0	          0	          0	   14.2857	      0	          0	          0	    14.2857	         0	   0	   0	   0	   0	      0	   0	   0	      0	#_338       
 2013	8.8	 8	1	0	1	50	50	      6	          0	   0	      0	          0	       0	         0	         0	        0	        0	        0	        0	        0	        0	         0	         0	         0	         0	         0	         0	         0	         0	         0	   16.6667	   16.6667	    33.3333	          0	          0	          0	          0	    16.6667	    16.6667	          0	          0	      0	         0	          0	          0	      0	          0	   0	          0	          0	   0	      0	         0	          0	         0	         0	        0	        0	        0	        0	        0	         0	        0	        0	         0	         0	         0	         0	         0	         0	         0	   16.6667	    16.6667	    33.3333	          0	          0	         0	      0	    16.6667	    16.6667	          0	         0	   0	   0	   0	   0	      0	   0	   0	      0	#_339       
 2013	8.8	 8	2	0	1	14	14	      1	          0	   0	    100	          0	       0	         0	         0	        0	        0	        0	        0	        0	        0	         0	         0	         0	         0	         0	         0	         0	         0	         0	         0	         0	          0	          0	          0	          0	          0	          0	          0	          0	          0	      0	         0	          0	          0	      0	          0	   0	          0	          0	   0	    100	         0	          0	         0	         0	        0	        0	        0	        0	        0	         0	        0	        0	         0	         0	         0	         0	         0	         0	         0	         0	          0	          0	          0	          0	         0	      0	          0	          0	          0	         0	   0	   0	   0	   0	      0	   0	   0	      0	#_340       
 2013	8.8	 8	2	0	1	16	16	      3	          0	   0	33.3333	    66.6667	       0	         0	         0	        0	        0	        0	        0	        0	        0	         0	         0	         0	         0	         0	         0	         0	         0	         0	         0	         0	          0	          0	          0	          0	          0	          0	          0	          0	          0	      0	         0	          0	          0	      0	          0	   0	          0	          0	   0	33.3333	   66.6667	          0	         0	         0	        0	        0	        0	        0	        0	         0	        0	        0	         0	         0	         0	         0	         0	         0	         0	         0	          0	          0	          0	          0	         0	      0	          0	          0	          0	         0	   0	   0	   0	   0	      0	   0	   0	      0	#_341       
 2013	8.8	 8	2	0	1	18	18	      7	          0	   0	      0	        100	       0	         0	         0	        0	        0	        0	        0	        0	        0	         0	         0	         0	         0	         0	         0	         0	         0	         0	         0	         0	          0	          0	          0	          0	          0	          0	          0	          0	          0	      0	         0	          0	          0	      0	          0	   0	          0	          0	   0	      0	       100	          0	         0	         0	        0	        0	        0	        0	        0	         0	        0	        0	         0	         0	         0	         0	         0	         0	         0	         0	          0	          0	          0	          0	         0	      0	          0	          0	          0	         0	   0	   0	   0	   0	      0	   0	   0	      0	#_342       
 2013	8.8	 8	2	0	1	20	20	      6	          0	   0	      0	        100	       0	         0	         0	        0	        0	        0	        0	        0	        0	         0	         0	         0	         0	         0	         0	         0	         0	         0	         0	         0	          0	          0	          0	          0	          0	          0	          0	          0	          0	      0	         0	          0	          0	      0	          0	   0	          0	          0	   0	      0	       100	          0	         0	         0	        0	        0	        0	        0	        0	         0	        0	        0	         0	         0	         0	         0	         0	         0	         0	         0	          0	          0	          0	          0	         0	      0	          0	          0	          0	         0	   0	   0	   0	   0	      0	   0	   0	      0	#_343       
 2013	8.8	 8	2	0	1	22	22	      2	          0	   0	      0	        100	       0	         0	         0	        0	        0	        0	        0	        0	        0	         0	         0	         0	         0	         0	         0	         0	         0	         0	         0	         0	          0	          0	          0	          0	          0	          0	          0	          0	          0	      0	         0	          0	          0	      0	          0	   0	          0	          0	   0	      0	       100	          0	         0	         0	        0	        0	        0	        0	        0	         0	        0	        0	         0	         0	         0	         0	         0	         0	         0	         0	          0	          0	          0	          0	         0	      0	          0	          0	          0	         0	   0	   0	   0	   0	      0	   0	   0	      0	#_344       
 2013	8.8	 8	2	0	1	24	24	     21	          0	   0	      0	    90.4762	  9.5238	         0	         0	        0	        0	        0	        0	        0	        0	         0	         0	         0	         0	         0	         0	         0	         0	         0	         0	         0	          0	          0	          0	          0	          0	          0	          0	          0	          0	      0	         0	          0	          0	      0	          0	   0	          0	          0	   0	      0	   90.4762	     9.5238	         0	         0	        0	        0	        0	        0	        0	         0	        0	        0	         0	         0	         0	         0	         0	         0	         0	         0	          0	          0	          0	          0	         0	      0	          0	          0	          0	         0	   0	   0	   0	   0	      0	   0	   0	      0	#_345       
 2013	8.8	 8	2	0	1	26	26	     11	          0	   0	      0	    72.7273	 27.2727	         0	         0	        0	        0	        0	        0	        0	        0	         0	         0	         0	         0	         0	         0	         0	         0	         0	         0	         0	          0	          0	          0	          0	          0	          0	          0	          0	          0	      0	         0	          0	          0	      0	          0	   0	          0	          0	   0	      0	   72.7273	    27.2727	         0	         0	        0	        0	        0	        0	        0	         0	        0	        0	         0	         0	         0	         0	         0	         0	         0	         0	          0	          0	          0	          0	         0	      0	          0	          0	          0	         0	   0	   0	   0	   0	      0	   0	   0	      0	#_346       
 2013	8.8	 8	2	0	1	28	28	     14	          0	   0	      0	    28.5714	 21.4286	   42.8571	    7.1429	        0	        0	        0	        0	        0	        0	         0	         0	         0	         0	         0	         0	         0	         0	         0	         0	         0	          0	          0	          0	          0	          0	          0	          0	          0	          0	      0	         0	          0	          0	      0	          0	   0	          0	          0	   0	      0	   28.5714	    21.4286	   42.8571	    7.1429	        0	        0	        0	        0	        0	         0	        0	        0	         0	         0	         0	         0	         0	         0	         0	         0	          0	          0	          0	          0	         0	      0	          0	          0	          0	         0	   0	   0	   0	   0	      0	   0	   0	      0	#_347       
 2013	8.8	 8	2	0	1	30	30	     10	          0	   0	      0	          0	      20	        50	        30	        0	        0	        0	        0	        0	        0	         0	         0	         0	         0	         0	         0	         0	         0	         0	         0	         0	          0	          0	          0	          0	          0	          0	          0	          0	          0	      0	         0	          0	          0	      0	          0	   0	          0	          0	   0	      0	         0	         20	        50	        30	        0	        0	        0	        0	        0	         0	        0	        0	         0	         0	         0	         0	         0	         0	         0	         0	          0	          0	          0	          0	         0	      0	          0	          0	          0	         0	   0	   0	   0	   0	      0	   0	   0	      0	#_348       
 2013	8.8	 8	2	0	1	32	32	      5	          0	   0	      0	          0	       0	        40	        60	        0	        0	        0	        0	        0	        0	         0	         0	         0	         0	         0	         0	         0	         0	         0	         0	         0	          0	          0	          0	          0	          0	          0	          0	          0	          0	      0	         0	          0	          0	      0	          0	   0	          0	          0	   0	      0	         0	          0	        40	        60	        0	        0	        0	        0	        0	         0	        0	        0	         0	         0	         0	         0	         0	         0	         0	         0	          0	          0	          0	          0	         0	      0	          0	          0	          0	         0	   0	   0	   0	   0	      0	   0	   0	      0	#_349       
 2013	8.8	 8	2	0	1	34	34	      2	          0	   0	      0	          0	       0	         0	       100	        0	        0	        0	        0	        0	        0	         0	         0	         0	         0	         0	         0	         0	         0	         0	         0	         0	          0	          0	          0	          0	          0	          0	          0	          0	          0	      0	         0	          0	          0	      0	          0	   0	          0	          0	   0	      0	         0	          0	         0	       100	        0	        0	        0	        0	        0	         0	        0	        0	         0	         0	         0	         0	         0	         0	         0	         0	          0	          0	          0	          0	         0	      0	          0	          0	          0	         0	   0	   0	   0	   0	      0	   0	   0	      0	#_350       
 2013	8.8	 8	2	0	1	36	36	      5	          0	   0	      0	          0	       0	         0	         0	       40	       40	       20	        0	        0	        0	         0	         0	         0	         0	         0	         0	         0	         0	         0	         0	         0	          0	          0	          0	          0	          0	          0	          0	          0	          0	      0	         0	          0	          0	      0	          0	   0	          0	          0	   0	      0	         0	          0	         0	         0	       40	       40	       20	        0	        0	         0	        0	        0	         0	         0	         0	         0	         0	         0	         0	         0	          0	          0	          0	          0	         0	      0	          0	          0	          0	         0	   0	   0	   0	   0	      0	   0	   0	      0	#_351       
 2013	8.8	 8	2	0	1	38	38	      7	          0	   0	      0	          0	       0	         0	         0	  14.2857	  28.5714	  14.2857	  14.2857	  14.2857	  14.2857	         0	         0	         0	         0	         0	         0	         0	         0	         0	         0	         0	          0	          0	          0	          0	          0	          0	          0	          0	          0	      0	         0	          0	          0	      0	          0	   0	          0	          0	   0	      0	         0	          0	         0	         0	  14.2857	  28.5714	  14.2857	  14.2857	  14.2857	   14.2857	        0	        0	         0	         0	         0	         0	         0	         0	         0	         0	          0	          0	          0	          0	         0	      0	          0	          0	          0	         0	   0	   0	   0	   0	      0	   0	   0	      0	#_352       
 2013	8.8	 8	2	0	1	40	40	      5	          0	   0	      0	          0	       0	         0	         0	        0	       20	        0	       20	        0	       20	        40	         0	         0	         0	         0	         0	         0	         0	         0	         0	         0	          0	          0	          0	          0	          0	          0	          0	          0	          0	      0	         0	          0	          0	      0	          0	   0	          0	          0	   0	      0	         0	          0	         0	         0	        0	       20	        0	       20	        0	        20	       40	        0	         0	         0	         0	         0	         0	         0	         0	         0	          0	          0	          0	          0	         0	      0	          0	          0	          0	         0	   0	   0	   0	   0	      0	   0	   0	      0	#_353       
 2013	8.8	 8	2	0	1	42	42	     17	          0	   0	      0	          0	       0	         0	         0	        0	        0	        0	        0	   5.8824	  17.6471	    5.8824	    5.8824	   17.6471	   17.6471	         0	   11.7647	         0	   11.7647	         0	         0	         0	          0	          0	          0	          0	          0	          0	     5.8824	          0	          0	      0	         0	          0	          0	      0	          0	   0	          0	          0	   0	      0	         0	          0	         0	         0	        0	        0	        0	        0	   5.8824	   17.6471	   5.8824	   5.8824	   17.6471	   17.6471	         0	   11.7647	         0	   11.7647	         0	         0	          0	          0	          0	          0	         0	      0	          0	     5.8824	          0	         0	   0	   0	   0	   0	      0	   0	   0	      0	#_354       
 2013	8.8	 8	2	0	1	44	44	     12	          0	   0	      0	          0	       0	         0	         0	        0	        0	        0	        0	        0	        0	         0	    8.3333	    8.3333	   16.6667	    8.3333	        25	    8.3333	         0	         0	        25	         0	          0	          0	          0	          0	          0	          0	          0	          0	          0	      0	         0	          0	          0	      0	          0	   0	          0	          0	   0	      0	         0	          0	         0	         0	        0	        0	        0	        0	        0	         0	        0	   8.3333	    8.3333	   16.6667	    8.3333	        25	    8.3333	         0	         0	        25	          0	          0	          0	          0	         0	      0	          0	          0	          0	         0	   0	   0	   0	   0	      0	   0	   0	      0	#_355       
 2013	8.8	 8	2	0	1	46	46	      1	          0	   0	      0	          0	       0	         0	         0	        0	        0	        0	        0	        0	        0	         0	         0	         0	         0	         0	         0	         0	       100	         0	         0	         0	          0	          0	          0	          0	          0	          0	          0	          0	          0	      0	         0	          0	          0	      0	          0	   0	          0	          0	   0	      0	         0	          0	         0	         0	        0	        0	        0	        0	        0	         0	        0	        0	         0	         0	         0	         0	         0	       100	         0	         0	          0	          0	          0	          0	         0	      0	          0	          0	          0	         0	   0	   0	   0	   0	      0	   0	   0	      0	#_356       
 2014	8.8	 8	1	0	1	28	28	      4	          0	   0	      0	          0	     100	         0	         0	        0	        0	        0	        0	        0	        0	         0	         0	         0	         0	         0	         0	         0	         0	         0	         0	         0	          0	          0	          0	          0	          0	          0	          0	          0	          0	      0	         0	          0	          0	      0	          0	   0	          0	          0	   0	      0	         0	        100	         0	         0	        0	        0	        0	        0	        0	         0	        0	        0	         0	         0	         0	         0	         0	         0	         0	         0	          0	          0	          0	          0	         0	      0	          0	          0	          0	         0	   0	   0	   0	   0	      0	   0	   0	      0	#_357       
 2014	8.8	 8	1	0	1	30	30	     16	          0	   0	      0	          0	   81.25	         0	      12.5	        0	     6.25	        0	        0	        0	        0	         0	         0	         0	         0	         0	         0	         0	         0	         0	         0	         0	          0	          0	          0	          0	          0	          0	          0	          0	          0	      0	         0	          0	          0	      0	          0	   0	          0	          0	   0	      0	         0	      81.25	         0	      12.5	        0	     6.25	        0	        0	        0	         0	        0	        0	         0	         0	         0	         0	         0	         0	         0	         0	          0	          0	          0	          0	         0	      0	          0	          0	          0	         0	   0	   0	   0	   0	      0	   0	   0	      0	#_358       
 2014	8.8	 8	1	0	1	32	32	     10	          0	   0	      0	          0	      50	         0	        50	        0	        0	        0	        0	        0	        0	         0	         0	         0	         0	         0	         0	         0	         0	         0	         0	         0	          0	          0	          0	          0	          0	          0	          0	          0	          0	      0	         0	          0	          0	      0	          0	   0	          0	          0	   0	      0	         0	         50	         0	        50	        0	        0	        0	        0	        0	         0	        0	        0	         0	         0	         0	         0	         0	         0	         0	         0	          0	          0	          0	          0	         0	      0	          0	          0	          0	         0	   0	   0	   0	   0	      0	   0	   0	      0	#_359       
 2014	8.8	 8	1	0	1	34	34	      7	          0	   0	      0	          0	 14.2857	   14.2857	   42.8571	  14.2857	  14.2857	        0	        0	        0	        0	         0	         0	         0	         0	         0	         0	         0	         0	         0	         0	         0	          0	          0	          0	          0	          0	          0	          0	          0	          0	      0	         0	          0	          0	      0	          0	   0	          0	          0	   0	      0	         0	    14.2857	   14.2857	   42.8571	  14.2857	  14.2857	        0	        0	        0	         0	        0	        0	         0	         0	         0	         0	         0	         0	         0	         0	          0	          0	          0	          0	         0	      0	          0	          0	          0	         0	   0	   0	   0	   0	      0	   0	   0	      0	#_360       
 2014	8.8	 8	1	0	1	36	36	      6	          0	   0	      0	          0	       0	   16.6667	        50	        0	  33.3333	        0	        0	        0	        0	         0	         0	         0	         0	         0	         0	         0	         0	         0	         0	         0	          0	          0	          0	          0	          0	          0	          0	          0	          0	      0	         0	          0	          0	      0	          0	   0	          0	          0	   0	      0	         0	          0	   16.6667	        50	        0	  33.3333	        0	        0	        0	         0	        0	        0	         0	         0	         0	         0	         0	         0	         0	         0	          0	          0	          0	          0	         0	      0	          0	          0	          0	         0	   0	   0	   0	   0	      0	   0	   0	      0	#_361       
 2014	8.8	 8	1	0	1	38	38	      9	          0	   0	      0	          0	       0	   11.1111	   44.4444	  11.1111	  33.3333	        0	        0	        0	        0	         0	         0	         0	         0	         0	         0	         0	         0	         0	         0	         0	          0	          0	          0	          0	          0	          0	          0	          0	          0	      0	         0	          0	          0	      0	          0	   0	          0	          0	   0	      0	         0	          0	   11.1111	   44.4444	  11.1111	  33.3333	        0	        0	        0	         0	        0	        0	         0	         0	         0	         0	         0	         0	         0	         0	          0	          0	          0	          0	         0	      0	          0	          0	          0	         0	   0	   0	   0	   0	      0	   0	   0	      0	#_362       
 2014	8.8	 8	1	0	1	40	40	     13	          0	   0	      0	          0	       0	         0	   23.0769	   7.6923	  23.0769	  23.0769	   7.6923	  15.3846	        0	         0	         0	         0	         0	         0	         0	         0	         0	         0	         0	         0	          0	          0	          0	          0	          0	          0	          0	          0	          0	      0	         0	          0	          0	      0	          0	   0	          0	          0	   0	      0	         0	          0	         0	   23.0769	   7.6923	  23.0769	  23.0769	   7.6923	  15.3846	         0	        0	        0	         0	         0	         0	         0	         0	         0	         0	         0	          0	          0	          0	          0	         0	      0	          0	          0	          0	         0	   0	   0	   0	   0	      0	   0	   0	      0	#_363       
 2014	8.8	 8	1	0	1	42	42	      5	          0	   0	      0	          0	       0	         0	        20	        0	        0	       40	       20	        0	       20	         0	         0	         0	         0	         0	         0	         0	         0	         0	         0	         0	          0	          0	          0	          0	          0	          0	          0	          0	          0	      0	         0	          0	          0	      0	          0	   0	          0	          0	   0	      0	         0	          0	         0	        20	        0	        0	       40	       20	        0	        20	        0	        0	         0	         0	         0	         0	         0	         0	         0	         0	          0	          0	          0	          0	         0	      0	          0	          0	          0	         0	   0	   0	   0	   0	      0	   0	   0	      0	#_364       
 2014	8.8	 8	1	0	1	44	44	     14	          0	   0	      0	          0	       0	         0	         0	        0	        0	   7.1429	  14.2857	  14.2857	  21.4286	    7.1429	   21.4286	    7.1429	    7.1429	         0	         0	         0	         0	         0	         0	         0	          0	          0	          0	          0	          0	          0	          0	          0	          0	      0	         0	          0	          0	      0	          0	   0	          0	          0	   0	      0	         0	          0	         0	         0	        0	        0	   7.1429	  14.2857	  14.2857	   21.4286	   7.1429	  21.4286	    7.1429	    7.1429	         0	         0	         0	         0	         0	         0	          0	          0	          0	          0	         0	      0	          0	          0	          0	         0	   0	   0	   0	   0	      0	   0	   0	      0	#_365       
 2014	8.8	 8	1	0	1	46	46	     14	          0	   0	      0	          0	       0	         0	         0	        0	        0	        0	        0	  14.2857	  14.2857	    7.1429	   28.5714	   28.5714	         0	         0	    7.1429	         0	         0	         0	         0	         0	          0	          0	          0	          0	          0	          0	          0	          0	          0	      0	         0	          0	          0	      0	          0	   0	          0	          0	   0	      0	         0	          0	         0	         0	        0	        0	        0	        0	  14.2857	   14.2857	   7.1429	  28.5714	   28.5714	         0	         0	    7.1429	         0	         0	         0	         0	          0	          0	          0	          0	         0	      0	          0	          0	          0	         0	   0	   0	   0	   0	      0	   0	   0	      0	#_366       
 2014	8.8	 8	1	0	1	48	48	     12	          0	   0	      0	          0	       0	         0	         0	        0	        0	        0	        0	        0	   8.3333	   16.6667	    8.3333	    8.3333	    8.3333	         0	        25	    8.3333	         0	         0	         0	         0	          0	          0	     8.3333	          0	          0	          0	     8.3333	          0	          0	      0	         0	          0	          0	      0	          0	   0	          0	          0	   0	      0	         0	          0	         0	         0	        0	        0	        0	        0	        0	    8.3333	  16.6667	   8.3333	    8.3333	    8.3333	         0	        25	    8.3333	         0	         0	         0	          0	          0	          0	     8.3333	         0	      0	          0	     8.3333	          0	         0	   0	   0	   0	   0	      0	   0	   0	      0	#_367       
 2014	8.8	 8	1	0	1	50	50	      2	          0	   0	      0	          0	       0	         0	         0	        0	        0	        0	        0	        0	        0	         0	         0	        50	         0	         0	         0	         0	         0	         0	         0	         0	          0	          0	          0	          0	          0	          0	         50	          0	          0	      0	         0	          0	          0	      0	          0	   0	          0	          0	   0	      0	         0	          0	         0	         0	        0	        0	        0	        0	        0	         0	        0	        0	        50	         0	         0	         0	         0	         0	         0	         0	          0	          0	          0	          0	         0	      0	          0	         50	          0	         0	   0	   0	   0	   0	      0	   0	   0	      0	#_368       
 2014	8.8	 8	1	0	1	52	52	      1	          0	   0	      0	          0	       0	         0	         0	        0	        0	        0	        0	        0	        0	         0	         0	         0	         0	         0	         0	         0	         0	         0	         0	         0	          0	          0	        100	          0	          0	          0	          0	          0	          0	      0	         0	          0	          0	      0	          0	   0	          0	          0	   0	      0	         0	          0	         0	         0	        0	        0	        0	        0	        0	         0	        0	        0	         0	         0	         0	         0	         0	         0	         0	         0	          0	          0	          0	        100	         0	      0	          0	          0	          0	         0	   0	   0	   0	   0	      0	   0	   0	      0	#_369       
 2014	8.8	 8	2	0	1	22	22	      1	          0	   0	      0	          0	     100	         0	         0	        0	        0	        0	        0	        0	        0	         0	         0	         0	         0	         0	         0	         0	         0	         0	         0	         0	          0	          0	          0	          0	          0	          0	          0	          0	          0	      0	         0	          0	          0	      0	          0	   0	          0	          0	   0	      0	         0	        100	         0	         0	        0	        0	        0	        0	        0	         0	        0	        0	         0	         0	         0	         0	         0	         0	         0	         0	          0	          0	          0	          0	         0	      0	          0	          0	          0	         0	   0	   0	   0	   0	      0	   0	   0	      0	#_370       
 2014	8.8	 8	2	0	1	26	26	      2	          0	   0	      0	          0	      50	         0	        50	        0	        0	        0	        0	        0	        0	         0	         0	         0	         0	         0	         0	         0	         0	         0	         0	         0	          0	          0	          0	          0	          0	          0	          0	          0	          0	      0	         0	          0	          0	      0	          0	   0	          0	          0	   0	      0	         0	         50	         0	        50	        0	        0	        0	        0	        0	         0	        0	        0	         0	         0	         0	         0	         0	         0	         0	         0	          0	          0	          0	          0	         0	      0	          0	          0	          0	         0	   0	   0	   0	   0	      0	   0	   0	      0	#_371       
 2014	8.8	 8	2	0	1	28	28	      5	          0	   0	      0	          0	     100	         0	         0	        0	        0	        0	        0	        0	        0	         0	         0	         0	         0	         0	         0	         0	         0	         0	         0	         0	          0	          0	          0	          0	          0	          0	          0	          0	          0	      0	         0	          0	          0	      0	          0	   0	          0	          0	   0	      0	         0	        100	         0	         0	        0	        0	        0	        0	        0	         0	        0	        0	         0	         0	         0	         0	         0	         0	         0	         0	          0	          0	          0	          0	         0	      0	          0	          0	          0	         0	   0	   0	   0	   0	      0	   0	   0	      0	#_372       
 2014	8.8	 8	2	0	1	30	30	     27	          0	   0	      0	          0	 55.5556	    7.4074	   33.3333	   3.7037	        0	        0	        0	        0	        0	         0	         0	         0	         0	         0	         0	         0	         0	         0	         0	         0	          0	          0	          0	          0	          0	          0	          0	          0	          0	      0	         0	          0	          0	      0	          0	   0	          0	          0	   0	      0	         0	    55.5556	    7.4074	   33.3333	   3.7037	        0	        0	        0	        0	         0	        0	        0	         0	         0	         0	         0	         0	         0	         0	         0	          0	          0	          0	          0	         0	      0	          0	          0	          0	         0	   0	   0	   0	   0	      0	   0	   0	      0	#_373       
 2014	8.8	 8	2	0	1	32	32	     23	          0	   0	      0	          0	 34.7826	    8.6957	   52.1739	   4.3478	        0	        0	        0	        0	        0	         0	         0	         0	         0	         0	         0	         0	         0	         0	         0	         0	          0	          0	          0	          0	          0	          0	          0	          0	          0	      0	         0	          0	          0	      0	          0	   0	          0	          0	   0	      0	         0	    34.7826	    8.6957	   52.1739	   4.3478	        0	        0	        0	        0	         0	        0	        0	         0	         0	         0	         0	         0	         0	         0	         0	          0	          0	          0	          0	         0	      0	          0	          0	          0	         0	   0	   0	   0	   0	      0	   0	   0	      0	#_374       
 2014	8.8	 8	2	0	1	34	34	      9	          0	   0	      0	          0	       0	   11.1111	   66.6667	  11.1111	  11.1111	        0	        0	        0	        0	         0	         0	         0	         0	         0	         0	         0	         0	         0	         0	         0	          0	          0	          0	          0	          0	          0	          0	          0	          0	      0	         0	          0	          0	      0	          0	   0	          0	          0	   0	      0	         0	          0	   11.1111	   66.6667	  11.1111	  11.1111	        0	        0	        0	         0	        0	        0	         0	         0	         0	         0	         0	         0	         0	         0	          0	          0	          0	          0	         0	      0	          0	          0	          0	         0	   0	   0	   0	   0	      0	   0	   0	      0	#_375       
 2014	8.8	 8	2	0	1	36	36	     10	          0	   0	      0	          0	       0	        20	        20	       10	       20	       10	       20	        0	        0	         0	         0	         0	         0	         0	         0	         0	         0	         0	         0	         0	          0	          0	          0	          0	          0	          0	          0	          0	          0	      0	         0	          0	          0	      0	          0	   0	          0	          0	   0	      0	         0	          0	        20	        20	       10	       20	       10	       20	        0	         0	        0	        0	         0	         0	         0	         0	         0	         0	         0	         0	          0	          0	          0	          0	         0	      0	          0	          0	          0	         0	   0	   0	   0	   0	      0	   0	   0	      0	#_376       
 2014	8.8	 8	2	0	1	38	38	     14	          0	   0	      0	          0	       0	    7.1429	    7.1429	  21.4286	  42.8571	   7.1429	   7.1429	        0	   7.1429	         0	         0	         0	         0	         0	         0	         0	         0	         0	         0	         0	          0	          0	          0	          0	          0	          0	          0	          0	          0	      0	         0	          0	          0	      0	          0	   0	          0	          0	   0	      0	         0	          0	    7.1429	    7.1429	  21.4286	  42.8571	   7.1429	   7.1429	        0	    7.1429	        0	        0	         0	         0	         0	         0	         0	         0	         0	         0	          0	          0	          0	          0	         0	      0	          0	          0	          0	         0	   0	   0	   0	   0	      0	   0	   0	      0	#_377       
 2014	8.8	 8	2	0	1	40	40	     17	          0	   0	      0	          0	       0	         0	         0	  11.7647	  11.7647	  17.6471	   5.8824	  11.7647	  17.6471	   17.6471	         0	    5.8824	         0	         0	         0	         0	         0	         0	         0	         0	          0	          0	          0	          0	          0	          0	          0	          0	          0	      0	         0	          0	          0	      0	          0	   0	          0	          0	   0	      0	         0	          0	         0	         0	  11.7647	  11.7647	  17.6471	   5.8824	  11.7647	   17.6471	  17.6471	        0	    5.8824	         0	         0	         0	         0	         0	         0	         0	          0	          0	          0	          0	         0	      0	          0	          0	          0	         0	   0	   0	   0	   0	      0	   0	   0	      0	#_378       
 2014	8.8	 8	2	0	1	42	42	     16	          0	   0	      0	          0	       0	         0	         0	        0	        0	     12.5	     12.5	     12.5	    18.75	      12.5	      6.25	     18.75	      6.25	         0	         0	         0	         0	         0	         0	         0	          0	          0	          0	          0	          0	          0	          0	          0	          0	      0	         0	          0	          0	      0	          0	   0	          0	          0	   0	      0	         0	          0	         0	         0	        0	        0	     12.5	     12.5	     12.5	     18.75	     12.5	     6.25	     18.75	      6.25	         0	         0	         0	         0	         0	         0	          0	          0	          0	          0	         0	      0	          0	          0	          0	         0	   0	   0	   0	   0	      0	   0	   0	      0	#_379       
 2014	8.8	 8	2	0	1	44	44	     17	          0	   0	      0	          0	       0	         0	         0	        0	        0	        0	   5.8824	   5.8824	   5.8824	    5.8824	   11.7647	   17.6471	   17.6471	    5.8824	    5.8824	   11.7647	         0	         0	         0	    5.8824	          0	          0	          0	          0	          0	          0	          0	          0	          0	      0	         0	          0	          0	      0	          0	   0	          0	          0	   0	      0	         0	          0	         0	         0	        0	        0	        0	   5.8824	   5.8824	    5.8824	   5.8824	  11.7647	   17.6471	   17.6471	    5.8824	    5.8824	   11.7647	         0	         0	         0	     5.8824	          0	          0	          0	         0	      0	          0	          0	          0	         0	   0	   0	   0	   0	      0	   0	   0	      0	#_380       
 2014	8.8	 8	2	0	1	46	46	      4	          0	   0	      0	          0	       0	         0	         0	        0	        0	        0	        0	        0	        0	         0	        25	         0	         0	        25	         0	        25	         0	        25	         0	         0	          0	          0	          0	          0	          0	          0	          0	          0	          0	      0	         0	          0	          0	      0	          0	   0	          0	          0	   0	      0	         0	          0	         0	         0	        0	        0	        0	        0	        0	         0	        0	       25	         0	         0	        25	         0	        25	         0	        25	         0	          0	          0	          0	          0	         0	      0	          0	          0	          0	         0	   0	   0	   0	   0	      0	   0	   0	      0	#_381       
 2014	8.8	 8	2	0	1	48	48	      2	          0	   0	      0	          0	       0	         0	         0	        0	        0	        0	        0	        0	        0	         0	         0	         0	         0	        50	         0	         0	         0	         0	         0	         0	          0	         50	          0	          0	          0	          0	          0	          0	          0	      0	         0	          0	          0	      0	          0	   0	          0	          0	   0	      0	         0	          0	         0	         0	        0	        0	        0	        0	        0	         0	        0	        0	         0	         0	        50	         0	         0	         0	         0	         0	          0	          0	         50	          0	         0	      0	          0	          0	          0	         0	   0	   0	   0	   0	      0	   0	   0	      0	#_382       
 2014	8.8	 8	2	0	1	50	50	      2	          0	   0	      0	          0	       0	         0	         0	        0	        0	        0	        0	        0	        0	         0	         0	         0	         0	         0	         0	        50	         0	         0	         0	         0	          0	          0	          0	          0	          0	          0	          0	         50	          0	      0	         0	          0	          0	      0	          0	   0	          0	          0	   0	      0	         0	          0	         0	         0	        0	        0	        0	        0	        0	         0	        0	        0	         0	         0	         0	         0	        50	         0	         0	         0	          0	          0	          0	          0	         0	      0	          0	          0	         50	         0	   0	   0	   0	   0	      0	   0	   0	      0	#_383       
 2015	8.8	 8	1	0	1	24	24	      1	          0	   0	    100	          0	       0	         0	         0	        0	        0	        0	        0	        0	        0	         0	         0	         0	         0	         0	         0	         0	         0	         0	         0	         0	          0	          0	          0	          0	          0	          0	          0	          0	          0	      0	         0	          0	          0	      0	          0	   0	          0	          0	   0	    100	         0	          0	         0	         0	        0	        0	        0	        0	        0	         0	        0	        0	         0	         0	         0	         0	         0	         0	         0	         0	          0	          0	          0	          0	         0	      0	          0	          0	          0	         0	   0	   0	   0	   0	      0	   0	   0	      0	#_384       
 2015	8.8	 8	1	0	1	32	32	      2	          0	   0	      0	          0	       0	       100	         0	        0	        0	        0	        0	        0	        0	         0	         0	         0	         0	         0	         0	         0	         0	         0	         0	         0	          0	          0	          0	          0	          0	          0	          0	          0	          0	      0	         0	          0	          0	      0	          0	   0	          0	          0	   0	      0	         0	          0	       100	         0	        0	        0	        0	        0	        0	         0	        0	        0	         0	         0	         0	         0	         0	         0	         0	         0	          0	          0	          0	          0	         0	      0	          0	          0	          0	         0	   0	   0	   0	   0	      0	   0	   0	      0	#_385       
 2015	8.8	 8	1	0	1	36	36	      3	          0	   0	      0	          0	       0	         0	         0	      100	        0	        0	        0	        0	        0	         0	         0	         0	         0	         0	         0	         0	         0	         0	         0	         0	          0	          0	          0	          0	          0	          0	          0	          0	          0	      0	         0	          0	          0	      0	          0	   0	          0	          0	   0	      0	         0	          0	         0	         0	      100	        0	        0	        0	        0	         0	        0	        0	         0	         0	         0	         0	         0	         0	         0	         0	          0	          0	          0	          0	         0	      0	          0	          0	          0	         0	   0	   0	   0	   0	      0	   0	   0	      0	#_386       
 2015	8.8	 8	1	0	1	38	38	      6	          0	   0	      0	          0	       0	         0	   16.6667	       50	  16.6667	  16.6667	        0	        0	        0	         0	         0	         0	         0	         0	         0	         0	         0	         0	         0	         0	          0	          0	          0	          0	          0	          0	          0	          0	          0	      0	         0	          0	          0	      0	          0	   0	          0	          0	   0	      0	         0	          0	         0	   16.6667	       50	  16.6667	  16.6667	        0	        0	         0	        0	        0	         0	         0	         0	         0	         0	         0	         0	         0	          0	          0	          0	          0	         0	      0	          0	          0	          0	         0	   0	   0	   0	   0	      0	   0	   0	      0	#_387       
 2015	8.8	 8	1	0	1	40	40	      4	          0	   0	      0	          0	       0	         0	         0	       50	       25	        0	       25	        0	        0	         0	         0	         0	         0	         0	         0	         0	         0	         0	         0	         0	          0	          0	          0	          0	          0	          0	          0	          0	          0	      0	         0	          0	          0	      0	          0	   0	          0	          0	   0	      0	         0	          0	         0	         0	       50	       25	        0	       25	        0	         0	        0	        0	         0	         0	         0	         0	         0	         0	         0	         0	          0	          0	          0	          0	         0	      0	          0	          0	          0	         0	   0	   0	   0	   0	      0	   0	   0	      0	#_388       
 2015	8.8	 8	1	0	1	42	42	      4	          0	   0	      0	          0	       0	         0	         0	        0	        0	       50	        0	        0	       25	        25	         0	         0	         0	         0	         0	         0	         0	         0	         0	         0	          0	          0	          0	          0	          0	          0	          0	          0	          0	      0	         0	          0	          0	      0	          0	   0	          0	          0	   0	      0	         0	          0	         0	         0	        0	        0	       50	        0	        0	        25	       25	        0	         0	         0	         0	         0	         0	         0	         0	         0	          0	          0	          0	          0	         0	      0	          0	          0	          0	         0	   0	   0	   0	   0	      0	   0	   0	      0	#_389       
 2015	8.8	 8	1	0	1	44	44	      6	          0	   0	      0	          0	       0	         0	         0	        0	        0	        0	  16.6667	  33.3333	  16.6667	   16.6667	   16.6667	         0	         0	         0	         0	         0	         0	         0	         0	         0	          0	          0	          0	          0	          0	          0	          0	          0	          0	      0	         0	          0	          0	      0	          0	   0	          0	          0	   0	      0	         0	          0	         0	         0	        0	        0	        0	  16.6667	  33.3333	   16.6667	  16.6667	  16.6667	         0	         0	         0	         0	         0	         0	         0	         0	          0	          0	          0	          0	         0	      0	          0	          0	          0	         0	   0	   0	   0	   0	      0	   0	   0	      0	#_390       
 2015	8.8	 8	1	0	1	46	46	      7	          0	   0	      0	          0	       0	         0	         0	        0	        0	        0	        0	  14.2857	        0	         0	   42.8571	         0	   28.5714	         0	   14.2857	         0	         0	         0	         0	         0	          0	          0	          0	          0	          0	          0	          0	          0	          0	      0	         0	          0	          0	      0	          0	   0	          0	          0	   0	      0	         0	          0	         0	         0	        0	        0	        0	        0	  14.2857	         0	        0	  42.8571	         0	   28.5714	         0	   14.2857	         0	         0	         0	         0	          0	          0	          0	          0	         0	      0	          0	          0	          0	         0	   0	   0	   0	   0	      0	   0	   0	      0	#_391       
 2015	8.8	 8	1	0	1	48	48	      5	          0	   0	      0	          0	       0	         0	         0	        0	        0	        0	        0	        0	        0	         0	         0	        20	        40	         0	        20	        20	         0	         0	         0	         0	          0	          0	          0	          0	          0	          0	          0	          0	          0	      0	         0	          0	          0	      0	          0	   0	          0	          0	   0	      0	         0	          0	         0	         0	        0	        0	        0	        0	        0	         0	        0	        0	        20	        40	         0	        20	        20	         0	         0	         0	          0	          0	          0	          0	         0	      0	          0	          0	          0	         0	   0	   0	   0	   0	      0	   0	   0	      0	#_392       
 2015	8.8	 8	1	0	1	50	50	      8	          0	   0	      0	          0	       0	         0	         0	        0	        0	        0	        0	        0	        0	         0	         0	         0	         0	         0	         0	        25	        25	      12.5	         0	         0	       12.5	       12.5	       12.5	          0	          0	          0	          0	          0	          0	      0	         0	          0	          0	      0	          0	   0	          0	          0	   0	      0	         0	          0	         0	         0	        0	        0	        0	        0	        0	         0	        0	        0	         0	         0	         0	         0	        25	        25	      12.5	         0	          0	       12.5	       12.5	       12.5	         0	      0	          0	          0	          0	         0	   0	   0	   0	   0	      0	   0	   0	      0	#_393       
 2015	8.8	 8	1	0	1	52	52	      1	          0	   0	      0	          0	       0	         0	         0	        0	        0	        0	        0	        0	        0	         0	         0	         0	         0	         0	         0	         0	         0	         0	         0	         0	          0	        100	          0	          0	          0	          0	          0	          0	          0	      0	         0	          0	          0	      0	          0	   0	          0	          0	   0	      0	         0	          0	         0	         0	        0	        0	        0	        0	        0	         0	        0	        0	         0	         0	         0	         0	         0	         0	         0	         0	          0	          0	        100	          0	         0	      0	          0	          0	          0	         0	   0	   0	   0	   0	      0	   0	   0	      0	#_394       
 2015	8.8	 8	1	0	1	54	54	      1	          0	   0	      0	          0	       0	         0	         0	        0	        0	        0	        0	        0	        0	         0	         0	         0	         0	         0	         0	         0	         0	         0	         0	         0	          0	          0	          0	          0	          0	          0	          0	          0	        100	      0	         0	          0	          0	      0	          0	   0	          0	          0	   0	      0	         0	          0	         0	         0	        0	        0	        0	        0	        0	         0	        0	        0	         0	         0	         0	         0	         0	         0	         0	         0	          0	          0	          0	          0	         0	      0	          0	          0	          0	       100	   0	   0	   0	   0	      0	   0	   0	      0	#_395       
 2015	8.8	 8	2	0	1	34	34	      1	          0	   0	      0	          0	       0	       100	         0	        0	        0	        0	        0	        0	        0	         0	         0	         0	         0	         0	         0	         0	         0	         0	         0	         0	          0	          0	          0	          0	          0	          0	          0	          0	          0	      0	         0	          0	          0	      0	          0	   0	          0	          0	   0	      0	         0	          0	       100	         0	        0	        0	        0	        0	        0	         0	        0	        0	         0	         0	         0	         0	         0	         0	         0	         0	          0	          0	          0	          0	         0	      0	          0	          0	          0	         0	   0	   0	   0	   0	      0	   0	   0	      0	#_396       
 2015	8.8	 8	2	0	1	36	36	      2	          0	   0	      0	          0	       0	         0	         0	       50	       50	        0	        0	        0	        0	         0	         0	         0	         0	         0	         0	         0	         0	         0	         0	         0	          0	          0	          0	          0	          0	          0	          0	          0	          0	      0	         0	          0	          0	      0	          0	   0	          0	          0	   0	      0	         0	          0	         0	         0	       50	       50	        0	        0	        0	         0	        0	        0	         0	         0	         0	         0	         0	         0	         0	         0	          0	          0	          0	          0	         0	      0	          0	          0	          0	         0	   0	   0	   0	   0	      0	   0	   0	      0	#_397       
 2015	8.8	 8	2	0	1	38	38	      8	          0	   0	      0	          0	       0	         0	         0	     12.5	     12.5	       50	        0	        0	       25	         0	         0	         0	         0	         0	         0	         0	         0	         0	         0	         0	          0	          0	          0	          0	          0	          0	          0	          0	          0	      0	         0	          0	          0	      0	          0	   0	          0	          0	   0	      0	         0	          0	         0	         0	     12.5	     12.5	       50	        0	        0	        25	        0	        0	         0	         0	         0	         0	         0	         0	         0	         0	          0	          0	          0	          0	         0	      0	          0	          0	          0	         0	   0	   0	   0	   0	      0	   0	   0	      0	#_398       
 2015	8.8	 8	2	0	1	40	40	      3	          0	   0	      0	          0	       0	         0	         0	        0	        0	        0	        0	      100	        0	         0	         0	         0	         0	         0	         0	         0	         0	         0	         0	         0	          0	          0	          0	          0	          0	          0	          0	          0	          0	      0	         0	          0	          0	      0	          0	   0	          0	          0	   0	      0	         0	          0	         0	         0	        0	        0	        0	        0	      100	         0	        0	        0	         0	         0	         0	         0	         0	         0	         0	         0	          0	          0	          0	          0	         0	      0	          0	          0	          0	         0	   0	   0	   0	   0	      0	   0	   0	      0	#_399       
 2015	8.8	 8	2	0	1	42	42	      8	          0	   0	      0	          0	       0	         0	         0	        0	        0	        0	        0	        0	     12.5	        25	      12.5	         0	        25	      12.5	         0	         0	         0	         0	      12.5	         0	          0	          0	          0	          0	          0	          0	          0	          0	          0	      0	         0	          0	          0	      0	          0	   0	          0	          0	   0	      0	         0	          0	         0	         0	        0	        0	        0	        0	        0	      12.5	       25	     12.5	         0	        25	      12.5	         0	         0	         0	         0	      12.5	          0	          0	          0	          0	         0	      0	          0	          0	          0	         0	   0	   0	   0	   0	      0	   0	   0	      0	#_400       
 2015	8.8	 8	2	0	1	44	44	      5	          0	   0	      0	          0	       0	         0	         0	        0	        0	        0	        0	        0	        0	        20	         0	         0	        40	         0	        20	         0	         0	         0	        20	         0	          0	          0	          0	          0	          0	          0	          0	          0	          0	      0	         0	          0	          0	      0	          0	   0	          0	          0	   0	      0	         0	          0	         0	         0	        0	        0	        0	        0	        0	         0	       20	        0	         0	        40	         0	        20	         0	         0	         0	        20	          0	          0	          0	          0	         0	      0	          0	          0	          0	         0	   0	   0	   0	   0	      0	   0	   0	      0	#_401       
 2016	8.8	 8	1	0	1	20	20	      1	          0	   0	      0	        100	       0	         0	         0	        0	        0	        0	        0	        0	        0	         0	         0	         0	         0	         0	         0	         0	         0	         0	         0	         0	          0	          0	          0	          0	          0	          0	          0	          0	          0	      0	         0	          0	          0	      0	          0	   0	          0	          0	   0	      0	       100	          0	         0	         0	        0	        0	        0	        0	        0	         0	        0	        0	         0	         0	         0	         0	         0	         0	         0	         0	          0	          0	          0	          0	         0	      0	          0	          0	          0	         0	   0	   0	   0	   0	      0	   0	   0	      0	#_402       
 2016	8.8	 8	1	0	1	22	22	      7	          0	   0	      0	        100	       0	         0	         0	        0	        0	        0	        0	        0	        0	         0	         0	         0	         0	         0	         0	         0	         0	         0	         0	         0	          0	          0	          0	          0	          0	          0	          0	          0	          0	      0	         0	          0	          0	      0	          0	   0	          0	          0	   0	      0	       100	          0	         0	         0	        0	        0	        0	        0	        0	         0	        0	        0	         0	         0	         0	         0	         0	         0	         0	         0	          0	          0	          0	          0	         0	      0	          0	          0	          0	         0	   0	   0	   0	   0	      0	   0	   0	      0	#_403       
 2016	8.8	 8	1	0	1	24	24	     11	          0	   0	      0	        100	       0	         0	         0	        0	        0	        0	        0	        0	        0	         0	         0	         0	         0	         0	         0	         0	         0	         0	         0	         0	          0	          0	          0	          0	          0	          0	          0	          0	          0	      0	         0	          0	          0	      0	          0	   0	          0	          0	   0	      0	       100	          0	         0	         0	        0	        0	        0	        0	        0	         0	        0	        0	         0	         0	         0	         0	         0	         0	         0	         0	          0	          0	          0	          0	         0	      0	          0	          0	          0	         0	   0	   0	   0	   0	      0	   0	   0	      0	#_404       
 2016	8.8	 8	1	0	1	26	26	     16	          0	   0	      0	        100	       0	         0	         0	        0	        0	        0	        0	        0	        0	         0	         0	         0	         0	         0	         0	         0	         0	         0	         0	         0	          0	          0	          0	          0	          0	          0	          0	          0	          0	      0	         0	          0	          0	      0	          0	   0	          0	          0	   0	      0	       100	          0	         0	         0	        0	        0	        0	        0	        0	         0	        0	        0	         0	         0	         0	         0	         0	         0	         0	         0	          0	          0	          0	          0	         0	      0	          0	          0	          0	         0	   0	   0	   0	   0	      0	   0	   0	      0	#_405       
 2016	8.8	 8	1	0	1	28	28	     12	          0	   0	      0	        100	       0	         0	         0	        0	        0	        0	        0	        0	        0	         0	         0	         0	         0	         0	         0	         0	         0	         0	         0	         0	          0	          0	          0	          0	          0	          0	          0	          0	          0	      0	         0	          0	          0	      0	          0	   0	          0	          0	   0	      0	       100	          0	         0	         0	        0	        0	        0	        0	        0	         0	        0	        0	         0	         0	         0	         0	         0	         0	         0	         0	          0	          0	          0	          0	         0	      0	          0	          0	          0	         0	   0	   0	   0	   0	      0	   0	   0	      0	#_406       
 2016	8.8	 8	1	0	1	30	30	      8	          0	   0	      0	         25	    12.5	        50	      12.5	        0	        0	        0	        0	        0	        0	         0	         0	         0	         0	         0	         0	         0	         0	         0	         0	         0	          0	          0	          0	          0	          0	          0	          0	          0	          0	      0	         0	          0	          0	      0	          0	   0	          0	          0	   0	      0	        25	       12.5	        50	      12.5	        0	        0	        0	        0	        0	         0	        0	        0	         0	         0	         0	         0	         0	         0	         0	         0	          0	          0	          0	          0	         0	      0	          0	          0	          0	         0	   0	   0	   0	   0	      0	   0	   0	      0	#_407       
 2016	8.8	 8	1	0	1	32	32	     17	          0	   0	      0	          0	  5.8824	   17.6471	   76.4706	        0	        0	        0	        0	        0	        0	         0	         0	         0	         0	         0	         0	         0	         0	         0	         0	         0	          0	          0	          0	          0	          0	          0	          0	          0	          0	      0	         0	          0	          0	      0	          0	   0	          0	          0	   0	      0	         0	     5.8824	   17.6471	   76.4706	        0	        0	        0	        0	        0	         0	        0	        0	         0	         0	         0	         0	         0	         0	         0	         0	          0	          0	          0	          0	         0	      0	          0	          0	          0	         0	   0	   0	   0	   0	      0	   0	   0	      0	#_408       
 2016	8.8	 8	1	0	1	34	34	     16	          0	   0	      0	          0	       0	      37.5	     56.25	        0	     6.25	        0	        0	        0	        0	         0	         0	         0	         0	         0	         0	         0	         0	         0	         0	         0	          0	          0	          0	          0	          0	          0	          0	          0	          0	      0	         0	          0	          0	      0	          0	   0	          0	          0	   0	      0	         0	          0	      37.5	     56.25	        0	     6.25	        0	        0	        0	         0	        0	        0	         0	         0	         0	         0	         0	         0	         0	         0	          0	          0	          0	          0	         0	      0	          0	          0	          0	         0	   0	   0	   0	   0	      0	   0	   0	      0	#_409       
 2016	8.8	 8	1	0	1	36	36	     23	          0	   0	      0	          0	       0	   13.0435	   30.4348	   8.6957	  43.4783	        0	   4.3478	        0	        0	         0	         0	         0	         0	         0	         0	         0	         0	         0	         0	         0	          0	          0	          0	          0	          0	          0	          0	          0	          0	      0	         0	          0	          0	      0	          0	   0	          0	          0	   0	      0	         0	          0	   13.0435	   30.4348	   8.6957	  43.4783	        0	   4.3478	        0	         0	        0	        0	         0	         0	         0	         0	         0	         0	         0	         0	          0	          0	          0	          0	         0	      0	          0	          0	          0	         0	   0	   0	   0	   0	      0	   0	   0	      0	#_410       
 2016	8.8	 8	1	0	1	38	38	     38	          0	   0	      0	          0	       0	    2.6316	    7.8947	   2.6316	  71.0526	   2.6316	   7.8947	   2.6316	   2.6316	         0	         0	         0	         0	         0	         0	         0	         0	         0	         0	         0	          0	          0	          0	          0	          0	          0	          0	          0	          0	      0	         0	          0	          0	      0	          0	   0	          0	          0	   0	      0	         0	          0	    2.6316	    7.8947	   2.6316	  71.0526	   2.6316	   7.8947	   2.6316	    2.6316	        0	        0	         0	         0	         0	         0	         0	         0	         0	         0	          0	          0	          0	          0	         0	      0	          0	          0	          0	         0	   0	   0	   0	   0	      0	   0	   0	      0	#_411       
 2016	8.8	 8	1	0	1	40	40	     28	          0	   0	      0	          0	       0	         0	    3.5714	   3.5714	  42.8571	        0	       25	   3.5714	  17.8571	         0	    3.5714	         0	         0	         0	         0	         0	         0	         0	         0	         0	          0	          0	          0	          0	          0	          0	          0	          0	          0	      0	         0	          0	          0	      0	          0	   0	          0	          0	   0	      0	         0	          0	         0	    3.5714	   3.5714	  42.8571	        0	       25	   3.5714	   17.8571	        0	   3.5714	         0	         0	         0	         0	         0	         0	         0	         0	          0	          0	          0	          0	         0	      0	          0	          0	          0	         0	   0	   0	   0	   0	      0	   0	   0	      0	#_412       
 2016	8.8	 8	1	0	1	42	42	     27	          0	   0	      0	          0	       0	         0	         0	        0	  11.1111	   3.7037	  25.9259	        0	  44.4444	    3.7037	    7.4074	    3.7037	         0	         0	         0	         0	         0	         0	         0	         0	          0	          0	          0	          0	          0	          0	          0	          0	          0	      0	         0	          0	          0	      0	          0	   0	          0	          0	   0	      0	         0	          0	         0	         0	        0	  11.1111	   3.7037	  25.9259	        0	   44.4444	   3.7037	   7.4074	    3.7037	         0	         0	         0	         0	         0	         0	         0	          0	          0	          0	          0	         0	      0	          0	          0	          0	         0	   0	   0	   0	   0	      0	   0	   0	      0	#_413       
 2016	8.8	 8	1	0	1	44	44	     10	          0	   0	      0	          0	       0	         0	         0	        0	        0	        0	       10	        0	       40	         0	        10	         0	        10	        20	        10	         0	         0	         0	         0	         0	          0	          0	          0	          0	          0	          0	          0	          0	          0	      0	         0	          0	          0	      0	          0	   0	          0	          0	   0	      0	         0	          0	         0	         0	        0	        0	        0	       10	        0	        40	        0	       10	         0	        10	        20	        10	         0	         0	         0	         0	          0	          0	          0	          0	         0	      0	          0	          0	          0	         0	   0	   0	   0	   0	      0	   0	   0	      0	#_414       
 2016	8.8	 8	1	0	1	46	46	     13	          0	   0	      0	          0	       0	         0	         0	        0	        0	        0	   7.6923	        0	  30.7692	    7.6923	   15.3846	         0	   15.3846	         0	    7.6923	         0	         0	         0	         0	         0	    15.3846	          0	          0	          0	          0	          0	          0	          0	          0	      0	         0	          0	          0	      0	          0	   0	          0	          0	   0	      0	         0	          0	         0	         0	        0	        0	        0	   7.6923	        0	   30.7692	   7.6923	  15.3846	         0	   15.3846	         0	    7.6923	         0	         0	         0	         0	          0	    15.3846	          0	          0	         0	      0	          0	          0	          0	         0	   0	   0	   0	   0	      0	   0	   0	      0	#_415       
 2016	8.8	 8	1	0	1	48	48	      5	          0	   0	      0	          0	       0	         0	         0	        0	        0	        0	        0	        0	       20	         0	        40	         0	        20	         0	        20	         0	         0	         0	         0	         0	          0	          0	          0	          0	          0	          0	          0	          0	          0	      0	         0	          0	          0	      0	          0	   0	          0	          0	   0	      0	         0	          0	         0	         0	        0	        0	        0	        0	        0	        20	        0	       40	         0	        20	         0	        20	         0	         0	         0	         0	          0	          0	          0	          0	         0	      0	          0	          0	          0	         0	   0	   0	   0	   0	      0	   0	   0	      0	#_416       
 2016	8.8	 8	1	0	1	50	50	      6	          0	   0	      0	          0	       0	         0	         0	        0	        0	        0	        0	        0	  33.3333	         0	         0	         0	         0	   16.6667	         0	         0	         0	         0	         0	         0	          0	          0	          0	    33.3333	          0	          0	          0	          0	          0	      0	         0	          0	          0	16.6667	          0	   0	          0	          0	   0	      0	         0	          0	         0	         0	        0	        0	        0	        0	        0	   33.3333	        0	        0	         0	         0	   16.6667	         0	         0	         0	         0	         0	          0	          0	          0	          0	   33.3333	      0	          0	          0	          0	         0	   0	   0	   0	   0	16.6667	   0	   0	      0	#_417       
 2016	8.8	 8	1	0	1	52	52	      7	          0	   0	      0	          0	       0	         0	         0	        0	        0	        0	        0	        0	        0	         0	         0	         0	         0	         0	         0	   28.5714	   14.2857	   14.2857	         0	         0	    14.2857	          0	          0	    14.2857	          0	    14.2857	          0	          0	          0	      0	         0	          0	          0	      0	          0	   0	          0	          0	   0	      0	         0	          0	         0	         0	        0	        0	        0	        0	        0	         0	        0	        0	         0	         0	         0	         0	   28.5714	   14.2857	   14.2857	         0	          0	    14.2857	          0	          0	   14.2857	      0	    14.2857	          0	          0	         0	   0	   0	   0	   0	      0	   0	   0	      0	#_418       
 2016	8.8	 8	1	0	1	54	54	      2	          0	   0	      0	          0	       0	         0	         0	        0	        0	        0	        0	        0	        0	         0	         0	         0	         0	         0	         0	         0	         0	         0	         0	         0	         50	          0	          0	          0	         50	          0	          0	          0	          0	      0	         0	          0	          0	      0	          0	   0	          0	          0	   0	      0	         0	          0	         0	         0	        0	        0	        0	        0	        0	         0	        0	        0	         0	         0	         0	         0	         0	         0	         0	         0	          0	         50	          0	          0	         0	     50	          0	          0	          0	         0	   0	   0	   0	   0	      0	   0	   0	      0	#_419       
 2016	8.8	 8	1	0	1	56	56	      1	          0	   0	      0	          0	       0	         0	         0	        0	        0	        0	        0	        0	        0	         0	         0	         0	         0	         0	         0	         0	         0	         0	         0	         0	          0	          0	          0	        100	          0	          0	          0	          0	          0	      0	         0	          0	          0	      0	          0	   0	          0	          0	   0	      0	         0	          0	         0	         0	        0	        0	        0	        0	        0	         0	        0	        0	         0	         0	         0	         0	         0	         0	         0	         0	          0	          0	          0	          0	       100	      0	          0	          0	          0	         0	   0	   0	   0	   0	      0	   0	   0	      0	#_420       
 2016	8.8	 8	2	0	1	22	22	      8	          0	   0	      0	        100	       0	         0	         0	        0	        0	        0	        0	        0	        0	         0	         0	         0	         0	         0	         0	         0	         0	         0	         0	         0	          0	          0	          0	          0	          0	          0	          0	          0	          0	      0	         0	          0	          0	      0	          0	   0	          0	          0	   0	      0	       100	          0	         0	         0	        0	        0	        0	        0	        0	         0	        0	        0	         0	         0	         0	         0	         0	         0	         0	         0	          0	          0	          0	          0	         0	      0	          0	          0	          0	         0	   0	   0	   0	   0	      0	   0	   0	      0	#_421       
 2016	8.8	 8	2	0	1	24	24	     20	          0	   0	      0	         95	       0	         5	         0	        0	        0	        0	        0	        0	        0	         0	         0	         0	         0	         0	         0	         0	         0	         0	         0	         0	          0	          0	          0	          0	          0	          0	          0	          0	          0	      0	         0	          0	          0	      0	          0	   0	          0	          0	   0	      0	        95	          0	         5	         0	        0	        0	        0	        0	        0	         0	        0	        0	         0	         0	         0	         0	         0	         0	         0	         0	          0	          0	          0	          0	         0	      0	          0	          0	          0	         0	   0	   0	   0	   0	      0	   0	   0	      0	#_422       
 2016	8.8	 8	2	0	1	26	26	     26	          0	   0	      0	    92.3077	  3.8462	    3.8462	         0	        0	        0	        0	        0	        0	        0	         0	         0	         0	         0	         0	         0	         0	         0	         0	         0	         0	          0	          0	          0	          0	          0	          0	          0	          0	          0	      0	         0	          0	          0	      0	          0	   0	          0	          0	   0	      0	   92.3077	     3.8462	    3.8462	         0	        0	        0	        0	        0	        0	         0	        0	        0	         0	         0	         0	         0	         0	         0	         0	         0	          0	          0	          0	          0	         0	      0	          0	          0	          0	         0	   0	   0	   0	   0	      0	   0	   0	      0	#_423       
 2016	8.8	 8	2	0	1	28	28	     14	          0	   0	      0	    28.5714	 35.7143	   14.2857	   21.4286	        0	        0	        0	        0	        0	        0	         0	         0	         0	         0	         0	         0	         0	         0	         0	         0	         0	          0	          0	          0	          0	          0	          0	          0	          0	          0	      0	         0	          0	          0	      0	          0	   0	          0	          0	   0	      0	   28.5714	    35.7143	   14.2857	   21.4286	        0	        0	        0	        0	        0	         0	        0	        0	         0	         0	         0	         0	         0	         0	         0	         0	          0	          0	          0	          0	         0	      0	          0	          0	          0	         0	   0	   0	   0	   0	      0	   0	   0	      0	#_424       
 2016	8.8	 8	2	0	1	30	30	     14	          0	   0	      0	     7.1429	 21.4286	   35.7143	   35.7143	        0	        0	        0	        0	        0	        0	         0	         0	         0	         0	         0	         0	         0	         0	         0	         0	         0	          0	          0	          0	          0	          0	          0	          0	          0	          0	      0	         0	          0	          0	      0	          0	   0	          0	          0	   0	      0	    7.1429	    21.4286	   35.7143	   35.7143	        0	        0	        0	        0	        0	         0	        0	        0	         0	         0	         0	         0	         0	         0	         0	         0	          0	          0	          0	          0	         0	      0	          0	          0	          0	         0	   0	   0	   0	   0	      0	   0	   0	      0	#_425       
 2016	8.8	 8	2	0	1	32	32	     25	          0	   0	      0	          0	       4	        36	        60	        0	        0	        0	        0	        0	        0	         0	         0	         0	         0	         0	         0	         0	         0	         0	         0	         0	          0	          0	          0	          0	          0	          0	          0	          0	          0	      0	         0	          0	          0	      0	          0	   0	          0	          0	   0	      0	         0	          4	        36	        60	        0	        0	        0	        0	        0	         0	        0	        0	         0	         0	         0	         0	         0	         0	         0	         0	          0	          0	          0	          0	         0	      0	          0	          0	          0	         0	   0	   0	   0	   0	      0	   0	   0	      0	#_426       
 2016	8.8	 8	2	0	1	34	34	     28	          0	   0	      0	          0	  3.5714	   14.2857	   39.2857	        0	  35.7143	        0	   7.1429	        0	        0	         0	         0	         0	         0	         0	         0	         0	         0	         0	         0	         0	          0	          0	          0	          0	          0	          0	          0	          0	          0	      0	         0	          0	          0	      0	          0	   0	          0	          0	   0	      0	         0	     3.5714	   14.2857	   39.2857	        0	  35.7143	        0	   7.1429	        0	         0	        0	        0	         0	         0	         0	         0	         0	         0	         0	         0	          0	          0	          0	          0	         0	      0	          0	          0	          0	         0	   0	   0	   0	   0	      0	   0	   0	      0	#_427       
 2016	8.8	 8	2	0	1	36	36	     36	          0	   0	      0	          0	       0	         0	        25	   2.7778	  61.1111	   2.7778	   8.3333	        0	        0	         0	         0	         0	         0	         0	         0	         0	         0	         0	         0	         0	          0	          0	          0	          0	          0	          0	          0	          0	          0	      0	         0	          0	          0	      0	          0	   0	          0	          0	   0	      0	         0	          0	         0	        25	   2.7778	  61.1111	   2.7778	   8.3333	        0	         0	        0	        0	         0	         0	         0	         0	         0	         0	         0	         0	          0	          0	          0	          0	         0	      0	          0	          0	          0	         0	   0	   0	   0	   0	      0	   0	   0	      0	#_428       
 2016	8.8	 8	2	0	1	38	38	     44	          0	   0	      0	          0	       0	    2.2727	    6.8182	   2.2727	  43.1818	   6.8182	  15.9091	   2.2727	  13.6364	    2.2727	    2.2727	    2.2727	         0	         0	         0	         0	         0	         0	         0	         0	          0	          0	          0	          0	          0	          0	          0	          0	          0	      0	         0	          0	          0	      0	          0	   0	          0	          0	   0	      0	         0	          0	    2.2727	    6.8182	   2.2727	  43.1818	   6.8182	  15.9091	   2.2727	   13.6364	   2.2727	   2.2727	    2.2727	         0	         0	         0	         0	         0	         0	         0	          0	          0	          0	          0	         0	      0	          0	          0	          0	         0	   0	   0	   0	   0	      0	   0	   0	      0	#_429       
 2016	8.8	 8	2	0	1	40	40	     42	          0	   0	      0	          0	       0	         0	     2.381	        0	  16.6667	        0	  19.0476	   7.1429	  35.7143	     2.381	    9.5238	    4.7619	         0	     2.381	         0	         0	         0	         0	         0	         0	          0	          0	          0	          0	          0	          0	          0	          0	          0	      0	         0	          0	          0	      0	          0	   0	          0	          0	   0	      0	         0	          0	         0	     2.381	        0	  16.6667	        0	  19.0476	   7.1429	   35.7143	    2.381	   9.5238	    4.7619	         0	     2.381	         0	         0	         0	         0	         0	          0	          0	          0	          0	         0	      0	          0	          0	          0	         0	   0	   0	   0	   0	      0	   0	   0	      0	#_430       
 2016	8.8	 8	2	0	1	42	42	     25	          0	   0	      0	          0	       0	         0	         0	        0	        4	        0	        8	        0	       16	         8	        16	         0	        32	        12	         4	         0	         0	         0	         0	         0	          0	          0	          0	          0	          0	          0	          0	          0	          0	      0	         0	          0	          0	      0	          0	   0	          0	          0	   0	      0	         0	          0	         0	         0	        0	        4	        0	        8	        0	        16	        8	       16	         0	        32	        12	         4	         0	         0	         0	         0	          0	          0	          0	          0	         0	      0	          0	          0	          0	         0	   0	   0	   0	   0	      0	   0	   0	      0	#_431       
 2016	8.8	 8	2	0	1	44	44	     15	          0	   0	      0	          0	       0	         0	         0	        0	   6.6667	        0	   6.6667	        0	   6.6667	    6.6667	    6.6667	         0	   13.3333	   13.3333	         0	         0	         0	    6.6667	    6.6667	         0	          0	          0	          0	          0	          0	     6.6667	          0	     6.6667	     6.6667	      0	         0	          0	          0	 6.6667	          0	   0	          0	          0	   0	      0	         0	          0	         0	         0	        0	   6.6667	        0	   6.6667	        0	    6.6667	   6.6667	   6.6667	         0	   13.3333	   13.3333	         0	         0	         0	    6.6667	    6.6667	          0	          0	          0	          0	         0	      0	     6.6667	          0	     6.6667	    6.6667	   0	   0	   0	   0	 6.6667	   0	   0	      0	#_432       
 2016	8.8	 8	2	0	1	46	46	     10	          0	   0	      0	          0	       0	         0	         0	        0	        0	        0	        0	        0	        0	         0	         0	        10	         0	         0	         0	        20	        10	        10	        10	         0	          0	         10	          0	          0	          0	          0	          0	          0	          0	     20	         0	          0	         10	      0	          0	   0	          0	          0	   0	      0	         0	          0	         0	         0	        0	        0	        0	        0	        0	         0	        0	        0	        10	         0	         0	         0	        20	        10	        10	        10	          0	          0	         10	          0	         0	      0	          0	          0	          0	         0	  20	   0	   0	  10	      0	   0	   0	      0	#_433       
 2016	8.8	 8	2	0	1	48	48	      1	          0	   0	      0	          0	       0	         0	         0	        0	        0	        0	        0	        0	      100	         0	         0	         0	         0	         0	         0	         0	         0	         0	         0	         0	          0	          0	          0	          0	          0	          0	          0	          0	          0	      0	         0	          0	          0	      0	          0	   0	          0	          0	   0	      0	         0	          0	         0	         0	        0	        0	        0	        0	        0	       100	        0	        0	         0	         0	         0	         0	         0	         0	         0	         0	          0	          0	          0	          0	         0	      0	          0	          0	          0	         0	   0	   0	   0	   0	      0	   0	   0	      0	#_434       
 2017	8.8	 8	1	0	1	18	18	      1	          0	   0	    100	          0	       0	         0	         0	        0	        0	        0	        0	        0	        0	         0	         0	         0	         0	         0	         0	         0	         0	         0	         0	         0	          0	          0	          0	          0	          0	          0	          0	          0	          0	      0	         0	          0	          0	      0	          0	   0	          0	          0	   0	    100	         0	          0	         0	         0	        0	        0	        0	        0	        0	         0	        0	        0	         0	         0	         0	         0	         0	         0	         0	         0	          0	          0	          0	          0	         0	      0	          0	          0	          0	         0	   0	   0	   0	   0	      0	   0	   0	      0	#_435       
 2017	8.8	 8	1	0	1	22	22	      1	          0	   0	      0	          0	     100	         0	         0	        0	        0	        0	        0	        0	        0	         0	         0	         0	         0	         0	         0	         0	         0	         0	         0	         0	          0	          0	          0	          0	          0	          0	          0	          0	          0	      0	         0	          0	          0	      0	          0	   0	          0	          0	   0	      0	         0	        100	         0	         0	        0	        0	        0	        0	        0	         0	        0	        0	         0	         0	         0	         0	         0	         0	         0	         0	          0	          0	          0	          0	         0	      0	          0	          0	          0	         0	   0	   0	   0	   0	      0	   0	   0	      0	#_436       
 2017	8.8	 8	1	0	1	24	24	      2	          0	   0	      0	          0	     100	         0	         0	        0	        0	        0	        0	        0	        0	         0	         0	         0	         0	         0	         0	         0	         0	         0	         0	         0	          0	          0	          0	          0	          0	          0	          0	          0	          0	      0	         0	          0	          0	      0	          0	   0	          0	          0	   0	      0	         0	        100	         0	         0	        0	        0	        0	        0	        0	         0	        0	        0	         0	         0	         0	         0	         0	         0	         0	         0	          0	          0	          0	          0	         0	      0	          0	          0	          0	         0	   0	   0	   0	   0	      0	   0	   0	      0	#_437       
 2017	8.8	 8	1	0	1	26	26	     12	          0	   0	      0	     8.3333	 91.6667	         0	         0	        0	        0	        0	        0	        0	        0	         0	         0	         0	         0	         0	         0	         0	         0	         0	         0	         0	          0	          0	          0	          0	          0	          0	          0	          0	          0	      0	         0	          0	          0	      0	          0	   0	          0	          0	   0	      0	    8.3333	    91.6667	         0	         0	        0	        0	        0	        0	        0	         0	        0	        0	         0	         0	         0	         0	         0	         0	         0	         0	          0	          0	          0	          0	         0	      0	          0	          0	          0	         0	   0	   0	   0	   0	      0	   0	   0	      0	#_438       
 2017	8.8	 8	1	0	1	28	28	     17	          0	   0	      0	     5.8824	 94.1176	         0	         0	        0	        0	        0	        0	        0	        0	         0	         0	         0	         0	         0	         0	         0	         0	         0	         0	         0	          0	          0	          0	          0	          0	          0	          0	          0	          0	      0	         0	          0	          0	      0	          0	   0	          0	          0	   0	      0	    5.8824	    94.1176	         0	         0	        0	        0	        0	        0	        0	         0	        0	        0	         0	         0	         0	         0	         0	         0	         0	         0	          0	          0	          0	          0	         0	      0	          0	          0	          0	         0	   0	   0	   0	   0	      0	   0	   0	      0	#_439       
 2017	8.8	 8	1	0	1	30	30	     11	          0	   0	      0	          0	     100	         0	         0	        0	        0	        0	        0	        0	        0	         0	         0	         0	         0	         0	         0	         0	         0	         0	         0	         0	          0	          0	          0	          0	          0	          0	          0	          0	          0	      0	         0	          0	          0	      0	          0	   0	          0	          0	   0	      0	         0	        100	         0	         0	        0	        0	        0	        0	        0	         0	        0	        0	         0	         0	         0	         0	         0	         0	         0	         0	          0	          0	          0	          0	         0	      0	          0	          0	          0	         0	   0	   0	   0	   0	      0	   0	   0	      0	#_440       
 2017	8.8	 8	1	0	1	32	32	      4	          0	   0	      0	          0	      50	         0	        25	       25	        0	        0	        0	        0	        0	         0	         0	         0	         0	         0	         0	         0	         0	         0	         0	         0	          0	          0	          0	          0	          0	          0	          0	          0	          0	      0	         0	          0	          0	      0	          0	   0	          0	          0	   0	      0	         0	         50	         0	        25	       25	        0	        0	        0	        0	         0	        0	        0	         0	         0	         0	         0	         0	         0	         0	         0	          0	          0	          0	          0	         0	      0	          0	          0	          0	         0	   0	   0	   0	   0	      0	   0	   0	      0	#_441       
 2017	8.8	 8	1	0	1	34	34	      8	          0	   0	      0	          0	    12.5	        25	      12.5	       50	        0	        0	        0	        0	        0	         0	         0	         0	         0	         0	         0	         0	         0	         0	         0	         0	          0	          0	          0	          0	          0	          0	          0	          0	          0	      0	         0	          0	          0	      0	          0	   0	          0	          0	   0	      0	         0	       12.5	        25	      12.5	       50	        0	        0	        0	        0	         0	        0	        0	         0	         0	         0	         0	         0	         0	         0	         0	          0	          0	          0	          0	         0	      0	          0	          0	          0	         0	   0	   0	   0	   0	      0	   0	   0	      0	#_442       
 2017	8.8	 8	1	0	1	36	36	      5	          0	   0	      0	          0	       0	         0	        20	       60	        0	       20	        0	        0	        0	         0	         0	         0	         0	         0	         0	         0	         0	         0	         0	         0	          0	          0	          0	          0	          0	          0	          0	          0	          0	      0	         0	          0	          0	      0	          0	   0	          0	          0	   0	      0	         0	          0	         0	        20	       60	        0	       20	        0	        0	         0	        0	        0	         0	         0	         0	         0	         0	         0	         0	         0	          0	          0	          0	          0	         0	      0	          0	          0	          0	         0	   0	   0	   0	   0	      0	   0	   0	      0	#_443       
 2017	8.8	 8	1	0	1	38	38	      7	          0	   0	      0	          0	       0	         0	         0	        0	  14.2857	  85.7143	        0	        0	        0	         0	         0	         0	         0	         0	         0	         0	         0	         0	         0	         0	          0	          0	          0	          0	          0	          0	          0	          0	          0	      0	         0	          0	          0	      0	          0	   0	          0	          0	   0	      0	         0	          0	         0	         0	        0	  14.2857	  85.7143	        0	        0	         0	        0	        0	         0	         0	         0	         0	         0	         0	         0	         0	          0	          0	          0	          0	         0	      0	          0	          0	          0	         0	   0	   0	   0	   0	      0	   0	   0	      0	#_444       
 2017	8.8	 8	1	0	1	40	40	     18	          0	   0	      0	          0	       0	         0	         0	   5.5556	   5.5556	  61.1111	  11.1111	   5.5556	  11.1111	         0	         0	         0	         0	         0	         0	         0	         0	         0	         0	         0	          0	          0	          0	          0	          0	          0	          0	          0	          0	      0	         0	          0	          0	      0	          0	   0	          0	          0	   0	      0	         0	          0	         0	         0	   5.5556	   5.5556	  61.1111	  11.1111	   5.5556	   11.1111	        0	        0	         0	         0	         0	         0	         0	         0	         0	         0	          0	          0	          0	          0	         0	      0	          0	          0	          0	         0	   0	   0	   0	   0	      0	   0	   0	      0	#_445       
 2017	8.8	 8	1	0	1	42	42	      3	          0	   0	      0	          0	       0	         0	         0	  33.3333	        0	        0	  66.6667	        0	        0	         0	         0	         0	         0	         0	         0	         0	         0	         0	         0	         0	          0	          0	          0	          0	          0	          0	          0	          0	          0	      0	         0	          0	          0	      0	          0	   0	          0	          0	   0	      0	         0	          0	         0	         0	  33.3333	        0	        0	  66.6667	        0	         0	        0	        0	         0	         0	         0	         0	         0	         0	         0	         0	          0	          0	          0	          0	         0	      0	          0	          0	          0	         0	   0	   0	   0	   0	      0	   0	   0	      0	#_446       
 2017	8.8	 8	1	0	1	44	44	      9	          0	   0	      0	          0	       0	         0	         0	        0	        0	        0	        0	        0	  44.4444	         0	   33.3333	   11.1111	         0	         0	   11.1111	         0	         0	         0	         0	         0	          0	          0	          0	          0	          0	          0	          0	          0	          0	      0	         0	          0	          0	      0	          0	   0	          0	          0	   0	      0	         0	          0	         0	         0	        0	        0	        0	        0	        0	   44.4444	        0	  33.3333	   11.1111	         0	         0	   11.1111	         0	         0	         0	         0	          0	          0	          0	          0	         0	      0	          0	          0	          0	         0	   0	   0	   0	   0	      0	   0	   0	      0	#_447       
 2017	8.8	 8	1	0	1	46	46	      8	          0	   0	      0	          0	       0	         0	         0	        0	        0	        0	        0	        0	        0	         0	        25	      12.5	         0	         0	        50	      12.5	         0	         0	         0	         0	          0	          0	          0	          0	          0	          0	          0	          0	          0	      0	         0	          0	          0	      0	          0	   0	          0	          0	   0	      0	         0	          0	         0	         0	        0	        0	        0	        0	        0	         0	        0	       25	      12.5	         0	         0	        50	      12.5	         0	         0	         0	          0	          0	          0	          0	         0	      0	          0	          0	          0	         0	   0	   0	   0	   0	      0	   0	   0	      0	#_448       
 2017	8.8	 8	1	0	1	48	48	      7	          0	   0	      0	          0	       0	         0	         0	        0	        0	        0	        0	        0	        0	         0	         0	         0	   14.2857	         0	   42.8571	   14.2857	         0	   14.2857	         0	         0	          0	    14.2857	          0	          0	          0	          0	          0	          0	          0	      0	         0	          0	          0	      0	          0	   0	          0	          0	   0	      0	         0	          0	         0	         0	        0	        0	        0	        0	        0	         0	        0	        0	         0	   14.2857	         0	   42.8571	   14.2857	         0	   14.2857	         0	          0	          0	    14.2857	          0	         0	      0	          0	          0	          0	         0	   0	   0	   0	   0	      0	   0	   0	      0	#_449       
 2017	8.8	 8	1	0	1	50	50	      1	          0	   0	      0	          0	       0	         0	         0	        0	        0	        0	        0	        0	        0	         0	         0	         0	         0	         0	         0	         0	         0	         0	         0	         0	          0	        100	          0	          0	          0	          0	          0	          0	          0	      0	         0	          0	          0	      0	          0	   0	          0	          0	   0	      0	         0	          0	         0	         0	        0	        0	        0	        0	        0	         0	        0	        0	         0	         0	         0	         0	         0	         0	         0	         0	          0	          0	        100	          0	         0	      0	          0	          0	          0	         0	   0	   0	   0	   0	      0	   0	   0	      0	#_450       
 2017	8.8	 8	2	0	1	26	26	      5	          0	   0	      0	          0	      80	        20	         0	        0	        0	        0	        0	        0	        0	         0	         0	         0	         0	         0	         0	         0	         0	         0	         0	         0	          0	          0	          0	          0	          0	          0	          0	          0	          0	      0	         0	          0	          0	      0	          0	   0	          0	          0	   0	      0	         0	         80	        20	         0	        0	        0	        0	        0	        0	         0	        0	        0	         0	         0	         0	         0	         0	         0	         0	         0	          0	          0	          0	          0	         0	      0	          0	          0	          0	         0	   0	   0	   0	   0	      0	   0	   0	      0	#_451       
 2017	8.8	 8	2	0	1	28	28	     15	          0	   0	      0	          0	     100	         0	         0	        0	        0	        0	        0	        0	        0	         0	         0	         0	         0	         0	         0	         0	         0	         0	         0	         0	          0	          0	          0	          0	          0	          0	          0	          0	          0	      0	         0	          0	          0	      0	          0	   0	          0	          0	   0	      0	         0	        100	         0	         0	        0	        0	        0	        0	        0	         0	        0	        0	         0	         0	         0	         0	         0	         0	         0	         0	          0	          0	          0	          0	         0	      0	          0	          0	          0	         0	   0	   0	   0	   0	      0	   0	   0	      0	#_452       
 2017	8.8	 8	2	0	1	30	30	      8	          0	   0	      0	          0	     100	         0	         0	        0	        0	        0	        0	        0	        0	         0	         0	         0	         0	         0	         0	         0	         0	         0	         0	         0	          0	          0	          0	          0	          0	          0	          0	          0	          0	      0	         0	          0	          0	      0	          0	   0	          0	          0	   0	      0	         0	        100	         0	         0	        0	        0	        0	        0	        0	         0	        0	        0	         0	         0	         0	         0	         0	         0	         0	         0	          0	          0	          0	          0	         0	      0	          0	          0	          0	         0	   0	   0	   0	   0	      0	   0	   0	      0	#_453       
 2017	8.8	 8	2	0	1	32	32	      3	          0	   0	      0	          0	 66.6667	         0	   33.3333	        0	        0	        0	        0	        0	        0	         0	         0	         0	         0	         0	         0	         0	         0	         0	         0	         0	          0	          0	          0	          0	          0	          0	          0	          0	          0	      0	         0	          0	          0	      0	          0	   0	          0	          0	   0	      0	         0	    66.6667	         0	   33.3333	        0	        0	        0	        0	        0	         0	        0	        0	         0	         0	         0	         0	         0	         0	         0	         0	          0	          0	          0	          0	         0	      0	          0	          0	          0	         0	   0	   0	   0	   0	      0	   0	   0	      0	#_454       
 2017	8.8	 8	2	0	1	34	34	      9	          0	   0	      0	          0	       0	         0	   22.2222	  55.5556	        0	  22.2222	        0	        0	        0	         0	         0	         0	         0	         0	         0	         0	         0	         0	         0	         0	          0	          0	          0	          0	          0	          0	          0	          0	          0	      0	         0	          0	          0	      0	          0	   0	          0	          0	   0	      0	         0	          0	         0	   22.2222	  55.5556	        0	  22.2222	        0	        0	         0	        0	        0	         0	         0	         0	         0	         0	         0	         0	         0	          0	          0	          0	          0	         0	      0	          0	          0	          0	         0	   0	   0	   0	   0	      0	   0	   0	      0	#_455       
 2017	8.8	 8	2	0	1	36	36	     14	          0	   0	      0	          0	       0	         0	   14.2857	  28.5714	   7.1429	  35.7143	   7.1429	        0	   7.1429	         0	         0	         0	         0	         0	         0	         0	         0	         0	         0	         0	          0	          0	          0	          0	          0	          0	          0	          0	          0	      0	         0	          0	          0	      0	          0	   0	          0	          0	   0	      0	         0	          0	         0	   14.2857	  28.5714	   7.1429	  35.7143	   7.1429	        0	    7.1429	        0	        0	         0	         0	         0	         0	         0	         0	         0	         0	          0	          0	          0	          0	         0	      0	          0	          0	          0	         0	   0	   0	   0	   0	      0	   0	   0	      0	#_456       
 2017	8.8	 8	2	0	1	38	38	     14	          0	   0	      0	          0	       0	         0	         0	        0	  21.4286	  64.2857	        0	        0	  14.2857	         0	         0	         0	         0	         0	         0	         0	         0	         0	         0	         0	          0	          0	          0	          0	          0	          0	          0	          0	          0	      0	         0	          0	          0	      0	          0	   0	          0	          0	   0	      0	         0	          0	         0	         0	        0	  21.4286	  64.2857	        0	        0	   14.2857	        0	        0	         0	         0	         0	         0	         0	         0	         0	         0	          0	          0	          0	          0	         0	      0	          0	          0	          0	         0	   0	   0	   0	   0	      0	   0	   0	      0	#_457       
 2017	8.8	 8	2	0	1	40	40	     14	          0	   0	      0	          0	       0	         0	         0	        0	        0	  28.5714	  14.2857	        0	   7.1429	         0	   21.4286	   14.2857	         0	    7.1429	    7.1429	         0	         0	         0	         0	         0	          0	          0	          0	          0	          0	          0	          0	          0	          0	      0	         0	          0	          0	      0	          0	   0	          0	          0	   0	      0	         0	          0	         0	         0	        0	        0	  28.5714	  14.2857	        0	    7.1429	        0	  21.4286	   14.2857	         0	    7.1429	    7.1429	         0	         0	         0	         0	          0	          0	          0	          0	         0	      0	          0	          0	          0	         0	   0	   0	   0	   0	      0	   0	   0	      0	#_458       
 2017	8.8	 8	2	0	1	42	42	      8	          0	   0	      0	          0	       0	         0	         0	        0	        0	        0	     12.5	        0	        0	         0	         0	      12.5	         0	         0	      62.5	         0	         0	         0	      12.5	         0	          0	          0	          0	          0	          0	          0	          0	          0	          0	      0	         0	          0	          0	      0	          0	   0	          0	          0	   0	      0	         0	          0	         0	         0	        0	        0	        0	     12.5	        0	         0	        0	        0	      12.5	         0	         0	      62.5	         0	         0	         0	      12.5	          0	          0	          0	          0	         0	      0	          0	          0	          0	         0	   0	   0	   0	   0	      0	   0	   0	      0	#_459       
 2017	8.8	 8	2	0	1	44	44	      7	          0	   0	      0	          0	       0	         0	         0	        0	        0	        0	        0	        0	        0	         0	         0	         0	         0	         0	   28.5714	         0	   14.2857	   42.8571	         0	   14.2857	          0	          0	          0	          0	          0	          0	          0	          0	          0	      0	         0	          0	          0	      0	          0	   0	          0	          0	   0	      0	         0	          0	         0	         0	        0	        0	        0	        0	        0	         0	        0	        0	         0	         0	         0	   28.5714	         0	   14.2857	   42.8571	         0	    14.2857	          0	          0	          0	         0	      0	          0	          0	          0	         0	   0	   0	   0	   0	      0	   0	   0	      0	#_460       
 2018	8.8	 8	1	0	1	26	26	      2	          0	   0	      0	        100	       0	         0	         0	        0	        0	        0	        0	        0	        0	         0	         0	         0	         0	         0	         0	         0	         0	         0	         0	         0	          0	          0	          0	          0	          0	          0	          0	          0	          0	      0	         0	          0	          0	      0	          0	   0	          0	          0	   0	      0	       100	          0	         0	         0	        0	        0	        0	        0	        0	         0	        0	        0	         0	         0	         0	         0	         0	         0	         0	         0	          0	          0	          0	          0	         0	      0	          0	          0	          0	         0	   0	   0	   0	   0	      0	   0	   0	      0	#_461       
 2018	8.8	 8	1	0	1	28	28	     10	          0	   0	      0	          0	     100	         0	         0	        0	        0	        0	        0	        0	        0	         0	         0	         0	         0	         0	         0	         0	         0	         0	         0	         0	          0	          0	          0	          0	          0	          0	          0	          0	          0	      0	         0	          0	          0	      0	          0	   0	          0	          0	   0	      0	         0	        100	         0	         0	        0	        0	        0	        0	        0	         0	        0	        0	         0	         0	         0	         0	         0	         0	         0	         0	          0	          0	          0	          0	         0	      0	          0	          0	          0	         0	   0	   0	   0	   0	      0	   0	   0	      0	#_462       
 2018	8.8	 8	1	0	1	30	30	      9	          0	   0	      0	          0	 88.8889	   11.1111	         0	        0	        0	        0	        0	        0	        0	         0	         0	         0	         0	         0	         0	         0	         0	         0	         0	         0	          0	          0	          0	          0	          0	          0	          0	          0	          0	      0	         0	          0	          0	      0	          0	   0	          0	          0	   0	      0	         0	    88.8889	   11.1111	         0	        0	        0	        0	        0	        0	         0	        0	        0	         0	         0	         0	         0	         0	         0	         0	         0	          0	          0	          0	          0	         0	      0	          0	          0	          0	         0	   0	   0	   0	   0	      0	   0	   0	      0	#_463       
 2018	8.8	 8	1	0	1	32	32	      8	          0	   0	      0	          0	      25	        75	         0	        0	        0	        0	        0	        0	        0	         0	         0	         0	         0	         0	         0	         0	         0	         0	         0	         0	          0	          0	          0	          0	          0	          0	          0	          0	          0	      0	         0	          0	          0	      0	          0	   0	          0	          0	   0	      0	         0	         25	        75	         0	        0	        0	        0	        0	        0	         0	        0	        0	         0	         0	         0	         0	         0	         0	         0	         0	          0	          0	          0	          0	         0	      0	          0	          0	          0	         0	   0	   0	   0	   0	      0	   0	   0	      0	#_464       
 2018	8.8	 8	1	0	1	34	34	      9	          0	   0	      0	          0	       0	       100	         0	        0	        0	        0	        0	        0	        0	         0	         0	         0	         0	         0	         0	         0	         0	         0	         0	         0	          0	          0	          0	          0	          0	          0	          0	          0	          0	      0	         0	          0	          0	      0	          0	   0	          0	          0	   0	      0	         0	          0	       100	         0	        0	        0	        0	        0	        0	         0	        0	        0	         0	         0	         0	         0	         0	         0	         0	         0	          0	          0	          0	          0	         0	      0	          0	          0	          0	         0	   0	   0	   0	   0	      0	   0	   0	      0	#_465       
 2018	8.8	 8	1	0	1	36	36	      3	          0	   0	      0	          0	       0	       100	         0	        0	        0	        0	        0	        0	        0	         0	         0	         0	         0	         0	         0	         0	         0	         0	         0	         0	          0	          0	          0	          0	          0	          0	          0	          0	          0	      0	         0	          0	          0	      0	          0	   0	          0	          0	   0	      0	         0	          0	       100	         0	        0	        0	        0	        0	        0	         0	        0	        0	         0	         0	         0	         0	         0	         0	         0	         0	          0	          0	          0	          0	         0	      0	          0	          0	          0	         0	   0	   0	   0	   0	      0	   0	   0	      0	#_466       
 2018	8.8	 8	1	0	1	38	38	     13	          0	   0	      0	          0	       0	         0	         0	        0	  38.4615	   7.6923	  30.7692	        0	  15.3846	         0	    7.6923	         0	         0	         0	         0	         0	         0	         0	         0	         0	          0	          0	          0	          0	          0	          0	          0	          0	          0	      0	         0	          0	          0	      0	          0	   0	          0	          0	   0	      0	         0	          0	         0	         0	        0	  38.4615	   7.6923	  30.7692	        0	   15.3846	        0	   7.6923	         0	         0	         0	         0	         0	         0	         0	         0	          0	          0	          0	          0	         0	      0	          0	          0	          0	         0	   0	   0	   0	   0	      0	   0	   0	      0	#_467       
 2018	8.8	 8	1	0	1	40	40	     23	          0	   0	      0	          0	       0	         0	         0	   4.3478	  30.4348	   4.3478	  39.1304	        0	   8.6957	         0	   13.0435	         0	         0	         0	         0	         0	         0	         0	         0	         0	          0	          0	          0	          0	          0	          0	          0	          0	          0	      0	         0	          0	          0	      0	          0	   0	          0	          0	   0	      0	         0	          0	         0	         0	   4.3478	  30.4348	   4.3478	  39.1304	        0	    8.6957	        0	  13.0435	         0	         0	         0	         0	         0	         0	         0	         0	          0	          0	          0	          0	         0	      0	          0	          0	          0	         0	   0	   0	   0	   0	      0	   0	   0	      0	#_468       
 2018	8.8	 8	1	0	1	42	42	     39	          0	   0	      0	          0	       0	         0	         0	        0	  12.8205	        0	  43.5897	        0	  23.0769	    2.5641	   12.8205	         0	         0	         0	         0	    5.1282	         0	         0	         0	         0	          0	          0	          0	          0	          0	          0	          0	          0	          0	      0	         0	          0	          0	      0	          0	   0	          0	          0	   0	      0	         0	          0	         0	         0	        0	  12.8205	        0	  43.5897	        0	   23.0769	   2.5641	  12.8205	         0	         0	         0	         0	    5.1282	         0	         0	         0	          0	          0	          0	          0	         0	      0	          0	          0	          0	         0	   0	   0	   0	   0	      0	   0	   0	      0	#_469       
 2018	8.8	 8	1	0	1	44	44	     19	          0	   0	      0	          0	       0	         0	         0	        0	        0	        0	   5.2632	        0	  10.5263	         0	   31.5789	    5.2632	    5.2632	         0	         0	   36.8421	    5.2632	         0	         0	         0	          0	          0	          0	          0	          0	          0	          0	          0	          0	      0	         0	          0	          0	      0	          0	   0	          0	          0	   0	      0	         0	          0	         0	         0	        0	        0	        0	   5.2632	        0	   10.5263	        0	  31.5789	    5.2632	    5.2632	         0	         0	   36.8421	    5.2632	         0	         0	          0	          0	          0	          0	         0	      0	          0	          0	          0	         0	   0	   0	   0	   0	      0	   0	   0	      0	#_470       
 2018	8.8	 8	1	0	1	46	46	     19	          0	   0	      0	          0	       0	         0	         0	        0	        0	        0	  10.5263	        0	   5.2632	    5.2632	   15.7895	    5.2632	   10.5263	    5.2632	    5.2632	   31.5789	         0	         0	         0	         0	     5.2632	          0	          0	          0	          0	          0	          0	          0	          0	      0	         0	          0	          0	      0	          0	   0	          0	          0	   0	      0	         0	          0	         0	         0	        0	        0	        0	  10.5263	        0	    5.2632	   5.2632	  15.7895	    5.2632	   10.5263	    5.2632	    5.2632	   31.5789	         0	         0	         0	          0	     5.2632	          0	          0	         0	      0	          0	          0	          0	         0	   0	   0	   0	   0	      0	   0	   0	      0	#_471       
 2018	8.8	 8	1	0	1	48	48	     11	          0	   0	      0	          0	       0	         0	         0	        0	        0	        0	        0	        0	        0	         0	         0	         0	    9.0909	         0	         0	   54.5455	         0	         0	    9.0909	    9.0909	          0	     9.0909	          0	          0	          0	          0	          0	          0	          0	      0	         0	          0	          0	 9.0909	          0	   0	          0	          0	   0	      0	         0	          0	         0	         0	        0	        0	        0	        0	        0	         0	        0	        0	         0	    9.0909	         0	         0	   54.5455	         0	         0	    9.0909	     9.0909	          0	     9.0909	          0	         0	      0	          0	          0	          0	         0	   0	   0	   0	   0	 9.0909	   0	   0	      0	#_472       
 2018	8.8	 8	1	0	1	50	50	      5	          0	   0	      0	          0	       0	         0	         0	        0	        0	        0	        0	        0	        0	         0	         0	         0	         0	         0	         0	         0	         0	         0	        60	         0	          0	          0	         20	         20	          0	          0	          0	          0	          0	      0	         0	          0	          0	      0	          0	   0	          0	          0	   0	      0	         0	          0	         0	         0	        0	        0	        0	        0	        0	         0	        0	        0	         0	         0	         0	         0	         0	         0	         0	        60	          0	          0	          0	         20	        20	      0	          0	          0	          0	         0	   0	   0	   0	   0	      0	   0	   0	      0	#_473       
 2018	8.8	 8	1	0	1	52	52	      1	          0	   0	      0	          0	       0	         0	         0	        0	        0	        0	        0	        0	        0	         0	         0	         0	         0	         0	         0	       100	         0	         0	         0	         0	          0	          0	          0	          0	          0	          0	          0	          0	          0	      0	         0	          0	          0	      0	          0	   0	          0	          0	   0	      0	         0	          0	         0	         0	        0	        0	        0	        0	        0	         0	        0	        0	         0	         0	         0	         0	       100	         0	         0	         0	          0	          0	          0	          0	         0	      0	          0	          0	          0	         0	   0	   0	   0	   0	      0	   0	   0	      0	#_474       
 2018	8.8	 8	2	0	1	20	20	      2	          0	   0	    100	          0	       0	         0	         0	        0	        0	        0	        0	        0	        0	         0	         0	         0	         0	         0	         0	         0	         0	         0	         0	         0	          0	          0	          0	          0	          0	          0	          0	          0	          0	      0	         0	          0	          0	      0	          0	   0	          0	          0	   0	    100	         0	          0	         0	         0	        0	        0	        0	        0	        0	         0	        0	        0	         0	         0	         0	         0	         0	         0	         0	         0	          0	          0	          0	          0	         0	      0	          0	          0	          0	         0	   0	   0	   0	   0	      0	   0	   0	      0	#_475       
 2018	8.8	 8	2	0	1	22	22	      2	          0	   0	      0	        100	       0	         0	         0	        0	        0	        0	        0	        0	        0	         0	         0	         0	         0	         0	         0	         0	         0	         0	         0	         0	          0	          0	          0	          0	          0	          0	          0	          0	          0	      0	         0	          0	          0	      0	          0	   0	          0	          0	   0	      0	       100	          0	         0	         0	        0	        0	        0	        0	        0	         0	        0	        0	         0	         0	         0	         0	         0	         0	         0	         0	          0	          0	          0	          0	         0	      0	          0	          0	          0	         0	   0	   0	   0	   0	      0	   0	   0	      0	#_476       
 2018	8.8	 8	2	0	1	24	24	      1	          0	   0	      0	        100	       0	         0	         0	        0	        0	        0	        0	        0	        0	         0	         0	         0	         0	         0	         0	         0	         0	         0	         0	         0	          0	          0	          0	          0	          0	          0	          0	          0	          0	      0	         0	          0	          0	      0	          0	   0	          0	          0	   0	      0	       100	          0	         0	         0	        0	        0	        0	        0	        0	         0	        0	        0	         0	         0	         0	         0	         0	         0	         0	         0	          0	          0	          0	          0	         0	      0	          0	          0	          0	         0	   0	   0	   0	   0	      0	   0	   0	      0	#_477       
 2018	8.8	 8	2	0	1	26	26	      7	          0	   0	      0	    42.8571	 42.8571	   14.2857	         0	        0	        0	        0	        0	        0	        0	         0	         0	         0	         0	         0	         0	         0	         0	         0	         0	         0	          0	          0	          0	          0	          0	          0	          0	          0	          0	      0	         0	          0	          0	      0	          0	   0	          0	          0	   0	      0	   42.8571	    42.8571	   14.2857	         0	        0	        0	        0	        0	        0	         0	        0	        0	         0	         0	         0	         0	         0	         0	         0	         0	          0	          0	          0	          0	         0	      0	          0	          0	          0	         0	   0	   0	   0	   0	      0	   0	   0	      0	#_478       
 2018	8.8	 8	2	0	1	28	28	     11	          0	   0	      0	          0	 81.8182	   18.1818	         0	        0	        0	        0	        0	        0	        0	         0	         0	         0	         0	         0	         0	         0	         0	         0	         0	         0	          0	          0	          0	          0	          0	          0	          0	          0	          0	      0	         0	          0	          0	      0	          0	   0	          0	          0	   0	      0	         0	    81.8182	   18.1818	         0	        0	        0	        0	        0	        0	         0	        0	        0	         0	         0	         0	         0	         0	         0	         0	         0	          0	          0	          0	          0	         0	      0	          0	          0	          0	         0	   0	   0	   0	   0	      0	   0	   0	      0	#_479       
 2018	8.8	 8	2	0	1	30	30	     11	          0	   0	      0	          0	 72.7273	   27.2727	         0	        0	        0	        0	        0	        0	        0	         0	         0	         0	         0	         0	         0	         0	         0	         0	         0	         0	          0	          0	          0	          0	          0	          0	          0	          0	          0	      0	         0	          0	          0	      0	          0	   0	          0	          0	   0	      0	         0	    72.7273	   27.2727	         0	        0	        0	        0	        0	        0	         0	        0	        0	         0	         0	         0	         0	         0	         0	         0	         0	          0	          0	          0	          0	         0	      0	          0	          0	          0	         0	   0	   0	   0	   0	      0	   0	   0	      0	#_480       
 2018	8.8	 8	2	0	1	32	32	     16	          0	   0	      0	          0	    6.25	      87.5	         0	        0	     6.25	        0	        0	        0	        0	         0	         0	         0	         0	         0	         0	         0	         0	         0	         0	         0	          0	          0	          0	          0	          0	          0	          0	          0	          0	      0	         0	          0	          0	      0	          0	   0	          0	          0	   0	      0	         0	       6.25	      87.5	         0	        0	     6.25	        0	        0	        0	         0	        0	        0	         0	         0	         0	         0	         0	         0	         0	         0	          0	          0	          0	          0	         0	      0	          0	          0	          0	         0	   0	   0	   0	   0	      0	   0	   0	      0	#_481       
 2018	8.8	 8	2	0	1	34	34	      4	          0	   0	      0	          0	       0	        75	        25	        0	        0	        0	        0	        0	        0	         0	         0	         0	         0	         0	         0	         0	         0	         0	         0	         0	          0	          0	          0	          0	          0	          0	          0	          0	          0	      0	         0	          0	          0	      0	          0	   0	          0	          0	   0	      0	         0	          0	        75	        25	        0	        0	        0	        0	        0	         0	        0	        0	         0	         0	         0	         0	         0	         0	         0	         0	          0	          0	          0	          0	         0	      0	          0	          0	          0	         0	   0	   0	   0	   0	      0	   0	   0	      0	#_482       
 2018	8.8	 8	2	0	1	36	36	      9	          0	   0	      0	          0	       0	         0	         0	        0	  44.4444	  11.1111	  44.4444	        0	        0	         0	         0	         0	         0	         0	         0	         0	         0	         0	         0	         0	          0	          0	          0	          0	          0	          0	          0	          0	          0	      0	         0	          0	          0	      0	          0	   0	          0	          0	   0	      0	         0	          0	         0	         0	        0	  44.4444	  11.1111	  44.4444	        0	         0	        0	        0	         0	         0	         0	         0	         0	         0	         0	         0	          0	          0	          0	          0	         0	      0	          0	          0	          0	         0	   0	   0	   0	   0	      0	   0	   0	      0	#_483       
 2018	8.8	 8	2	0	1	38	38	     32	          0	   0	      0	          0	       0	         0	     3.125	        0	     12.5	     6.25	    31.25	        0	       25	      6.25	      12.5	         0	         0	         0	         0	     3.125	         0	         0	         0	         0	          0	          0	          0	          0	          0	          0	          0	          0	          0	      0	         0	          0	          0	      0	          0	   0	          0	          0	   0	      0	         0	          0	         0	     3.125	        0	     12.5	     6.25	    31.25	        0	        25	     6.25	     12.5	         0	         0	         0	         0	     3.125	         0	         0	         0	          0	          0	          0	          0	         0	      0	          0	          0	          0	         0	   0	   0	   0	   0	      0	   0	   0	      0	#_484       
 2018	8.8	 8	2	0	1	40	40	     33	          0	   0	      0	          0	       0	         0	         0	   3.0303	   3.0303	   3.0303	   30.303	        0	  15.1515	    3.0303	   24.2424	         0	    6.0606	    3.0303	         0	    9.0909	         0	         0	         0	         0	          0	          0	          0	          0	          0	          0	          0	          0	          0	      0	         0	          0	          0	      0	          0	   0	          0	          0	   0	      0	         0	          0	         0	         0	   3.0303	   3.0303	   3.0303	   30.303	        0	   15.1515	   3.0303	  24.2424	         0	    6.0606	    3.0303	         0	    9.0909	         0	         0	         0	          0	          0	          0	          0	         0	      0	          0	          0	          0	         0	   0	   0	   0	   0	      0	   0	   0	      0	#_485       
 2018	8.8	 8	2	0	1	42	42	     31	          0	   0	      0	          0	       0	         0	         0	        0	   6.4516	        0	   9.6774	   3.2258	   3.2258	         0	    9.6774	         0	    3.2258	    9.6774	    6.4516	   38.7097	    3.2258	         0	         0	         0	          0	          0	          0	     6.4516	          0	          0	          0	          0	          0	      0	         0	          0	          0	      0	          0	   0	          0	          0	   0	      0	         0	          0	         0	         0	        0	   6.4516	        0	   9.6774	   3.2258	    3.2258	        0	   9.6774	         0	    3.2258	    9.6774	    6.4516	   38.7097	    3.2258	         0	         0	          0	          0	          0	          0	    6.4516	      0	          0	          0	          0	         0	   0	   0	   0	   0	      0	   0	   0	      0	#_486       
 2018	8.8	 8	2	0	1	44	44	     11	          0	   0	      0	          0	       0	         0	         0	        0	        0	        0	   9.0909	        0	        0	         0	   27.2727	         0	         0	    9.0909	         0	   27.2727	         0	         0	         0	    9.0909	          0	          0	          0	          0	          0	     9.0909	          0	     9.0909	          0	      0	         0	          0	          0	      0	          0	   0	          0	          0	   0	      0	         0	          0	         0	         0	        0	        0	        0	   9.0909	        0	         0	        0	  27.2727	         0	         0	    9.0909	         0	   27.2727	         0	         0	         0	     9.0909	          0	          0	          0	         0	      0	     9.0909	          0	     9.0909	         0	   0	   0	   0	   0	      0	   0	   0	      0	#_487       
 2018	8.8	 8	2	0	1	46	46	      3	          0	   0	      0	          0	       0	         0	         0	        0	        0	        0	        0	        0	        0	         0	         0	         0	   33.3333	         0	         0	   66.6667	         0	         0	         0	         0	          0	          0	          0	          0	          0	          0	          0	          0	          0	      0	         0	          0	          0	      0	          0	   0	          0	          0	   0	      0	         0	          0	         0	         0	        0	        0	        0	        0	        0	         0	        0	        0	         0	   33.3333	         0	         0	   66.6667	         0	         0	         0	          0	          0	          0	          0	         0	      0	          0	          0	          0	         0	   0	   0	   0	   0	      0	   0	   0	      0	#_488       
 2018	8.8	 8	2	0	1	48	48	      1	          0	   0	      0	          0	       0	         0	         0	        0	        0	        0	        0	        0	        0	         0	         0	         0	         0	         0	         0	         0	         0	         0	       100	         0	          0	          0	          0	          0	          0	          0	          0	          0	          0	      0	         0	          0	          0	      0	          0	   0	          0	          0	   0	      0	         0	          0	         0	         0	        0	        0	        0	        0	        0	         0	        0	        0	         0	         0	         0	         0	         0	         0	         0	       100	          0	          0	          0	          0	         0	      0	          0	          0	          0	         0	   0	   0	   0	   0	      0	   0	   0	      0	#_489       
 2018	8.8	 8	2	0	1	50	50	      2	          0	   0	      0	          0	       0	         0	         0	        0	        0	        0	        0	        0	        0	         0	         0	         0	         0	         0	         0	         0	         0	         0	        50	         0	          0	         50	          0	          0	          0	          0	          0	          0	          0	      0	         0	          0	          0	      0	          0	   0	          0	          0	   0	      0	         0	          0	         0	         0	        0	        0	        0	        0	        0	         0	        0	        0	         0	         0	         0	         0	         0	         0	         0	        50	          0	          0	         50	          0	         0	      0	          0	          0	          0	         0	   0	   0	   0	   0	      0	   0	   0	      0	#_490       
 2019	8.8	 8	2	0	1	24	24	      1	          0	   0	      0	          0	       0	         0	         0	        0	        0	        0	        0	        0	        0	         0	         0	         0	         0	         0	         0	         0	         0	         0	         0	         0	          0	          0	          0	          0	          0	          0	          0	          0	          0	      0	         0	          0	          0	      0	          0	   0	          0	          0	   0	      0	         0	        100	         0	         0	        0	        0	        0	        0	        0	         0	        0	        0	         0	         0	         0	         0	         0	         0	         0	         0	          0	          0	          0	          0	         0	      0	          0	          0	          0	         0	   0	   0	   0	   0	      0	   0	   0	      0	#_491       
 2019	8.8	 8	2	0	1	26	26	      1	          0	   0	      0	          0	       0	         0	         0	        0	        0	        0	        0	        0	        0	         0	         0	         0	         0	         0	         0	         0	         0	         0	         0	         0	          0	          0	          0	          0	          0	          0	          0	          0	          0	      0	         0	          0	          0	      0	          0	   0	          0	          0	   0	      0	       100	          0	         0	         0	        0	        0	        0	        0	        0	         0	        0	        0	         0	         0	         0	         0	         0	         0	         0	         0	          0	          0	          0	          0	         0	      0	          0	          0	          0	         0	   0	   0	   0	   0	      0	   0	   0	      0	#_492       
 2019	8.8	 8	2	0	1	28	28	      1	          0	   0	      0	          0	       0	         0	         0	        0	        0	        0	        0	        0	        0	         0	         0	         0	         0	         0	         0	         0	         0	         0	         0	         0	          0	          0	          0	          0	          0	          0	          0	          0	          0	      0	         0	          0	          0	      0	          0	   0	          0	          0	   0	      0	         0	          0	         0	         0	      100	        0	        0	        0	        0	         0	        0	        0	         0	         0	         0	         0	         0	         0	         0	         0	          0	          0	          0	          0	         0	      0	          0	          0	          0	         0	   0	   0	   0	   0	      0	   0	   0	      0	#_493       
 2019	8.8	 8	2	0	1	30	30	      1	          0	   0	      0	          0	       0	         0	         0	        0	        0	        0	        0	        0	        0	         0	         0	         0	         0	         0	         0	         0	         0	         0	         0	         0	          0	          0	          0	          0	          0	          0	          0	          0	          0	      0	         0	          0	          0	      0	          0	   0	          0	          0	   0	      0	         0	          0	       100	         0	        0	        0	        0	        0	        0	         0	        0	        0	         0	         0	         0	         0	         0	         0	         0	         0	          0	          0	          0	          0	         0	      0	          0	          0	          0	         0	   0	   0	   0	   0	      0	   0	   0	      0	#_494       
 2019	8.8	 8	2	0	1	32	32	      2	          0	   0	      0	          0	       0	         0	         0	        0	        0	        0	        0	        0	        0	         0	         0	         0	         0	         0	         0	         0	         0	         0	         0	         0	          0	          0	          0	          0	          0	          0	          0	          0	          0	      0	         0	          0	          0	      0	          0	   0	          0	          0	   0	      0	         0	         50	         0	        50	        0	        0	        0	        0	        0	         0	        0	        0	         0	         0	         0	         0	         0	         0	         0	         0	          0	          0	          0	          0	         0	      0	          0	          0	          0	         0	   0	   0	   0	   0	      0	   0	   0	      0	#_495       
 2019	8.8	 8	2	0	1	34	34	      6	          0	   0	      0	          0	       0	         0	         0	        0	        0	        0	        0	        0	        0	         0	         0	         0	         0	         0	         0	         0	         0	         0	         0	         0	          0	          0	          0	          0	          0	          0	          0	          0	          0	      0	         0	          0	          0	      0	          0	   0	          0	          0	   0	      0	         0	          0	   16.6667	        50	        0	  16.6667	  16.6667	        0	        0	         0	        0	        0	         0	         0	         0	         0	         0	         0	         0	         0	          0	          0	          0	          0	         0	      0	          0	          0	          0	         0	   0	   0	   0	   0	      0	   0	   0	      0	#_496       
 2019	8.8	 8	2	0	1	36	36	      8	          0	   0	      0	          0	       0	         0	         0	        0	        0	        0	        0	        0	        0	         0	         0	         0	         0	         0	         0	         0	         0	         0	         0	         0	          0	          0	          0	          0	          0	          0	          0	          0	          0	      0	         0	          0	          0	      0	          0	   0	          0	          0	   0	      0	         0	          0	      37.5	         0	        0	        0	       50	     12.5	        0	         0	        0	        0	         0	         0	         0	         0	         0	         0	         0	         0	          0	          0	          0	          0	         0	      0	          0	          0	          0	         0	   0	   0	   0	   0	      0	   0	   0	      0	#_497       
 2019	8.8	 8	2	0	1	38	38	     13	          0	   0	      0	          0	       0	         0	         0	        0	        0	        0	        0	        0	        0	         0	         0	         0	         0	         0	         0	         0	         0	         0	         0	         0	          0	          0	          0	          0	          0	          0	          0	          0	          0	      0	         0	          0	          0	      0	          0	   0	          0	          0	   0	      0	         0	          0	         0	   7.69231	        0	  23.0769	  7.69231	  23.0769	        0	   7.69231	  7.69231	        0	   23.0769	         0	         0	         0	         0	         0	         0	         0	          0	          0	          0	          0	         0	      0	          0	          0	          0	         0	   0	   0	   0	   0	      0	   0	   0	      0	#_498       
 2019	8.8	 8	2	0	1	40	40	     16	          0	   0	      0	          0	       0	         0	         0	        0	        0	        0	        0	        0	        0	         0	         0	         0	         0	         0	         0	         0	         0	         0	         0	         0	          0	          0	          0	          0	          0	          0	          0	          0	          0	      0	         0	          0	          0	      0	          0	   0	          0	          0	   0	      0	         0	          0	         0	         0	        0	    18.75	     6.25	        0	     12.5	      12.5	    18.75	    18.75	         0	      6.25	         0	      6.25	         0	         0	         0	         0	          0	          0	          0	          0	         0	      0	          0	          0	          0	         0	   0	   0	   0	   0	      0	   0	   0	      0	#_499       
 2019	8.8	 8	2	0	1	42	42	      6	          0	   0	      0	          0	       0	         0	         0	        0	        0	        0	        0	        0	        0	         0	         0	         0	         0	         0	         0	         0	         0	         0	         0	         0	          0	          0	          0	          0	          0	          0	          0	          0	          0	      0	         0	          0	          0	      0	          0	   0	          0	          0	   0	      0	         0	          0	         0	         0	        0	        0	        0	        0	        0	         0	        0	        0	   16.6667	   16.6667	         0	         0	   16.6667	   16.6667	   16.6667	         0	    16.6667	          0	          0	          0	         0	      0	          0	          0	          0	         0	   0	   0	   0	   0	      0	   0	   0	      0	#_500       
 2019	8.8	 8	2	0	1	44	44	      8	          0	   0	      0	          0	       0	         0	         0	        0	        0	        0	        0	        0	        0	         0	         0	         0	         0	         0	         0	         0	         0	         0	         0	         0	          0	          0	          0	          0	          0	          0	          0	          0	          0	      0	         0	          0	          0	      0	          0	   0	          0	          0	   0	      0	         0	          0	         0	         0	        0	        0	        0	        0	        0	         0	        0	        0	         0	         0	      12.5	         0	         0	        25	        25	      12.5	          0	          0	          0	       12.5	      12.5	      0	          0	          0	          0	         0	   0	   0	   0	   0	      0	   0	   0	      0	#_501       
 2019	8.8	 8	2	0	1	46	46	      2	          0	   0	      0	          0	       0	         0	         0	        0	        0	        0	        0	        0	        0	         0	         0	         0	         0	         0	         0	         0	         0	         0	         0	         0	          0	          0	          0	          0	          0	          0	          0	          0	          0	      0	         0	          0	          0	      0	          0	   0	          0	          0	   0	      0	         0	          0	         0	         0	        0	        0	        0	        0	        0	         0	        0	        0	         0	         0	         0	         0	         0	         0	         0	         0	        100	          0	          0	          0	         0	      0	          0	          0	          0	         0	   0	   0	   0	   0	      0	   0	   0	      0	#_502       
 2019	8.8	 8	2	0	1	48	48	      2	          0	   0	      0	          0	       0	         0	         0	        0	        0	        0	        0	        0	        0	         0	         0	         0	         0	         0	         0	         0	         0	         0	         0	         0	          0	          0	          0	          0	          0	          0	          0	          0	          0	      0	         0	          0	          0	      0	          0	   0	          0	          0	   0	      0	         0	          0	         0	         0	        0	        0	        0	        0	        0	         0	        0	        0	         0	         0	         0	         0	         0	        50	         0	         0	          0	          0	          0	          0	         0	      0	          0	          0	          0	        50	   0	   0	   0	   0	      0	   0	   0	      0	#_503       
 2019	8.8	 8	1	0	1	24	24	      2	          0	   0	      0	         50	      50	         0	         0	        0	        0	        0	        0	        0	        0	         0	         0	         0	         0	         0	         0	         0	         0	         0	         0	         0	          0	          0	          0	          0	          0	          0	          0	          0	          0	      0	         0	          0	          0	      0	          0	   0	          0	          0	   0	      0	         0	          0	         0	         0	        0	        0	        0	        0	        0	         0	        0	        0	         0	         0	         0	         0	         0	         0	         0	         0	          0	          0	          0	          0	         0	      0	          0	          0	          0	         0	   0	   0	   0	   0	      0	   0	   0	      0	#_504       
 2019	8.8	 8	1	0	1	26	26	      3	          0	   0	      0	    33.3333	 66.6667	         0	         0	        0	        0	        0	        0	        0	        0	         0	         0	         0	         0	         0	         0	         0	         0	         0	         0	         0	          0	          0	          0	          0	          0	          0	          0	          0	          0	      0	         0	          0	          0	      0	          0	   0	          0	          0	   0	      0	         0	          0	         0	         0	        0	        0	        0	        0	        0	         0	        0	        0	         0	         0	         0	         0	         0	         0	         0	         0	          0	          0	          0	          0	         0	      0	          0	          0	          0	         0	   0	   0	   0	   0	      0	   0	   0	      0	#_505       
 2019	8.8	 8	1	0	1	28	28	      1	          0	   0	      0	        100	       0	         0	         0	        0	        0	        0	        0	        0	        0	         0	         0	         0	         0	         0	         0	         0	         0	         0	         0	         0	          0	          0	          0	          0	          0	          0	          0	          0	          0	      0	         0	          0	          0	      0	          0	   0	          0	          0	   0	      0	         0	          0	         0	         0	        0	        0	        0	        0	        0	         0	        0	        0	         0	         0	         0	         0	         0	         0	         0	         0	          0	          0	          0	          0	         0	      0	          0	          0	          0	         0	   0	   0	   0	   0	      0	   0	   0	      0	#_506       
 2019	8.8	 8	1	0	1	30	30	      1	          0	   0	      0	          0	       0	         0	       100	        0	        0	        0	        0	        0	        0	         0	         0	         0	         0	         0	         0	         0	         0	         0	         0	         0	          0	          0	          0	          0	          0	          0	          0	          0	          0	      0	         0	          0	          0	      0	          0	   0	          0	          0	   0	      0	         0	          0	         0	         0	        0	        0	        0	        0	        0	         0	        0	        0	         0	         0	         0	         0	         0	         0	         0	         0	          0	          0	          0	          0	         0	      0	          0	          0	          0	         0	   0	   0	   0	   0	      0	   0	   0	      0	#_507       
 2019	8.8	 8	1	0	1	34	34	      1	          0	   0	      0	          0	       0	         0	         0	        0	        0	      100	        0	        0	        0	         0	         0	         0	         0	         0	         0	         0	         0	         0	         0	         0	          0	          0	          0	          0	          0	          0	          0	          0	          0	      0	         0	          0	          0	      0	          0	   0	          0	          0	   0	      0	         0	          0	         0	         0	        0	        0	        0	        0	        0	         0	        0	        0	         0	         0	         0	         0	         0	         0	         0	         0	          0	          0	          0	          0	         0	      0	          0	          0	          0	         0	   0	   0	   0	   0	      0	   0	   0	      0	#_508       
 2019	8.8	 8	1	0	1	36	36	      3	          0	   0	      0	          0	       0	   33.3333	   33.3333	        0	  33.3333	        0	        0	        0	        0	         0	         0	         0	         0	         0	         0	         0	         0	         0	         0	         0	          0	          0	          0	          0	          0	          0	          0	          0	          0	      0	         0	          0	          0	      0	          0	   0	          0	          0	   0	      0	         0	          0	         0	         0	        0	        0	        0	        0	        0	         0	        0	        0	         0	         0	         0	         0	         0	         0	         0	         0	          0	          0	          0	          0	         0	      0	          0	          0	          0	         0	   0	   0	   0	   0	      0	   0	   0	      0	#_509       
 2019	8.8	 8	1	0	1	38	38	      6	          0	   0	      0	          0	       0	         0	        50	        0	        0	  16.6667	  16.6667	  16.6667	        0	         0	         0	         0	         0	         0	         0	         0	         0	         0	         0	         0	          0	          0	          0	          0	          0	          0	          0	          0	          0	      0	         0	          0	          0	      0	          0	   0	          0	          0	   0	      0	         0	          0	         0	         0	        0	        0	        0	        0	        0	         0	        0	        0	         0	         0	         0	         0	         0	         0	         0	         0	          0	          0	          0	          0	         0	      0	          0	          0	          0	         0	   0	   0	   0	   0	      0	   0	   0	      0	#_510       
 2019	8.8	 8	1	0	1	40	40	     15	          0	   0	      0	          0	       0	         0	         0	        0	       20	       20	  33.3333	  13.3333	  6.66667	   6.66667	         0	         0	         0	         0	         0	         0	         0	         0	         0	         0	          0	          0	          0	          0	          0	          0	          0	          0	          0	      0	         0	          0	          0	      0	          0	   0	          0	          0	   0	      0	         0	          0	         0	         0	        0	        0	        0	        0	        0	         0	        0	        0	         0	         0	         0	         0	         0	         0	         0	         0	          0	          0	          0	          0	         0	      0	          0	          0	          0	         0	   0	   0	   0	   0	      0	   0	   0	      0	#_511       
 2019	8.8	 8	1	0	1	42	42	     23	          0	   0	      0	          0	       0	         0	         0	        0	  8.69565	  17.3913	  17.3913	  21.7391	  4.34783	         0	   4.34783	   8.69565	   4.34783	   4.34783	   4.34783	   4.34783	         0	         0	         0	         0	          0	          0	          0	          0	          0	          0	          0	          0	          0	      0	         0	          0	          0	      0	          0	   0	          0	          0	   0	      0	         0	          0	         0	         0	        0	        0	        0	        0	        0	         0	        0	        0	         0	         0	         0	         0	         0	         0	         0	         0	          0	          0	          0	          0	         0	      0	          0	          0	          0	         0	   0	   0	   0	   0	      0	   0	   0	      0	#_512       
 2019	8.8	 8	1	0	1	44	44	     19	          0	   0	      0	          0	       0	         0	         0	        0	        0	  5.26316	  21.0526	  5.26316	  15.7895	   5.26316	   5.26316	   5.26316	   15.7895	   10.5263	         0	   10.5263	         0	         0	         0	         0	          0	          0	          0	          0	          0	          0	          0	          0	          0	      0	         0	          0	          0	      0	          0	   0	          0	          0	   0	      0	         0	          0	         0	         0	        0	        0	        0	        0	        0	         0	        0	        0	         0	         0	         0	         0	         0	         0	         0	         0	          0	          0	          0	          0	         0	      0	          0	          0	          0	         0	   0	   0	   0	   0	      0	   0	   0	      0	#_513       
 2019	8.8	 8	1	0	1	46	46	      6	          0	   0	      0	          0	       0	         0	         0	        0	        0	        0	        0	        0	        0	   16.6667	   16.6667	         0	   16.6667	   33.3333	         0	         0	         0	         0	         0	         0	    16.6667	          0	          0	          0	          0	          0	          0	          0	          0	      0	         0	          0	          0	      0	          0	   0	          0	          0	   0	      0	         0	          0	         0	         0	        0	        0	        0	        0	        0	         0	        0	        0	         0	         0	         0	         0	         0	         0	         0	         0	          0	          0	          0	          0	         0	      0	          0	          0	          0	         0	   0	   0	   0	   0	      0	   0	   0	      0	#_514       
 2019	8.8	 8	1	0	1	48	48	      6	          0	   0	      0	          0	       0	         0	         0	        0	        0	        0	        0	        0	        0	         0	   16.6667	         0	        50	         0	         0	         0	         0	         0	         0	   16.6667	          0	          0	          0	          0	          0	          0	          0	          0	          0	      0	         0	    16.6667	          0	      0	          0	   0	          0	          0	   0	      0	         0	          0	         0	         0	        0	        0	        0	        0	        0	         0	        0	        0	         0	         0	         0	         0	         0	         0	         0	         0	          0	          0	          0	          0	         0	      0	          0	          0	          0	         0	   0	   0	   0	   0	      0	   0	   0	      0	#_515       
 2019	8.8	 8	1	0	1	50	50	      5	          0	   0	      0	          0	       0	         0	         0	        0	        0	        0	        0	        0	        0	         0	         0	         0	         0	         0	         0	         0	        20	         0	         0	         0	         20	          0	          0	          0	          0	          0	          0	         40	         20	      0	         0	          0	          0	      0	          0	   0	          0	          0	   0	      0	         0	          0	         0	         0	        0	        0	        0	        0	        0	         0	        0	        0	         0	         0	         0	         0	         0	         0	         0	         0	          0	          0	          0	          0	         0	      0	          0	          0	          0	         0	   0	   0	   0	   0	      0	   0	   0	      0	#_516       
 2019	8.8	 8	1	0	1	52	52	      1	          0	   0	      0	          0	       0	         0	         0	        0	        0	        0	        0	        0	        0	         0	         0	         0	         0	         0	         0	         0	         0	         0	         0	         0	          0	          0	          0	          0	          0	          0	          0	          0	          0	      0	         0	          0	          0	      0	          0	   0	        100	          0	   0	      0	         0	          0	         0	         0	        0	        0	        0	        0	        0	         0	        0	        0	         0	         0	         0	         0	         0	         0	         0	         0	          0	          0	          0	          0	         0	      0	          0	          0	          0	         0	   0	   0	   0	   0	      0	   0	   0	      0	#_517       
 2019	8.8	 8	1	0	1	54	54	      1	          0	   0	      0	          0	       0	         0	         0	        0	        0	        0	        0	        0	        0	         0	         0	         0	         0	         0	         0	         0	         0	         0	         0	         0	          0	          0	          0	          0	        100	          0	          0	          0	          0	      0	         0	          0	          0	      0	          0	   0	          0	          0	   0	      0	         0	          0	         0	         0	        0	        0	        0	        0	        0	         0	        0	        0	         0	         0	         0	         0	         0	         0	         0	         0	          0	          0	          0	          0	         0	      0	          0	          0	          0	         0	   0	   0	   0	   0	      0	   0	   0	      0	#_518       
 2019	8.8	 8	1	0	1	56	56	      1	          0	   0	      0	          0	       0	         0	         0	        0	        0	        0	        0	        0	        0	         0	         0	         0	         0	         0	         0	         0	         0	         0	         0	         0	          0	        100	          0	          0	          0	          0	          0	          0	          0	      0	         0	          0	          0	      0	          0	   0	          0	          0	   0	      0	         0	          0	         0	         0	        0	        0	        0	        0	        0	         0	        0	        0	         0	         0	         0	         0	         0	         0	         0	         0	          0	          0	          0	          0	         0	      0	          0	          0	          0	         0	   0	   0	   0	   0	      0	   0	   0	      0	#_519       
 2021	8.8	 8	2	0	1	26	26	      2	          0	   0	      0	          0	       0	         0	         0	        0	        0	        0	        0	        0	        0	         0	         0	         0	         0	         0	         0	         0	         0	         0	         0	         0	          0	          0	          0	          0	          0	          0	          0	          0	          0	      0	         0	          0	          0	      0	          0	   0	          0	          0	   0	      0	         0	          0	        50	        50	        0	        0	        0	        0	        0	         0	        0	        0	         0	         0	         0	         0	         0	         0	         0	         0	          0	          0	          0	          0	         0	      0	          0	          0	          0	         0	   0	   0	   0	   0	      0	   0	   0	      0	#_520       
 2021	8.8	 8	2	0	1	28	28	      2	          0	   0	      0	          0	       0	         0	         0	        0	        0	        0	        0	        0	        0	         0	         0	         0	         0	         0	         0	         0	         0	         0	         0	         0	          0	          0	          0	          0	          0	          0	          0	          0	          0	      0	         0	          0	          0	      0	          0	   0	          0	          0	   0	      0	         0	         50	         0	        50	        0	        0	        0	        0	        0	         0	        0	        0	         0	         0	         0	         0	         0	         0	         0	         0	          0	          0	          0	          0	         0	      0	          0	          0	          0	         0	   0	   0	   0	   0	      0	   0	   0	      0	#_521       
 2021	8.8	 8	2	0	1	30	30	      1	          0	   0	      0	          0	       0	         0	         0	        0	        0	        0	        0	        0	        0	         0	         0	         0	         0	         0	         0	         0	         0	         0	         0	         0	          0	          0	          0	          0	          0	          0	          0	          0	          0	      0	         0	          0	          0	      0	          0	   0	          0	          0	   0	      0	         0	          0	       100	         0	        0	        0	        0	        0	        0	         0	        0	        0	         0	         0	         0	         0	         0	         0	         0	         0	          0	          0	          0	          0	         0	      0	          0	          0	          0	         0	   0	   0	   0	   0	      0	   0	   0	      0	#_522       
 2021	8.8	 8	2	0	1	32	32	      4	          0	   0	      0	          0	       0	         0	         0	        0	        0	        0	        0	        0	        0	         0	         0	         0	         0	         0	         0	         0	         0	         0	         0	         0	          0	          0	          0	          0	          0	          0	          0	          0	          0	      0	         0	          0	          0	      0	          0	   0	          0	          0	   0	      0	         0	          0	        75	        25	        0	        0	        0	        0	        0	         0	        0	        0	         0	         0	         0	         0	         0	         0	         0	         0	          0	          0	          0	          0	         0	      0	          0	          0	          0	         0	   0	   0	   0	   0	      0	   0	   0	      0	#_523       
 2021	8.8	 8	2	0	1	34	34	      1	          0	   0	      0	          0	       0	         0	         0	        0	        0	        0	        0	        0	        0	         0	         0	         0	         0	         0	         0	         0	         0	         0	         0	         0	          0	          0	          0	          0	          0	          0	          0	          0	          0	      0	         0	          0	          0	      0	          0	   0	          0	          0	   0	      0	         0	          0	       100	         0	        0	        0	        0	        0	        0	         0	        0	        0	         0	         0	         0	         0	         0	         0	         0	         0	          0	          0	          0	          0	         0	      0	          0	          0	          0	         0	   0	   0	   0	   0	      0	   0	   0	      0	#_524       
 2021	8.8	 8	2	0	1	36	36	      2	          0	   0	      0	          0	       0	         0	         0	        0	        0	        0	        0	        0	        0	         0	         0	         0	         0	         0	         0	         0	         0	         0	         0	         0	          0	          0	          0	          0	          0	          0	          0	          0	          0	      0	         0	          0	          0	      0	          0	   0	          0	          0	   0	      0	         0	          0	         0	        50	       50	        0	        0	        0	        0	         0	        0	        0	         0	         0	         0	         0	         0	         0	         0	         0	          0	          0	          0	          0	         0	      0	          0	          0	          0	         0	   0	   0	   0	   0	      0	   0	   0	      0	#_525       
 2021	8.8	 8	2	0	1	38	38	      4	          0	   0	      0	          0	       0	         0	         0	        0	        0	        0	        0	        0	        0	         0	         0	         0	         0	         0	         0	         0	         0	         0	         0	         0	          0	          0	          0	          0	          0	          0	          0	          0	          0	      0	         0	          0	          0	      0	          0	   0	          0	          0	   0	      0	         0	          0	         0	        25	        0	        0	        0	       25	       25	        25	        0	        0	         0	         0	         0	         0	         0	         0	         0	         0	          0	          0	          0	          0	         0	      0	          0	          0	          0	         0	   0	   0	   0	   0	      0	   0	   0	      0	#_526       
 2021	8.8	 8	2	0	1	40	40	      6	          0	   0	      0	          0	       0	         0	         0	        0	        0	        0	        0	        0	        0	         0	         0	         0	         0	         0	         0	         0	         0	         0	         0	         0	          0	          0	          0	          0	          0	          0	          0	          0	          0	      0	         0	          0	          0	      0	          0	   0	          0	          0	   0	      0	         0	          0	         0	         0	        0	  16.6667	        0	  16.6667	        0	   16.6667	        0	        0	         0	   16.6667	         0	         0	         0	   33.3333	         0	         0	          0	          0	          0	          0	         0	      0	          0	          0	          0	         0	   0	   0	   0	   0	      0	   0	   0	      0	#_527       
 2021	8.8	 8	2	0	1	42	42	      2	          0	   0	      0	          0	       0	         0	         0	        0	        0	        0	        0	        0	        0	         0	         0	         0	         0	         0	         0	         0	         0	         0	         0	         0	          0	          0	          0	          0	          0	          0	          0	          0	          0	      0	         0	          0	          0	      0	          0	   0	          0	          0	   0	      0	         0	          0	         0	         0	        0	        0	        0	        0	        0	         0	       50	        0	         0	         0	         0	        50	         0	         0	         0	         0	          0	          0	          0	          0	         0	      0	          0	          0	          0	         0	   0	   0	   0	   0	      0	   0	   0	      0	#_528       
 2021	8.8	 8	2	0	1	44	44	      3	          0	   0	      0	          0	       0	         0	         0	        0	        0	        0	        0	        0	        0	         0	         0	         0	         0	         0	         0	         0	         0	         0	         0	         0	          0	          0	          0	          0	          0	          0	          0	          0	          0	      0	         0	          0	          0	      0	          0	   0	          0	          0	   0	      0	         0	          0	         0	         0	        0	        0	  33.3333	        0	        0	   33.3333	        0	        0	         0	         0	         0	         0	   33.3333	         0	         0	         0	          0	          0	          0	          0	         0	      0	          0	          0	          0	         0	   0	   0	   0	   0	      0	   0	   0	      0	#_529       
 2021	8.8	 8	2	0	1	46	46	      1	          0	   0	      0	          0	       0	         0	         0	        0	        0	        0	        0	        0	        0	         0	         0	         0	         0	         0	         0	         0	         0	         0	         0	         0	          0	          0	          0	          0	          0	          0	          0	          0	          0	      0	         0	          0	          0	      0	          0	   0	          0	          0	   0	      0	         0	          0	         0	         0	        0	        0	        0	        0	        0	         0	        0	        0	         0	         0	         0	         0	         0	         0	         0	         0	          0	          0	          0	          0	         0	      0	          0	          0	          0	         0	   0	   0	   0	   0	      0	   0	   0	    100	#_530       
 2021	8.8	 8	1	0	1	20	20	      1	          0	   0	    100	          0	       0	         0	         0	        0	        0	        0	        0	        0	        0	         0	         0	         0	         0	         0	         0	         0	         0	         0	         0	         0	          0	          0	          0	          0	          0	          0	          0	          0	          0	      0	         0	          0	          0	      0	          0	   0	          0	          0	   0	      0	         0	          0	         0	         0	        0	        0	        0	        0	        0	         0	        0	        0	         0	         0	         0	         0	         0	         0	         0	         0	          0	          0	          0	          0	         0	      0	          0	          0	          0	         0	   0	   0	   0	   0	      0	   0	   0	      0	#_531       
 2021	8.8	 8	1	0	1	26	26	      4	          0	   0	      0	          0	      50	        50	         0	        0	        0	        0	        0	        0	        0	         0	         0	         0	         0	         0	         0	         0	         0	         0	         0	         0	          0	          0	          0	          0	          0	          0	          0	          0	          0	      0	         0	          0	          0	      0	          0	   0	          0	          0	   0	      0	         0	          0	         0	         0	        0	        0	        0	        0	        0	         0	        0	        0	         0	         0	         0	         0	         0	         0	         0	         0	          0	          0	          0	          0	         0	      0	          0	          0	          0	         0	   0	   0	   0	   0	      0	   0	   0	      0	#_532       
 2021	8.8	 8	1	0	1	28	28	      2	          0	   0	      0	          0	       0	       100	         0	        0	        0	        0	        0	        0	        0	         0	         0	         0	         0	         0	         0	         0	         0	         0	         0	         0	          0	          0	          0	          0	          0	          0	          0	          0	          0	      0	         0	          0	          0	      0	          0	   0	          0	          0	   0	      0	         0	          0	         0	         0	        0	        0	        0	        0	        0	         0	        0	        0	         0	         0	         0	         0	         0	         0	         0	         0	          0	          0	          0	          0	         0	      0	          0	          0	          0	         0	   0	   0	   0	   0	      0	   0	   0	      0	#_533       
 2021	8.8	 8	1	0	1	32	32	      2	          0	   0	      0	          0	       0	       100	         0	        0	        0	        0	        0	        0	        0	         0	         0	         0	         0	         0	         0	         0	         0	         0	         0	         0	          0	          0	          0	          0	          0	          0	          0	          0	          0	      0	         0	          0	          0	      0	          0	   0	          0	          0	   0	      0	         0	          0	         0	         0	        0	        0	        0	        0	        0	         0	        0	        0	         0	         0	         0	         0	         0	         0	         0	         0	          0	          0	          0	          0	         0	      0	          0	          0	          0	         0	   0	   0	   0	   0	      0	   0	   0	      0	#_534       
 2021	8.8	 8	1	0	1	34	34	      3	          0	   0	      0	          0	       0	   66.6667	         0	  33.3333	        0	        0	        0	        0	        0	         0	         0	         0	         0	         0	         0	         0	         0	         0	         0	         0	          0	          0	          0	          0	          0	          0	          0	          0	          0	      0	         0	          0	          0	      0	          0	   0	          0	          0	   0	      0	         0	          0	         0	         0	        0	        0	        0	        0	        0	         0	        0	        0	         0	         0	         0	         0	         0	         0	         0	         0	          0	          0	          0	          0	         0	      0	          0	          0	          0	         0	   0	   0	   0	   0	      0	   0	   0	      0	#_535       
 2021	8.8	 8	1	0	1	36	36	      1	          0	   0	      0	          0	       0	       100	         0	        0	        0	        0	        0	        0	        0	         0	         0	         0	         0	         0	         0	         0	         0	         0	         0	         0	          0	          0	          0	          0	          0	          0	          0	          0	          0	      0	         0	          0	          0	      0	          0	   0	          0	          0	   0	      0	         0	          0	         0	         0	        0	        0	        0	        0	        0	         0	        0	        0	         0	         0	         0	         0	         0	         0	         0	         0	          0	          0	          0	          0	         0	      0	          0	          0	          0	         0	   0	   0	   0	   0	      0	   0	   0	      0	#_536       
 2021	8.8	 8	1	0	1	40	40	      3	          0	   0	      0	          0	       0	         0	         0	        0	        0	  33.3333	        0	        0	        0	   66.6667	         0	         0	         0	         0	         0	         0	         0	         0	         0	         0	          0	          0	          0	          0	          0	          0	          0	          0	          0	      0	         0	          0	          0	      0	          0	   0	          0	          0	   0	      0	         0	          0	         0	         0	        0	        0	        0	        0	        0	         0	        0	        0	         0	         0	         0	         0	         0	         0	         0	         0	          0	          0	          0	          0	         0	      0	          0	          0	          0	         0	   0	   0	   0	   0	      0	   0	   0	      0	#_537       
 2021	8.8	 8	1	0	1	42	42	      3	          0	   0	      0	          0	       0	         0	         0	        0	        0	        0	        0	  33.3333	        0	   33.3333	         0	         0	         0	         0	   33.3333	         0	         0	         0	         0	         0	          0	          0	          0	          0	          0	          0	          0	          0	          0	      0	         0	          0	          0	      0	          0	   0	          0	          0	   0	      0	         0	          0	         0	         0	        0	        0	        0	        0	        0	         0	        0	        0	         0	         0	         0	         0	         0	         0	         0	         0	          0	          0	          0	          0	         0	      0	          0	          0	          0	         0	   0	   0	   0	   0	      0	   0	   0	      0	#_538       
 2021	8.8	 8	1	0	1	44	44	     10	          0	   0	      0	          0	       0	         0	         0	        0	        0	       10	        0	        0	       10	         0	        20	        20	        10	        10	        10	        10	         0	         0	         0	         0	          0	          0	          0	          0	          0	          0	          0	          0	          0	      0	         0	          0	          0	      0	          0	   0	          0	          0	   0	      0	         0	          0	         0	         0	        0	        0	        0	        0	        0	         0	        0	        0	         0	         0	         0	         0	         0	         0	         0	         0	          0	          0	          0	          0	         0	      0	          0	          0	          0	         0	   0	   0	   0	   0	      0	   0	   0	      0	#_539       
 2021	8.8	 8	1	0	1	46	46	      4	          0	   0	      0	          0	       0	         0	         0	        0	        0	        0	        0	        0	        0	         0	         0	         0	         0	        25	        25	        25	         0	         0	        25	         0	          0	          0	          0	          0	          0	          0	          0	          0	          0	      0	         0	          0	          0	      0	          0	   0	          0	          0	   0	      0	         0	          0	         0	         0	        0	        0	        0	        0	        0	         0	        0	        0	         0	         0	         0	         0	         0	         0	         0	         0	          0	          0	          0	          0	         0	      0	          0	          0	          0	         0	   0	   0	   0	   0	      0	   0	   0	      0	#_540       
 2021	8.8	 8	1	0	1	48	48	      2	          0	   0	      0	          0	       0	         0	         0	        0	        0	        0	        0	        0	        0	         0	         0	         0	         0	         0	         0	         0	        50	         0	         0	         0	          0	         50	          0	          0	          0	          0	          0	          0	          0	      0	         0	          0	          0	      0	          0	   0	          0	          0	   0	      0	         0	          0	         0	         0	        0	        0	        0	        0	        0	         0	        0	        0	         0	         0	         0	         0	         0	         0	         0	         0	          0	          0	          0	          0	         0	      0	          0	          0	          0	         0	   0	   0	   0	   0	      0	   0	   0	      0	#_541       
 2021	8.8	 8	1	0	1	50	50	      2	          0	   0	      0	          0	       0	         0	         0	        0	        0	        0	        0	        0	        0	         0	         0	         0	         0	         0	         0	         0	         0	         0	         0	         0	          0	          0	          0	          0	          0	          0	        100	          0	          0	      0	         0	          0	          0	      0	          0	   0	          0	          0	   0	      0	         0	          0	         0	         0	        0	        0	        0	        0	        0	         0	        0	        0	         0	         0	         0	         0	         0	         0	         0	         0	          0	          0	          0	          0	         0	      0	          0	          0	          0	         0	   0	   0	   0	   0	      0	   0	   0	      0	#_542       
 2022	8.8	 8	2	0	1	12	12	      2	          0	   0	      0	          0	       0	         0	         0	        0	        0	        0	        0	        0	        0	         0	         0	         0	         0	         0	         0	         0	         0	         0	         0	         0	          0	          0	          0	          0	          0	          0	          0	          0	          0	      0	         0	          0	          0	      0	          0	   0	          0	          0	 100	      0	         0	          0	         0	         0	        0	        0	        0	        0	        0	         0	        0	        0	         0	         0	         0	         0	         0	         0	         0	         0	          0	          0	          0	          0	         0	      0	          0	          0	          0	         0	   0	   0	   0	   0	      0	   0	   0	      0	#_543       
 2022	8.8	 8	2	0	1	22	22	      1	          0	   0	      0	          0	       0	         0	         0	        0	        0	        0	        0	        0	        0	         0	         0	         0	         0	         0	         0	         0	         0	         0	         0	         0	          0	          0	          0	          0	          0	          0	          0	          0	          0	      0	         0	          0	          0	      0	          0	   0	          0	          0	   0	      0	       100	          0	         0	         0	        0	        0	        0	        0	        0	         0	        0	        0	         0	         0	         0	         0	         0	         0	         0	         0	          0	          0	          0	          0	         0	      0	          0	          0	          0	         0	   0	   0	   0	   0	      0	   0	   0	      0	#_544       
 2022	8.8	 8	2	0	1	24	24	      1	          0	   0	      0	          0	       0	         0	         0	        0	        0	        0	        0	        0	        0	         0	         0	         0	         0	         0	         0	         0	         0	         0	         0	         0	          0	          0	          0	          0	          0	          0	          0	          0	          0	      0	         0	          0	          0	      0	          0	   0	          0	          0	   0	      0	         0	        100	         0	         0	        0	        0	        0	        0	        0	         0	        0	        0	         0	         0	         0	         0	         0	         0	         0	         0	          0	          0	          0	          0	         0	      0	          0	          0	          0	         0	   0	   0	   0	   0	      0	   0	   0	      0	#_545       
 2022	8.8	 8	2	0	1	26	26	      2	          0	   0	      0	          0	       0	         0	         0	        0	        0	        0	        0	        0	        0	         0	         0	         0	         0	         0	         0	         0	         0	         0	         0	         0	          0	          0	          0	          0	          0	          0	          0	          0	          0	      0	         0	          0	          0	      0	          0	   0	          0	          0	   0	      0	         0	         50	         0	        50	        0	        0	        0	        0	        0	         0	        0	        0	         0	         0	         0	         0	         0	         0	         0	         0	          0	          0	          0	          0	         0	      0	          0	          0	          0	         0	   0	   0	   0	   0	      0	   0	   0	      0	#_546       
 2022	8.8	 8	2	0	1	28	28	      3	          0	   0	      0	          0	       0	         0	         0	        0	        0	        0	        0	        0	        0	         0	         0	         0	         0	         0	         0	         0	         0	         0	         0	         0	          0	          0	          0	          0	          0	          0	          0	          0	          0	      0	         0	          0	          0	      0	          0	   0	          0	          0	   0	      0	         0	          0	   33.3333	   33.3333	  33.3333	        0	        0	        0	        0	         0	        0	        0	         0	         0	         0	         0	         0	         0	         0	         0	          0	          0	          0	          0	         0	      0	          0	          0	          0	         0	   0	   0	   0	   0	      0	   0	   0	      0	#_547       
 2022	8.8	 8	2	0	1	30	30	      3	          0	   0	      0	          0	       0	         0	         0	        0	        0	        0	        0	        0	        0	         0	         0	         0	         0	         0	         0	         0	         0	         0	         0	         0	          0	          0	          0	          0	          0	          0	          0	          0	          0	      0	         0	          0	          0	      0	          0	   0	          0	          0	   0	      0	         0	          0	         0	   66.6667	  33.3333	        0	        0	        0	        0	         0	        0	        0	         0	         0	         0	         0	         0	         0	         0	         0	          0	          0	          0	          0	         0	      0	          0	          0	          0	         0	   0	   0	   0	   0	      0	   0	   0	      0	#_548       
 2022	8.8	 8	2	0	1	32	32	      2	          0	   0	      0	          0	       0	         0	         0	        0	        0	        0	        0	        0	        0	         0	         0	         0	         0	         0	         0	         0	         0	         0	         0	         0	          0	          0	          0	          0	          0	          0	          0	          0	          0	      0	         0	          0	          0	      0	          0	   0	          0	          0	   0	      0	         0	          0	         0	       100	        0	        0	        0	        0	        0	         0	        0	        0	         0	         0	         0	         0	         0	         0	         0	         0	          0	          0	          0	          0	         0	      0	          0	          0	          0	         0	   0	   0	   0	   0	      0	   0	   0	      0	#_549       
 2022	8.8	 8	2	0	1	34	34	      2	          0	   0	      0	          0	       0	         0	         0	        0	        0	        0	        0	        0	        0	         0	         0	         0	         0	         0	         0	         0	         0	         0	         0	         0	          0	          0	          0	          0	          0	          0	          0	          0	          0	      0	         0	          0	          0	      0	          0	   0	          0	          0	   0	      0	         0	          0	         0	        50	        0	        0	        0	        0	       50	         0	        0	        0	         0	         0	         0	         0	         0	         0	         0	         0	          0	          0	          0	          0	         0	      0	          0	          0	          0	         0	   0	   0	   0	   0	      0	   0	   0	      0	#_550       
 2022	8.8	 8	2	0	1	36	36	      1	          0	   0	      0	          0	       0	         0	         0	        0	        0	        0	        0	        0	        0	         0	         0	         0	         0	         0	         0	         0	         0	         0	         0	         0	          0	          0	          0	          0	          0	          0	          0	          0	          0	      0	         0	          0	          0	      0	          0	   0	          0	          0	   0	      0	         0	          0	         0	         0	        0	        0	        0	        0	        0	         0	        0	      100	         0	         0	         0	         0	         0	         0	         0	         0	          0	          0	          0	          0	         0	      0	          0	          0	          0	         0	   0	   0	   0	   0	      0	   0	   0	      0	#_551       
 2022	8.8	 8	2	0	1	38	38	     14	          0	   0	      0	          0	       0	         0	         0	        0	        0	        0	        0	        0	        0	         0	         0	         0	         0	         0	         0	         0	         0	         0	         0	         0	          0	          0	          0	          0	          0	          0	          0	          0	          0	      0	         0	          0	          0	      0	          0	   0	          0	          0	   0	      0	         0	          0	         0	         0	        0	  7.14286	  7.14286	        0	  7.14286	   21.4286	  35.7143	  7.14286	   7.14286	         0	         0	   7.14286	         0	         0	         0	         0	          0	          0	          0	          0	         0	      0	          0	          0	          0	         0	   0	   0	   0	   0	      0	   0	   0	      0	#_552       
 2022	8.8	 8	2	0	1	40	40	     13	          0	   0	      0	          0	       0	         0	         0	        0	        0	        0	        0	        0	        0	         0	         0	         0	         0	         0	         0	         0	         0	         0	         0	         0	          0	          0	          0	          0	          0	          0	          0	          0	          0	      0	         0	          0	          0	      0	          0	   0	          0	          0	   0	      0	         0	          0	         0	         0	        0	        0	        0	        0	  15.3846	   15.3846	  7.69231	        0	         0	   15.3846	   7.69231	   15.3846	   15.3846	   7.69231	         0	         0	          0	          0	          0	          0	         0	      0	          0	          0	          0	         0	   0	   0	   0	   0	      0	   0	   0	      0	#_553       
 2022	8.8	 8	2	0	1	42	42	     10	          0	   0	      0	          0	       0	         0	         0	        0	        0	        0	        0	        0	        0	         0	         0	         0	         0	         0	         0	         0	         0	         0	         0	         0	          0	          0	          0	          0	          0	          0	          0	          0	          0	      0	         0	          0	          0	      0	          0	   0	          0	          0	   0	      0	         0	          0	         0	         0	        0	        0	        0	        0	        0	         0	        0	       10	        10	         0	        10	         0	        10	        10	        20	        20	         10	          0	          0	          0	         0	      0	          0	          0	          0	         0	   0	   0	   0	   0	      0	   0	   0	      0	#_554       
 2022	8.8	 8	2	0	1	44	44	      6	          0	   0	      0	          0	       0	         0	         0	        0	        0	        0	        0	        0	        0	         0	         0	         0	         0	         0	         0	         0	         0	         0	         0	         0	          0	          0	          0	          0	          0	          0	          0	          0	          0	      0	         0	          0	          0	      0	          0	   0	          0	          0	   0	      0	         0	          0	         0	         0	        0	        0	        0	        0	        0	         0	        0	        0	         0	         0	         0	         0	         0	   16.6667	   16.6667	         0	    16.6667	    16.6667	          0	    16.6667	   16.6667	      0	          0	          0	          0	         0	   0	   0	   0	   0	      0	   0	   0	      0	#_555       
 2022	8.8	 8	2	0	1	46	46	      1	          0	   0	      0	          0	       0	         0	         0	        0	        0	        0	        0	        0	        0	         0	         0	         0	         0	         0	         0	         0	         0	         0	         0	         0	          0	          0	          0	          0	          0	          0	          0	          0	          0	      0	         0	          0	          0	      0	          0	   0	          0	          0	   0	      0	         0	          0	         0	         0	        0	        0	        0	        0	        0	         0	        0	        0	         0	         0	         0	         0	         0	         0	         0	         0	          0	        100	          0	          0	         0	      0	          0	          0	          0	         0	   0	   0	   0	   0	      0	   0	   0	      0	#_556       
 2022	8.8	 8	1	0	1	26	26	      1	          0	   0	      0	        100	       0	         0	         0	        0	        0	        0	        0	        0	        0	         0	         0	         0	         0	         0	         0	         0	         0	         0	         0	         0	          0	          0	          0	          0	          0	          0	          0	          0	          0	      0	         0	          0	          0	      0	          0	   0	          0	          0	   0	      0	         0	          0	         0	         0	        0	        0	        0	        0	        0	         0	        0	        0	         0	         0	         0	         0	         0	         0	         0	         0	          0	          0	          0	          0	         0	      0	          0	          0	          0	         0	   0	   0	   0	   0	      0	   0	   0	      0	#_557       
 2022	8.8	 8	1	0	1	28	28	      1	          0	   0	      0	          0	       0	       100	         0	        0	        0	        0	        0	        0	        0	         0	         0	         0	         0	         0	         0	         0	         0	         0	         0	         0	          0	          0	          0	          0	          0	          0	          0	          0	          0	      0	         0	          0	          0	      0	          0	   0	          0	          0	   0	      0	         0	          0	         0	         0	        0	        0	        0	        0	        0	         0	        0	        0	         0	         0	         0	         0	         0	         0	         0	         0	          0	          0	          0	          0	         0	      0	          0	          0	          0	         0	   0	   0	   0	   0	      0	   0	   0	      0	#_558       
 2022	8.8	 8	1	0	1	30	30	      3	          0	   0	      0	          0	       0	         0	       100	        0	        0	        0	        0	        0	        0	         0	         0	         0	         0	         0	         0	         0	         0	         0	         0	         0	          0	          0	          0	          0	          0	          0	          0	          0	          0	      0	         0	          0	          0	      0	          0	   0	          0	          0	   0	      0	         0	          0	         0	         0	        0	        0	        0	        0	        0	         0	        0	        0	         0	         0	         0	         0	         0	         0	         0	         0	          0	          0	          0	          0	         0	      0	          0	          0	          0	         0	   0	   0	   0	   0	      0	   0	   0	      0	#_559       
 2022	8.8	 8	1	0	1	32	32	      3	          0	   0	      0	          0	       0	         0	       100	        0	        0	        0	        0	        0	        0	         0	         0	         0	         0	         0	         0	         0	         0	         0	         0	         0	          0	          0	          0	          0	          0	          0	          0	          0	          0	      0	         0	          0	          0	      0	          0	   0	          0	          0	   0	      0	         0	          0	         0	         0	        0	        0	        0	        0	        0	         0	        0	        0	         0	         0	         0	         0	         0	         0	         0	         0	          0	          0	          0	          0	         0	      0	          0	          0	          0	         0	   0	   0	   0	   0	      0	   0	   0	      0	#_560       
 2022	8.8	 8	1	0	1	34	34	      4	          0	   0	      0	          0	       0	         0	       100	        0	        0	        0	        0	        0	        0	         0	         0	         0	         0	         0	         0	         0	         0	         0	         0	         0	          0	          0	          0	          0	          0	          0	          0	          0	          0	      0	         0	          0	          0	      0	          0	   0	          0	          0	   0	      0	         0	          0	         0	         0	        0	        0	        0	        0	        0	         0	        0	        0	         0	         0	         0	         0	         0	         0	         0	         0	          0	          0	          0	          0	         0	      0	          0	          0	          0	         0	   0	   0	   0	   0	      0	   0	   0	      0	#_561       
 2022	8.8	 8	1	0	1	36	36	      2	          0	   0	      0	          0	       0	         0	        50	        0	        0	       50	        0	        0	        0	         0	         0	         0	         0	         0	         0	         0	         0	         0	         0	         0	          0	          0	          0	          0	          0	          0	          0	          0	          0	      0	         0	          0	          0	      0	          0	   0	          0	          0	   0	      0	         0	          0	         0	         0	        0	        0	        0	        0	        0	         0	        0	        0	         0	         0	         0	         0	         0	         0	         0	         0	          0	          0	          0	          0	         0	      0	          0	          0	          0	         0	   0	   0	   0	   0	      0	   0	   0	      0	#_562       
 2022	8.8	 8	1	0	1	38	38	      3	          0	   0	      0	          0	       0	         0	   33.3333	  33.3333	        0	  33.3333	        0	        0	        0	         0	         0	         0	         0	         0	         0	         0	         0	         0	         0	         0	          0	          0	          0	          0	          0	          0	          0	          0	          0	      0	         0	          0	          0	      0	          0	   0	          0	          0	   0	      0	         0	          0	         0	         0	        0	        0	        0	        0	        0	         0	        0	        0	         0	         0	         0	         0	         0	         0	         0	         0	          0	          0	          0	          0	         0	      0	          0	          0	          0	         0	   0	   0	   0	   0	      0	   0	   0	      0	#_563       
 2022	8.8	 8	1	0	1	42	42	      6	          0	   0	      0	          0	       0	         0	         0	        0	        0	        0	  16.6667	        0	  33.3333	   33.3333	   16.6667	         0	         0	         0	         0	         0	         0	         0	         0	         0	          0	          0	          0	          0	          0	          0	          0	          0	          0	      0	         0	          0	          0	      0	          0	   0	          0	          0	   0	      0	         0	          0	         0	         0	        0	        0	        0	        0	        0	         0	        0	        0	         0	         0	         0	         0	         0	         0	         0	         0	          0	          0	          0	          0	         0	      0	          0	          0	          0	         0	   0	   0	   0	   0	      0	   0	   0	      0	#_564       
 2022	8.8	 8	1	0	1	44	44	     10	          0	   0	      0	          0	       0	         0	         0	        0	        0	        0	        0	        0	        0	        30	        30	         0	        10	         0	         0	         0	         0	         0	        10	         0	         20	          0	          0	          0	          0	          0	          0	          0	          0	      0	         0	          0	          0	      0	          0	   0	          0	          0	   0	      0	         0	          0	         0	         0	        0	        0	        0	        0	        0	         0	        0	        0	         0	         0	         0	         0	         0	         0	         0	         0	          0	          0	          0	          0	         0	      0	          0	          0	          0	         0	   0	   0	   0	   0	      0	   0	   0	      0	#_565       
 2022	8.8	 8	1	0	1	46	46	      7	          0	   0	      0	          0	       0	         0	         0	        0	        0	        0	        0	        0	        0	   14.2857	   28.5714	         0	         0	   14.2857	   14.2857	         0	         0	         0	   14.2857	         0	    14.2857	          0	          0	          0	          0	          0	          0	          0	          0	      0	         0	          0	          0	      0	          0	   0	          0	          0	   0	      0	         0	          0	         0	         0	        0	        0	        0	        0	        0	         0	        0	        0	         0	         0	         0	         0	         0	         0	         0	         0	          0	          0	          0	          0	         0	      0	          0	          0	          0	         0	   0	   0	   0	   0	      0	   0	   0	      0	#_566       
 2022	8.8	 8	1	0	1	48	48	      3	          0	   0	      0	          0	       0	         0	         0	        0	        0	        0	        0	        0	        0	         0	         0	         0	         0	         0	         0	         0	   33.3333	         0	         0	         0	          0	    33.3333	    33.3333	          0	          0	          0	          0	          0	          0	      0	         0	          0	          0	      0	          0	   0	          0	          0	   0	      0	         0	          0	         0	         0	        0	        0	        0	        0	        0	         0	        0	        0	         0	         0	         0	         0	         0	         0	         0	         0	          0	          0	          0	          0	         0	      0	          0	          0	          0	         0	   0	   0	   0	   0	      0	   0	   0	      0	#_567       
 2022	8.8	 8	1	0	1	52	52	      2	          0	   0	      0	          0	       0	         0	         0	        0	        0	        0	        0	        0	        0	         0	         0	         0	         0	         0	         0	         0	         0	         0	         0	         0	          0	          0	         50	          0	          0	          0	          0	         50	          0	      0	         0	          0	          0	      0	          0	   0	          0	          0	   0	      0	         0	          0	         0	         0	        0	        0	        0	        0	        0	         0	        0	        0	         0	         0	         0	         0	         0	         0	         0	         0	          0	          0	          0	          0	         0	      0	          0	          0	          0	         0	   0	   0	   0	   0	      0	   0	   0	      0	#_568       
 2022	8.8	 8	1	0	1	54	54	      1	          0	   0	      0	          0	       0	         0	         0	        0	        0	        0	        0	        0	        0	         0	         0	         0	         0	         0	         0	         0	         0	         0	         0	         0	          0	          0	          0	          0	          0	          0	          0	          0	          0	      0	         0	        100	          0	      0	          0	   0	          0	          0	   0	      0	         0	          0	         0	         0	        0	        0	        0	        0	        0	         0	        0	        0	         0	         0	         0	         0	         0	         0	         0	         0	          0	          0	          0	          0	         0	      0	          0	          0	          0	         0	   0	   0	   0	   0	      0	   0	   0	      0	#_569       
 2023	8.8	 8	2	0	1	32	32	      1	          0	   0	      0	          0	       0	         0	         0	        0	        0	        0	        0	        0	        0	         0	         0	         0	         0	         0	         0	         0	         0	         0	         0	         0	          0	          0	          0	          0	          0	          0	          0	          0	          0	      0	         0	          0	          0	      0	          0	   0	          0	          0	   0	      0	         0	          0	         0	         0	      100	        0	        0	        0	        0	         0	        0	        0	         0	         0	         0	         0	         0	         0	         0	         0	          0	          0	          0	          0	         0	      0	          0	          0	          0	         0	   0	   0	   0	   0	      0	   0	   0	      0	#_570       
 2023	8.8	 8	2	0	1	34	34	      5	          0	   0	      0	          0	       0	         0	         0	        0	        0	        0	        0	        0	        0	         0	         0	         0	         0	         0	         0	         0	         0	         0	         0	         0	          0	          0	          0	          0	          0	          0	          0	          0	          0	      0	         0	          0	          0	      0	          0	   0	          0	          0	   0	      0	         0	          0	         0	        40	       60	        0	        0	        0	        0	         0	        0	        0	         0	         0	         0	         0	         0	         0	         0	         0	          0	          0	          0	          0	         0	      0	          0	          0	          0	         0	   0	   0	   0	   0	      0	   0	   0	      0	#_571       
 2023	8.8	 8	2	0	1	36	36	      5	          0	   0	      0	          0	       0	         0	         0	        0	        0	        0	        0	        0	        0	         0	         0	         0	         0	         0	         0	         0	         0	         0	         0	         0	          0	          0	          0	          0	          0	          0	          0	          0	          0	      0	         0	          0	          0	      0	          0	   0	          0	          0	   0	      0	         0	          0	         0	         0	       60	       20	       20	        0	        0	         0	        0	        0	         0	         0	         0	         0	         0	         0	         0	         0	          0	          0	          0	          0	         0	      0	          0	          0	          0	         0	   0	   0	   0	   0	      0	   0	   0	      0	#_572       
 2023	8.8	 8	2	0	1	38	38	      8	          0	   0	      0	          0	       0	         0	         0	        0	        0	        0	        0	        0	        0	         0	         0	         0	         0	         0	         0	         0	         0	         0	         0	         0	          0	          0	          0	          0	          0	          0	          0	          0	          0	      0	         0	          0	          0	      0	          0	   0	          0	          0	   0	      0	         0	          0	         0	         0	     37.5	        0	        0	       25	        0	         0	        0	        0	      12.5	         0	        25	         0	         0	         0	         0	         0	          0	          0	          0	          0	         0	      0	          0	          0	          0	         0	   0	   0	   0	   0	      0	   0	   0	      0	#_573       
 2023	8.8	 8	2	0	1	40	40	      9	          0	   0	      0	          0	       0	         0	         0	        0	        0	        0	        0	        0	        0	         0	         0	         0	         0	         0	         0	         0	         0	         0	         0	         0	          0	          0	          0	          0	          0	          0	          0	          0	          0	      0	         0	          0	          0	      0	          0	   0	          0	          0	   0	      0	         0	          0	         0	         0	        0	        0	        0	  11.1111	        0	         0	  22.2222	        0	         0	   22.2222	   11.1111	   11.1111	         0	   11.1111	         0	         0	    11.1111	          0	          0	          0	         0	      0	          0	          0	          0	         0	   0	   0	   0	   0	      0	   0	   0	      0	#_574       
 2023	8.8	 8	2	0	1	42	42	      6	          0	   0	      0	          0	       0	         0	         0	        0	        0	        0	        0	        0	        0	         0	         0	         0	         0	         0	         0	         0	         0	         0	         0	         0	          0	          0	          0	          0	          0	          0	          0	          0	          0	      0	         0	          0	          0	      0	          0	   0	          0	          0	   0	      0	         0	          0	         0	         0	        0	        0	        0	        0	        0	         0	  16.6667	        0	         0	         0	   16.6667	         0	         0	         0	   16.6667	   16.6667	    16.6667	    16.6667	          0	          0	         0	      0	          0	          0	          0	         0	   0	   0	   0	   0	      0	   0	   0	      0	#_575       
 2023	8.8	 8	2	0	1	44	44	      3	          0	   0	      0	          0	       0	         0	         0	        0	        0	        0	        0	        0	        0	         0	         0	         0	         0	         0	         0	         0	         0	         0	         0	         0	          0	          0	          0	          0	          0	          0	          0	          0	          0	      0	         0	          0	          0	      0	          0	   0	          0	          0	   0	      0	         0	          0	         0	         0	        0	        0	        0	        0	        0	         0	        0	        0	         0	         0	         0	         0	         0	         0	         0	         0	          0	    66.6667	    33.3333	          0	         0	      0	          0	          0	          0	         0	   0	   0	   0	   0	      0	   0	   0	      0	#_576       
 2023	8.8	 8	2	0	1	54	54	      1	          0	   0	      0	          0	       0	         0	         0	        0	        0	        0	        0	        0	        0	         0	         0	         0	         0	         0	         0	         0	         0	         0	         0	         0	          0	          0	          0	          0	          0	          0	          0	          0	          0	      0	         0	          0	          0	      0	          0	   0	          0	          0	   0	      0	         0	          0	         0	         0	        0	        0	        0	        0	        0	         0	        0	        0	         0	         0	         0	         0	         0	         0	         0	         0	          0	          0	          0	          0	         0	      0	          0	          0	          0	         0	   0	   0	   0	   0	      0	 100	   0	      0	#_577       
 2023	8.8	 8	1	0	1	32	32	      1	          0	   0	      0	          0	       0	         0	         0	      100	        0	        0	        0	        0	        0	         0	         0	         0	         0	         0	         0	         0	         0	         0	         0	         0	          0	          0	          0	          0	          0	          0	          0	          0	          0	      0	         0	          0	          0	      0	          0	   0	          0	          0	   0	      0	         0	          0	         0	         0	        0	        0	        0	        0	        0	         0	        0	        0	         0	         0	         0	         0	         0	         0	         0	         0	          0	          0	          0	          0	         0	      0	          0	          0	          0	         0	   0	   0	   0	   0	      0	   0	   0	      0	#_578       
 2023	8.8	 8	1	0	1	34	34	      8	          0	   0	      0	          0	       0	         0	        50	       50	        0	        0	        0	        0	        0	         0	         0	         0	         0	         0	         0	         0	         0	         0	         0	         0	          0	          0	          0	          0	          0	          0	          0	          0	          0	      0	         0	          0	          0	      0	          0	   0	          0	          0	   0	      0	         0	          0	         0	         0	        0	        0	        0	        0	        0	         0	        0	        0	         0	         0	         0	         0	         0	         0	         0	         0	          0	          0	          0	          0	         0	      0	          0	          0	          0	         0	   0	   0	   0	   0	      0	   0	   0	      0	#_579       
 2023	8.8	 8	1	0	1	36	36	      4	          0	   0	      0	          0	       0	         0	         0	      100	        0	        0	        0	        0	        0	         0	         0	         0	         0	         0	         0	         0	         0	         0	         0	         0	          0	          0	          0	          0	          0	          0	          0	          0	          0	      0	         0	          0	          0	      0	          0	   0	          0	          0	   0	      0	         0	          0	         0	         0	        0	        0	        0	        0	        0	         0	        0	        0	         0	         0	         0	         0	         0	         0	         0	         0	          0	          0	          0	          0	         0	      0	          0	          0	          0	         0	   0	   0	   0	   0	      0	   0	   0	      0	#_580       
 2023	8.8	 8	1	0	1	38	38	      5	          0	   0	      0	          0	       0	         0	         0	       60	       20	        0	        0	        0	       20	         0	         0	         0	         0	         0	         0	         0	         0	         0	         0	         0	          0	          0	          0	          0	          0	          0	          0	          0	          0	      0	         0	          0	          0	      0	          0	   0	          0	          0	   0	      0	         0	          0	         0	         0	        0	        0	        0	        0	        0	         0	        0	        0	         0	         0	         0	         0	         0	         0	         0	         0	          0	          0	          0	          0	         0	      0	          0	          0	          0	         0	   0	   0	   0	   0	      0	   0	   0	      0	#_581       
 2023	8.8	 8	1	0	1	40	40	      4	          0	   0	      0	          0	       0	         0	         0	        0	        0	       25	        0	        0	        0	        75	         0	         0	         0	         0	         0	         0	         0	         0	         0	         0	          0	          0	          0	          0	          0	          0	          0	          0	          0	      0	         0	          0	          0	      0	          0	   0	          0	          0	   0	      0	         0	          0	         0	         0	        0	        0	        0	        0	        0	         0	        0	        0	         0	         0	         0	         0	         0	         0	         0	         0	          0	          0	          0	          0	         0	      0	          0	          0	          0	         0	   0	   0	   0	   0	      0	   0	   0	      0	#_582       
 2023	8.8	 8	1	0	1	42	42	     11	          0	   0	      0	          0	       0	         0	         0	        0	        0	        0	  9.09091	        0	  9.09091	   9.09091	   18.1818	         0	   9.09091	   45.4545	         0	         0	         0	         0	         0	         0	          0	          0	          0	          0	          0	          0	          0	          0	          0	      0	         0	          0	          0	      0	          0	   0	          0	          0	   0	      0	         0	          0	         0	         0	        0	        0	        0	        0	        0	         0	        0	        0	         0	         0	         0	         0	         0	         0	         0	         0	          0	          0	          0	          0	         0	      0	          0	          0	          0	         0	   0	   0	   0	   0	      0	   0	   0	      0	#_583       
 2023	8.8	 8	1	0	1	44	44	     16	          0	   0	      0	          0	       0	         0	         0	        0	        0	        0	        0	        0	        0	      12.5	      6.25	      12.5	      12.5	     18.75	      6.25	      6.25	      6.25	         0	     18.75	         0	          0	          0	          0	          0	          0	          0	          0	          0	          0	      0	         0	          0	          0	      0	          0	   0	          0	          0	   0	      0	         0	          0	         0	         0	        0	        0	        0	        0	        0	         0	        0	        0	         0	         0	         0	         0	         0	         0	         0	         0	          0	          0	          0	          0	         0	      0	          0	          0	          0	         0	   0	   0	   0	   0	      0	   0	   0	      0	#_584       
 2023	8.8	 8	1	0	1	46	46	     17	          0	   0	      0	          0	       0	         0	         0	        0	        0	        0	        0	        0	  5.88235	   5.88235	   5.88235	   23.5294	         0	         0	   5.88235	   11.7647	         0	   5.88235	   11.7647	   5.88235	    5.88235	    11.7647	          0	          0	          0	          0	          0	          0	          0	      0	         0	          0	          0	      0	          0	   0	          0	          0	   0	      0	         0	          0	         0	         0	        0	        0	        0	        0	        0	         0	        0	        0	         0	         0	         0	         0	         0	         0	         0	         0	          0	          0	          0	          0	         0	      0	          0	          0	          0	         0	   0	   0	   0	   0	      0	   0	   0	      0	#_585       
 2023	8.8	 8	1	0	1	48	48	      4	          0	   0	      0	          0	       0	         0	         0	        0	        0	        0	        0	        0	        0	         0	         0	         0	         0	         0	         0	         0	         0	         0	         0	         0	          0	          0	          0	         25	          0	          0	          0	         25	          0	      0	         0	          0	         25	      0	          0	   0	         25	          0	   0	      0	         0	          0	         0	         0	        0	        0	        0	        0	        0	         0	        0	        0	         0	         0	         0	         0	         0	         0	         0	         0	          0	          0	          0	          0	         0	      0	          0	          0	          0	         0	   0	   0	   0	   0	      0	   0	   0	      0	#_586       
 2023	8.8	 8	1	0	1	50	50	      2	          0	   0	      0	          0	       0	         0	         0	        0	        0	        0	        0	        0	        0	         0	         0	         0	         0	         0	         0	        50	         0	         0	         0	        50	          0	          0	          0	          0	          0	          0	          0	          0	          0	      0	         0	          0	          0	      0	          0	   0	          0	          0	   0	      0	         0	          0	         0	         0	        0	        0	        0	        0	        0	         0	        0	        0	         0	         0	         0	         0	         0	         0	         0	         0	          0	          0	          0	          0	         0	      0	          0	          0	          0	         0	   0	   0	   0	   0	      0	   0	   0	      0	#_587       
 2024	8.8	 8	2	0	1	16	16	      1	          0	   0	      0	          0	       0	         0	         0	        0	        0	        0	        0	        0	        0	         0	         0	         0	         0	         0	         0	         0	         0	         0	         0	         0	          0	          0	          0	          0	          0	          0	          0	          0	          0	      0	         0	          0	          0	      0	          0	   0	          0	          0	 100	      0	         0	          0	         0	         0	        0	        0	        0	        0	        0	         0	        0	        0	         0	         0	         0	         0	         0	         0	         0	         0	          0	          0	          0	          0	         0	      0	          0	          0	          0	         0	   0	   0	   0	   0	      0	   0	   0	      0	#_588       
 2024	8.8	 8	2	0	1	20	20	      2	          0	   0	      0	          0	       0	         0	         0	        0	        0	        0	        0	        0	        0	         0	         0	         0	         0	         0	         0	         0	         0	         0	         0	         0	          0	          0	          0	          0	          0	          0	          0	          0	          0	      0	         0	          0	          0	      0	          0	   0	          0	          0	   0	     50	        50	          0	         0	         0	        0	        0	        0	        0	        0	         0	        0	        0	         0	         0	         0	         0	         0	         0	         0	         0	          0	          0	          0	          0	         0	      0	          0	          0	          0	         0	   0	   0	   0	   0	      0	   0	   0	      0	#_589       
 2024	8.8	 8	2	0	1	22	22	      3	          0	   0	      0	          0	       0	         0	         0	        0	        0	        0	        0	        0	        0	         0	         0	         0	         0	         0	         0	         0	         0	         0	         0	         0	          0	          0	          0	          0	          0	          0	          0	          0	          0	      0	         0	          0	          0	      0	          0	   0	          0	          0	   0	      0	       100	          0	         0	         0	        0	        0	        0	        0	        0	         0	        0	        0	         0	         0	         0	         0	         0	         0	         0	         0	          0	          0	          0	          0	         0	      0	          0	          0	          0	         0	   0	   0	   0	   0	      0	   0	   0	      0	#_590       
 2024	8.8	 8	2	0	1	24	24	      3	          0	   0	      0	          0	       0	         0	         0	        0	        0	        0	        0	        0	        0	         0	         0	         0	         0	         0	         0	         0	         0	         0	         0	         0	          0	          0	          0	          0	          0	          0	          0	          0	          0	      0	         0	          0	          0	      0	          0	   0	          0	          0	   0	      0	       100	          0	         0	         0	        0	        0	        0	        0	        0	         0	        0	        0	         0	         0	         0	         0	         0	         0	         0	         0	          0	          0	          0	          0	         0	      0	          0	          0	          0	         0	   0	   0	   0	   0	      0	   0	   0	      0	#_591       
 2024	8.8	 8	2	0	1	28	28	      3	          0	   0	      0	          0	       0	         0	         0	        0	        0	        0	        0	        0	        0	         0	         0	         0	         0	         0	         0	         0	         0	         0	         0	         0	          0	          0	          0	          0	          0	          0	          0	          0	          0	      0	         0	          0	          0	      0	          0	   0	          0	          0	   0	      0	         0	    33.3333	   66.6667	         0	        0	        0	        0	        0	        0	         0	        0	        0	         0	         0	         0	         0	         0	         0	         0	         0	          0	          0	          0	          0	         0	      0	          0	          0	          0	         0	   0	   0	   0	   0	      0	   0	   0	      0	#_592       
 2024	8.8	 8	2	0	1	30	30	      6	          0	   0	      0	          0	       0	         0	         0	        0	        0	        0	        0	        0	        0	         0	         0	         0	         0	         0	         0	         0	         0	         0	         0	         0	          0	          0	          0	          0	          0	          0	          0	          0	          0	      0	         0	          0	          0	      0	          0	   0	          0	          0	   0	      0	         0	    16.6667	   33.3333	   33.3333	  16.6667	        0	        0	        0	        0	         0	        0	        0	         0	         0	         0	         0	         0	         0	         0	         0	          0	          0	          0	          0	         0	      0	          0	          0	          0	         0	   0	   0	   0	   0	      0	   0	   0	      0	#_593       
 2024	8.8	 8	2	0	1	32	32	      4	          0	   0	      0	          0	       0	         0	         0	        0	        0	        0	        0	        0	        0	         0	         0	         0	         0	         0	         0	         0	         0	         0	         0	         0	          0	          0	          0	          0	          0	          0	          0	          0	          0	      0	         0	          0	          0	      0	          0	   0	          0	          0	   0	      0	         0	          0	         0	         0	       75	       25	        0	        0	        0	         0	        0	        0	         0	         0	         0	         0	         0	         0	         0	         0	          0	          0	          0	          0	         0	      0	          0	          0	          0	         0	   0	   0	   0	   0	      0	   0	   0	      0	#_594       
 2024	8.8	 8	2	0	1	34	34	      8	          0	   0	      0	          0	       0	         0	         0	        0	        0	        0	        0	        0	        0	         0	         0	         0	         0	         0	         0	         0	         0	         0	         0	         0	          0	          0	          0	          0	          0	          0	          0	          0	          0	      0	         0	          0	          0	      0	          0	   0	          0	          0	   0	      0	         0	          0	         0	      12.5	     37.5	       50	        0	        0	        0	         0	        0	        0	         0	         0	         0	         0	         0	         0	         0	         0	          0	          0	          0	          0	         0	      0	          0	          0	          0	         0	   0	   0	   0	   0	      0	   0	   0	      0	#_595       
 2024	8.8	 8	2	0	1	36	36	     31	          0	   0	      0	          0	       0	         0	         0	        0	        0	        0	        0	        0	        0	         0	         0	         0	         0	         0	         0	         0	         0	         0	         0	         0	          0	          0	          0	          0	          0	          0	          0	          0	          0	      0	         0	          0	          0	      0	          0	   0	          0	          0	   0	      0	         0	          0	         0	   6.45161	  22.5806	  58.0645	  9.67742	  3.22581	        0	         0	        0	        0	         0	         0	         0	         0	         0	         0	         0	         0	          0	          0	          0	          0	         0	      0	          0	          0	          0	         0	   0	   0	   0	   0	      0	   0	   0	      0	#_596       
 2024	8.8	 8	2	0	1	38	38	     42	          0	   0	      0	          0	       0	         0	         0	        0	        0	        0	        0	        0	        0	         0	         0	         0	         0	         0	         0	         0	         0	         0	         0	         0	          0	          0	          0	          0	          0	          0	          0	          0	          0	      0	         0	          0	          0	      0	          0	   0	          0	          0	   0	      0	         0	          0	         0	         0	  14.2857	  30.9524	  11.9048	        0	  9.52381	   7.14286	  9.52381	   4.7619	   2.38095	   2.38095	         0	   2.38095	   2.38095	         0	   2.38095	         0	          0	          0	          0	          0	         0	      0	          0	          0	          0	         0	   0	   0	   0	   0	      0	   0	   0	      0	#_597       
 2024	8.8	 8	2	0	1	40	40	     39	          0	   0	      0	          0	       0	         0	         0	        0	        0	        0	        0	        0	        0	         0	         0	         0	         0	         0	         0	         0	         0	         0	         0	         0	          0	          0	          0	          0	          0	          0	          0	          0	          0	      0	         0	          0	          0	      0	          0	   0	          0	          0	   0	      0	         0	          0	         0	         0	   2.5641	   2.5641	  5.12821	   2.5641	  10.2564	   5.12821	   2.5641	        0	   7.69231	   12.8205	   7.69231	   5.12821	   5.12821	   10.2564	   5.12821	   7.69231	          0	    5.12821	     2.5641	          0	         0	      0	          0	          0	          0	         0	   0	   0	   0	   0	      0	   0	   0	      0	#_598       
 2024	8.8	 8	2	0	1	42	42	     21	          0	   0	      0	          0	       0	         0	         0	        0	        0	        0	        0	        0	        0	         0	         0	         0	         0	         0	         0	         0	         0	         0	         0	         0	          0	          0	          0	          0	          0	          0	          0	          0	          0	      0	         0	          0	          0	      0	          0	   0	          0	          0	   0	      0	         0	          0	         0	         0	        0	        0	        0	   4.7619	        0	         0	        0	        0	   9.52381	    4.7619	   9.52381	    4.7619	         0	   9.52381	    4.7619	    4.7619	    9.52381	    9.52381	    19.0476	          0	    4.7619	      0	          0	     4.7619	          0	         0	   0	   0	   0	   0	      0	   0	   0	      0	#_599       
 2024	8.8	 8	2	0	1	44	44	      9	          0	   0	      0	          0	       0	         0	         0	        0	        0	        0	        0	        0	        0	         0	         0	         0	         0	         0	         0	         0	         0	         0	         0	         0	          0	          0	          0	          0	          0	          0	          0	          0	          0	      0	         0	          0	          0	      0	          0	   0	          0	          0	   0	      0	         0	          0	         0	         0	        0	        0	        0	        0	        0	         0	        0	        0	         0	         0	         0	         0	         0	         0	         0	   22.2222	          0	    11.1111	          0	    22.2222	   11.1111	      0	    22.2222	          0	          0	         0	   0	   0	   0	   0	      0	   0	   0	11.1111	#_600       
 2024	8.8	 8	2	0	1	48	48	      2	          0	   0	      0	          0	       0	         0	         0	        0	        0	        0	        0	        0	        0	         0	         0	         0	         0	         0	         0	         0	         0	         0	         0	         0	          0	          0	          0	          0	          0	          0	          0	          0	          0	      0	         0	          0	          0	      0	          0	   0	          0	          0	   0	      0	         0	          0	         0	         0	        0	        0	        0	        0	        0	         0	        0	        0	         0	         0	         0	         0	        50	         0	         0	         0	          0	          0	          0	          0	         0	      0	          0	          0	          0	         0	   0	  50	   0	   0	      0	   0	   0	      0	#_601       
 2024	8.8	 8	1	0	1	22	22	      4	          0	   0	      0	        100	       0	         0	         0	        0	        0	        0	        0	        0	        0	         0	         0	         0	         0	         0	         0	         0	         0	         0	         0	         0	          0	          0	          0	          0	          0	          0	          0	          0	          0	      0	         0	          0	          0	      0	          0	   0	          0	          0	   0	      0	         0	          0	         0	         0	        0	        0	        0	        0	        0	         0	        0	        0	         0	         0	         0	         0	         0	         0	         0	         0	          0	          0	          0	          0	         0	      0	          0	          0	          0	         0	   0	   0	   0	   0	      0	   0	   0	      0	#_602       
 2024	8.8	 8	1	0	1	24	24	      3	          0	   0	      0	        100	       0	         0	         0	        0	        0	        0	        0	        0	        0	         0	         0	         0	         0	         0	         0	         0	         0	         0	         0	         0	          0	          0	          0	          0	          0	          0	          0	          0	          0	      0	         0	          0	          0	      0	          0	   0	          0	          0	   0	      0	         0	          0	         0	         0	        0	        0	        0	        0	        0	         0	        0	        0	         0	         0	         0	         0	         0	         0	         0	         0	          0	          0	          0	          0	         0	      0	          0	          0	          0	         0	   0	   0	   0	   0	      0	   0	   0	      0	#_603       
 2024	8.8	 8	1	0	1	26	26	      1	          0	   0	      0	          0	     100	         0	         0	        0	        0	        0	        0	        0	        0	         0	         0	         0	         0	         0	         0	         0	         0	         0	         0	         0	          0	          0	          0	          0	          0	          0	          0	          0	          0	      0	         0	          0	          0	      0	          0	   0	          0	          0	   0	      0	         0	          0	         0	         0	        0	        0	        0	        0	        0	         0	        0	        0	         0	         0	         0	         0	         0	         0	         0	         0	          0	          0	          0	          0	         0	      0	          0	          0	          0	         0	   0	   0	   0	   0	      0	   0	   0	      0	#_604       
 2024	8.8	 8	1	0	1	32	32	      2	          0	   0	      0	          0	       0	        50	         0	        0	       50	        0	        0	        0	        0	         0	         0	         0	         0	         0	         0	         0	         0	         0	         0	         0	          0	          0	          0	          0	          0	          0	          0	          0	          0	      0	         0	          0	          0	      0	          0	   0	          0	          0	   0	      0	         0	          0	         0	         0	        0	        0	        0	        0	        0	         0	        0	        0	         0	         0	         0	         0	         0	         0	         0	         0	          0	          0	          0	          0	         0	      0	          0	          0	          0	         0	   0	   0	   0	   0	      0	   0	   0	      0	#_605       
 2024	8.8	 8	1	0	1	34	34	      8	          0	   0	      0	          0	       0	         0	      12.5	       50	     37.5	        0	        0	        0	        0	         0	         0	         0	         0	         0	         0	         0	         0	         0	         0	         0	          0	          0	          0	          0	          0	          0	          0	          0	          0	      0	         0	          0	          0	      0	          0	   0	          0	          0	   0	      0	         0	          0	         0	         0	        0	        0	        0	        0	        0	         0	        0	        0	         0	         0	         0	         0	         0	         0	         0	         0	          0	          0	          0	          0	         0	      0	          0	          0	          0	         0	   0	   0	   0	   0	      0	   0	   0	      0	#_606       
 2024	8.8	 8	1	0	1	36	36	     12	          0	   0	      0	          0	       0	         0	         0	        0	  91.6667	  8.33333	        0	        0	        0	         0	         0	         0	         0	         0	         0	         0	         0	         0	         0	         0	          0	          0	          0	          0	          0	          0	          0	          0	          0	      0	         0	          0	          0	      0	          0	   0	          0	          0	   0	      0	         0	          0	         0	         0	        0	        0	        0	        0	        0	         0	        0	        0	         0	         0	         0	         0	         0	         0	         0	         0	          0	          0	          0	          0	         0	      0	          0	          0	          0	         0	   0	   0	   0	   0	      0	   0	   0	      0	#_607       
 2024	8.8	 8	1	0	1	38	38	     21	          0	   0	      0	          0	       0	         0	    4.7619	  14.2857	   52.381	  9.52381	   4.7619	  14.2857	        0	         0	         0	         0	         0	         0	         0	         0	         0	         0	         0	         0	          0	          0	          0	          0	          0	          0	          0	          0	          0	      0	         0	          0	          0	      0	          0	   0	          0	          0	   0	      0	         0	          0	         0	         0	        0	        0	        0	        0	        0	         0	        0	        0	         0	         0	         0	         0	         0	         0	         0	         0	          0	          0	          0	          0	         0	      0	          0	          0	          0	         0	   0	   0	   0	   0	      0	   0	   0	      0	#_608       
 2024	8.8	 8	1	0	1	40	40	     10	          0	   0	      0	          0	       0	         0	         0	       10	       20	       10	       30	       20	       10	         0	         0	         0	         0	         0	         0	         0	         0	         0	         0	         0	          0	          0	          0	          0	          0	          0	          0	          0	          0	      0	         0	          0	          0	      0	          0	   0	          0	          0	   0	      0	         0	          0	         0	         0	        0	        0	        0	        0	        0	         0	        0	        0	         0	         0	         0	         0	         0	         0	         0	         0	          0	          0	          0	          0	         0	      0	          0	          0	          0	         0	   0	   0	   0	   0	      0	   0	   0	      0	#_609       
 2024	8.8	 8	1	0	1	42	42	     23	          0	   0	      0	          0	       0	         0	         0	        0	  4.34783	  21.7391	  4.34783	  30.4348	        0	   13.0435	   8.69565	         0	         0	   4.34783	   4.34783	   4.34783	   4.34783	         0	         0	         0	          0	          0	          0	          0	          0	          0	          0	          0	          0	      0	         0	          0	          0	      0	          0	   0	          0	          0	   0	      0	         0	          0	         0	         0	        0	        0	        0	        0	        0	         0	        0	        0	         0	         0	         0	         0	         0	         0	         0	         0	          0	          0	          0	          0	         0	      0	          0	          0	          0	         0	   0	   0	   0	   0	      0	   0	   0	      0	#_610       
 2024	8.8	 8	1	0	1	44	44	     30	          0	   0	      0	          0	       0	         0	         0	        0	  6.66667	  6.66667	  3.33333	        0	        0	   3.33333	   3.33333	   13.3333	   13.3333	   6.66667	   13.3333	   3.33333	   6.66667	   6.66667	   6.66667	         0	          0	    3.33333	          0	          0	    3.33333	          0	          0	          0	          0	      0	         0	          0	          0	      0	          0	   0	          0	          0	   0	      0	         0	          0	         0	         0	        0	        0	        0	        0	        0	         0	        0	        0	         0	         0	         0	         0	         0	         0	         0	         0	          0	          0	          0	          0	         0	      0	          0	          0	          0	         0	   0	   0	   0	   0	      0	   0	   0	      0	#_611       
 2024	8.8	 8	1	0	1	46	46	     27	          0	   0	      0	          0	       0	         0	         0	        0	        0	   3.7037	        0	   3.7037	   3.7037	         0	    3.7037	   7.40741	   7.40741	   7.40741	   7.40741	   11.1111	    3.7037	   25.9259	   7.40741	    3.7037	          0	     3.7037	          0	          0	          0	          0	          0	          0	          0	      0	         0	          0	          0	      0	          0	   0	          0	          0	   0	      0	         0	          0	         0	         0	        0	        0	        0	        0	        0	         0	        0	        0	         0	         0	         0	         0	         0	         0	         0	         0	          0	          0	          0	          0	         0	      0	          0	          0	          0	         0	   0	   0	   0	   0	      0	   0	   0	      0	#_612       
 2024	8.8	 8	1	0	1	48	48	     18	          0	   0	      0	          0	       0	         0	         0	        0	        0	        0	        0	        0	        0	         0	         0	   5.55556	         0	         0	         0	   22.2222	         0	   11.1111	   5.55556	   5.55556	    5.55556	    5.55556	    11.1111	    5.55556	    5.55556	    5.55556	          0	    5.55556	          0	5.55556	         0	          0	          0	      0	          0	   0	          0	          0	   0	      0	         0	          0	         0	         0	        0	        0	        0	        0	        0	         0	        0	        0	         0	         0	         0	         0	         0	         0	         0	         0	          0	          0	          0	          0	         0	      0	          0	          0	          0	         0	   0	   0	   0	   0	      0	   0	   0	      0	#_613       
 2024	8.8	 8	1	0	1	50	50	      8	          0	   0	      0	          0	       0	         0	         0	        0	        0	        0	        0	        0	        0	         0	         0	         0	         0	         0	         0	         0	         0	      12.5	         0	         0	          0	         25	       12.5	          0	          0	       12.5	          0	       12.5	       12.5	   12.5	         0	          0	          0	      0	          0	   0	          0	          0	   0	      0	         0	          0	         0	         0	        0	        0	        0	        0	        0	         0	        0	        0	         0	         0	         0	         0	         0	         0	         0	         0	          0	          0	          0	          0	         0	      0	          0	          0	          0	         0	   0	   0	   0	   0	      0	   0	   0	      0	#_614       
 2024	8.8	 8	1	0	1	52	52	      5	          0	   0	      0	          0	       0	         0	         0	        0	        0	        0	        0	        0	        0	         0	         0	         0	         0	         0	         0	         0	        20	         0	         0	         0	          0	          0	          0	          0	          0	         20	          0	          0	         20	      0	         0	          0	          0	     40	          0	   0	          0	          0	   0	      0	         0	          0	         0	         0	        0	        0	        0	        0	        0	         0	        0	        0	         0	         0	         0	         0	         0	         0	         0	         0	          0	          0	          0	          0	         0	      0	          0	          0	          0	         0	   0	   0	   0	   0	      0	   0	   0	      0	#_615       
 2024	8.8	 8	1	0	1	54	54	      1	          0	   0	      0	          0	       0	         0	         0	        0	        0	        0	        0	        0	        0	         0	         0	         0	         0	         0	         0	         0	         0	         0	         0	         0	          0	          0	          0	          0	          0	        100	          0	          0	          0	      0	         0	          0	          0	      0	          0	   0	          0	          0	   0	      0	         0	          0	         0	         0	        0	        0	        0	        0	        0	         0	        0	        0	         0	         0	         0	         0	         0	         0	         0	         0	          0	          0	          0	          0	         0	      0	          0	          0	          0	         0	   0	   0	   0	   0	      0	   0	   0	      0	#_616       
-9999	  0	 0	0	0	0	 0	 0	      0	          0	   0	      0	          0	       0	         0	         0	        0	        0	        0	        0	        0	        0	         0	         0	         0	         0	         0	         0	         0	         0	         0	         0	         0	          0	          0	          0	          0	          0	          0	          0	          0	          0	      0	         0	          0	          0	      0	          0	   0	          0	          0	   0	      0	         0	          0	         0	         0	        0	        0	        0	        0	        0	         0	        0	        0	         0	         0	         0	         0	         0	         0	         0	         0	          0	          0	          0	          0	         0	      0	          0	          0	          0	         0	   0	   0	   0	   0	      0	   0	   0	      0	#_terminator
#
#_MeanSize_at_Age_obs
0 #_use_MeanSize_at_Age_obs
0 #_N_environ_variables
0 #_N_sizefreq_methods
0 #_do_tags
0 #_morphcomp_data
0 #_use_selectivity_priors
#
999
